Era,Poem,Romaji,My translation,俳人,Poet,Dates,Season,Kigo,Original source ,Modern Source,Notes,Maegaki,NKBZ,俳句大観,名歌名句辞典,俳句の歴史,現代俳句,自選自解,蝸牛,古典俳句,Ueda Haiku,Keene World,Keene Dawn,Blyth Haiku,Blyth History,Fay Aoyagi,English Saijiki,21 Century,Other translation,Saijiki priority
Edo,北野どの御すきものや梅の花,"kitano-dono                
onsuki no mono ya        
ume no hana         ","What the Lord of Kitano
most enjoys
are plum blossoms.",詠み人知らず,Anonymous,1400,Spring,"梅 【うめ】 ume, （sometimes むめ mume）, plum (blossoms) [technically, the ""Japanese apricot"", Prunus mume; but this has almost always been translated ""plum"" for literary purposes] (early spring).",Hobbyhorse Collection of Mad Poems,,,test,test source,,,,,,,,test,,,,,,,,,
Edo,かめにさす柳のさけやつくりばな,"kame ni sasu
yanagi no sake ya
tsukuribana","a willow branch thrust
into the vase—is it sake
or a paper flower?",詠み人知らず,Anonymous,1400,Spring,"柳 【やなぎ】 yanagi, willow(s) / weeping willow(s) (late spring).",,,,,,,,,,,,,,,,,,,,,,
Edo,春雨にあらいてけづれ柳がみ,"harusame ni 
araite kezure
yanagi gami","Spring rain
washing, combing
the willow hair.",詠み人知らず,Anonymous,1633,Spring,"春雨 【はるさめ】 harusame, spring rain (all spring).",Puppy Collection,,,,,,,,,,,,,,,,,,,,,
Edo,気力なしと誰かは見ましこぶ柳　,"kiryoku nashi to
dare kawa mimashi
kobu yanagi","No power—
who would see that in
a swelling willow?",詠み人知らず,Anonymous,1633,Spring,"柳 【やなぎ】 yanagi, willow(s) / weeping willow(s) (late spring).",Puppy Collection,,,,,,,,,,,,,,,,,,,,,
Edo,世にふるも更に時雨の宿りかな,"yo ni furu mo
sara ni shigure no
yadori kana","enduring this world
while all along the winter rain
falls on my shelter",宗祇,Sōgi,1448-1532,Spring,"春雨 【はるさめ】 harusame, spring rain (all spring).",,,,,,,,,,,,,,,,,,,,,,
Edo,雪ながら山本かすむ夕べかな,"yuki nagara
yama moto kasumu 
yube kana","still bearing snow
the foothills of the mountain
wrap in evening haze",宗祇,Sōgi,1448-1532,Spring,"雪 【ゆき】 yuki, snow. / 霞 【かすみ】 kasumi, (spring) mist [frequently translated ""haze""; see note ""On Haze, Mist, Fog""] (all spring).",,,Snow lingering while the foothills haze over—classic late-spring juxtaposition.,,,,,,,,,,,,,,,,,,,
Edo,菫咲く野はいくすじの春の水,"sumire saku
no wa ikusuji no
haru no mizu","violet fields—
how many streamlets run
through the spring water",宗長 ,Sōgi,1448-1532,Spring,"菫 【すみれ】 sumire, violet(s) [Viola mandshurica] (all spring).",,,,,,,,,,,,,,,,,,,,,,
Edo,にがにがしいつ迄嵐ふきのたう,"niganigashi
itsu made arashi fuki no tō  
fuki no tō  ","till when will
the bitter winds blow 
butterbur pot",山崎宗鑑,Yamazaki Sōkan ,1464 –1552,Spring,ふきのたう (butterbur),Utatushū (卯辰集),NKBZ　近世発句俳文集,"ふきのたう (fuki no tō) is the butterbur shoot, a spring kigo. Bitterness of wind plays against the bitterness of the shoot.",,,,,,,,,,,,,,,,,,,
Edo,手をついて歌申しあぐる蛙かな,"te wo tsuite 
uta mōshi aguru 
kawazu kana","with hands supplicated
reciting a song
a frog:",山崎宗鑑,Yamazaki Sōkan ,1464 –1552,Spring,"蛙 【かわず】 kawazu, （かはづ）, frog(s) [note that this is a literary word] (all spring).",Arano (曠野),NKBZ　近世発句俳文集,"his poem is also included in 『歴代滑稽伝』『温故集』『俳諧古選』『俳家奇人談』, but we can not be should that it is in fact Sokan’s poem.  However, it is considered to be on of his masterpieces.  Arano was published in 1689, the year that Bashō left on his journey to the deep north.  This collection was published with the idea of opposing Teimon haikai which had wildly broken all of the traditions of haikai, so this poem by the founder of haikai fit perfectly with the ideal of the editors.",,,,,,,,,,,,,,,,,,,
Edo,すゞしさや水に柳のかげ法師,"suzushisa ya 
mizu ni yanagi no
kage-bōshi","how cool-
on the water, the willows’
silhouettes",山崎宗鑑,Yamazaki Sōkan ,1464 –1552,Summer,"柳 【やなぎ】 yanagi, willow(s) / weeping willow(s) (late spring).",,NKBZ　近世発句俳文集,"Willow is a spring kigo, but 涼しさ suzushisa (coolness) is a summer kigo; this is classified as summer.",,,,,,,,,,,,,,,,,,"Willow is a spring season word, but in this case coolness, a summer word, is the main season word, so this is considered to be a summer poem.",
Edo,うづきゝてねぶとに鳴けや郭公,"uzuki kite 
nebuto ni nake ya 
Hototogisu","the deutzia moon has come
sing in a loud voice 
hototogisu",山崎宗鑑,Yamazaki Sōkan ,1464 –1552,Summer,"郭公 【ほととぎす】 hototogisu, little cuckoo (all summer).",,NKBZ　近世発句俳文集,卯月 (uzuki) is the fourth lunar month (early summer). ねぶと (nebuto) = boil/carbuncle.,,,,,,,,,,,,,,,,,,"acheing
carbuncle cry
hototogisu",
Edo,きえにけりこれぞまことの雪ぼとけ,"kie ni keri
kore zo makoto no
yuki botoke","it has vanished—
this was the true form
of the snow Buddha",山崎宗鑑,Yamazaki Sōkan ,1464 –1552,Winter,"雪仏 【ゆきぼとけ】 yuki botoke, snow Buddha (winter).",,,A snow effigy of the Buddha that melts away—Buddhist impermanence (無常 mujō).,,,,,,,,,,,,,,,,,,,
Edo,月にえをさしたらばよき団哉,"tsuki ni 
e wo sasitaraba yoki
utiwa kana","if this moon
had a handle 
a fine fan!",山崎宗鑑,Yamazaki Sōkan ,1464 –1552,Summer,"団扇 【うちわ】 uchiwa, （うちは）, (round) fan [usually made of lightly framed paper glued to a handle] (all summer).",,NKBZ　近世発句俳文集,Playful conceit: if the full moon had a handle it would make a perfect fan.,,,,,,,,,,,,,,,,,,,
Edo,風寒し破れ障子の神無月,"kaze samushi 
yabure shōji no 
kaminazuki","cold wind
ripped shoji screen
godless month",山崎宗鑑,Yamazaki Sōkan ,1464 –1552,Winter,"神無月 【かんなづき】 kannazuki, 10th lunar month [literally ""gods-absent month""; approximately November] (early winter).",,,神無月 refers to the tenth lunar month when the gods leave for Izumo; broken shoji screens add to the chill.,,,,,,,,,,,,,,,,,,,
Edo,満丸に出でてもながき春日かな,"manmaru ni 
idetemo nagaki
haru-bi kana","thou rising roundly
the sun elongates 
on long spring days:",山崎宗鑑,Yamazaki Sōkan ,1464 –1552,Spring,"春日 【はるひ】 haruhi, a day in spring / spring day / spring sun [either or both meanings simultaneously, depending on context] (all spring).",,,"満丸に (manmaru ni) = roundly, perfectly round—the sun rising full and round on a long spring day.",,,,,,,,,,,,,,,,,,,
Edo,さむくともひになあたりそ雪仏,"samuku tomo
hi ni na atari so
yuki hotoke","even if you’re cold
don’t warm yourself by the fire
snowman",山崎宗鑑,Yamazaki Sōkan ,1464 –1552,Winter,"雪仏 【ゆきぼとけ】 yuki botoke, snow Buddha (winter).",,NKBZ　近世発句俳文集,Companion piece to Row 13. Comic warning: do not warm yourself by the fire or the snow Buddha will melt.,,,,,,,,,,,,,,,,,,,
Edo,飛梅やかろがろしくも神の春,"tobi ume ya  
karogaroshiku mo  
kami no haru ","Flying plum—
lightly, lightly,
the god’s spring.",荒木田 守武,Arakida Moritake,1473 –1549 ,Spring,"梅 【うめ】 ume, （sometimes むめ mume）, plum (blossoms) [technically, the ""Japanese apricot"", Prunus mume; but this has almost always been translated ""plum"" for literary purposes] (early spring).",,NKBZ　近世発句俳文集,,,,,,,,,,,,,,,,,,,flying plum and spring (spring),
Edo,元朝や神代のことも思はるゝ,"ganchō ya
kamiyo no koto mo
Omowaruru","New year's morning—
the age of the gods
are in my thoughts",荒木田 守武,Arakida Moritake,1473 –1549 ,New Year,"元朝 【がんちょう】 ganchō, New Year's morning (New Year).",,NKBZ　近世発句俳文集,The age of the gods (神代 kamiyo) brought to mind on New Year's morning.,,,,,,,,,,,,,,,,,,cold plum (winter),
Edo,青柳まゆかくきしのひたひかな,"aoyanagi
mayukakukishi no
hitai kana","emerald willow
the bank is the forehead
on which eyebrows are drawn ",荒木田 守武,Arakida Moritake,1473 –1549 ,Spring,"柳 【やなぎ】 yanagi, willow(s) / weeping willow(s) (late spring).",,NKBZ　近世発句俳文集,,,,,,,,,,,,,,,,,,,,
Edo,落花枝にかへると見れば胡蝶哉,"rakuka eda ni
kaeru to mireba
kochō kana","falling blossoms 
appear to return to the boughs
butterflies  ",荒木田 守武,Arakida Moritake,1473 –1549 ,Spring,"落花 【らっか】 rakka, （らくくわ）, falling (cherry) blossoms (late spring).",,NKBZ　近世発句俳文集,Famous conceit: falling petals appear to return to the branch—only to reveal themselves as butterflies.,,,,,,,,,,,,,,,,,,,
Edo,夏の夜は明くれどあかぬまぶた哉,"natsu no yo ha
akuredo akanu
mabuta kana","summer nights
dawn but eyelids
can't open",荒木田 守武,Arakida Moritake,1473 –1549 ,Summer,"夏の夜 【なつのよ】 natsu no yo, summer night (all summer).",,NKBZ　近世発句俳文集,Comic poem playing on 花 hana (blossom) and 鼻 hana (nose)—the nose has fragrance surpassing flowers.,,,,,,,,,,,,,,,,,,,
Edo,かささぎや今日久かたの雨の川,"kasasagi ya
kyō hisakata no
ama no kawa","magpie bridge—
today the sky's long river
rains down upon it",荒木田 守武,Arakida Moritake,1473 –1549 ,Autumn,"天の川 【あまのがわ】 ama-no-gawa, Milky Way (mid autumn).",,俳句の歴史,Tanabata imagery: the magpie bridge (鵲橋) of Chinese legend that spans the Milky Way.,,,,,,,,,,,,,,,,,,,
Edo,花よりも鼻ありけるにほひかな,"hana yori mo
hana ari keru
niohi kana","more than blossoms—
it was here all along,
this fragrant nose",荒木田 守武,Arakida Moritake,1473 –1549 ,Spring,"花 【はな】 hana, (cherry) blossoms [in haiku and haikai the simple word hana 花 refers to cherry blossoms, as do all kigo listed here; but note that in Manyōshū and some other early poetry hana was understood as referring to ume 梅【うめ】plum blossoms, an early spring topic] (late spring).",,俳句の歴史,Comic wordplay on 花 (blossom) and 鼻 (nose). The nose wins out over blossoms in the fragrance contest.,,,,,,,,,,,,,,,,,,,
Edo,春立つやにほんめでたき門の松,"haru tatsu ya
nihon medetaki
kado no matsu","twin pines stand auspiciously
as Japan celebrates
the dawning of spring ",斎藤 徳元,Saito Tokugen,1559-1647,Spring,"春立つ 【はるたつ】 haru tatsu, spring begins.",Puppy Collection,ＮKBZ 近世俳句俳文集,,,,,,,,,,,,,,,,,,,,
Edo,足もとのよきをぞとらんよめが萩,"ashi moto no
yoki wo zo toran
yome ha hagi","you oughta pick 
supple limbed bride clover
right underfoot",斎藤 徳元,Saito Tokugen,1559-1647,New Year,bride clover,Mountain Well,ＮKBZ 近世俳句俳文集,,,,,,,,,,,,,,,,,,,,
Edo,しし舞もせよやぼたんの花見酒,"shishi mai mo
se you ya botan no
hanami-zake","dance that lion 
dance— among peony blossoms
sipping blossom-viewing sake ",斎藤 徳元,Saito Tokugen,1559-1647,Summer,"牡丹 【ぼたん】 botan, tree peony (early summer).",Puppy Collection,ＮKBZ 近世俳句俳文集,,,,,,,,,,,,,,,,,,,,
Edo,あきなひか空ねも高き杜宇,"akinai ka
sora ne mo takaki
hototogisu ","that’s business, I guess 
inflating the asking price
the cuckoo

will I ever tire
of your sharp call high in the sky
cuckoo",斎藤 徳元,Saito Tokugen,1559-1647,Summer,"子規 【ほととぎす】 hototogisu, little cuckoo.",Puppy Collection,ＮKBZ 近世俳句俳文集,,,,,,,,,,,,,,,,,,,,
Edo,身にしむや香炉の煙秋の風,"mi ni shimu ya
karō no kemuri
aki no kaze","piercing into me— 
smoke from the incense burner blown 
by the autumn wind",斎藤 徳元,Saito Tokugen,1559-1647,Autumn ,"秋風 【あきかぜ】 akikaze, autumn breeze / autumn wind [carries with it the sound of rustling leaves] (all autumn).",Puppy Collection,ＮKBZ 近世俳句俳文集,,,,,,,,,,,,,,,,,,,,
Edo,一はつの 花や夏野の きのうけふ,"ichi hatsu no
hana ya natsuno no
kinō kyō","first iris blooms—
yesterday and today
the summer meadow",斎藤 徳元,Saito Tokugen,1559-1647,Summer,"一初 【いちはつ】 ichi-hatsu, iris [Iris tectorum] (early summer).",,ＮKBZ 近世俳句俳文集,"一初 (ichihatsū) is the first iris to bloom, marking the transition into summer. 夏野 (natsuno) = summer field.",,,,,,,,,,,,,,,,,,,
Edo,鮎膾藍より青き蓼酢かな,"ayu namasu
ai yori aoki 
tade zu kana ","sweet fish salad
bluer than indigo
nettle vinegar ",斎藤 徳元,Saito Tokugen,1559-1647,Summer,"鮎 【あゆ】 ayu, sweet fish / ayu (all summer).",,俳句大観,蓼酢 (tadezu) = smartweed vinegar sauce for ayu. 蓼 (tade) also a summer kigo.,,,,,,,,,,,,,,,,,,,
Edo,今まではいきたはごとを月夜かな,"ima made wa
ikita wa goto wo
tsukiyo kana","until just now
everything felt like a dream—
a moonlit night",斎藤 徳元,Saito Tokugen,1559-1647,Autumn,"月 【つき】 tsuki, moon (mid autumn).",,俳句大観,"The moon as metaphor for dreamlike existence. まで (made) = until now, suggesting a sudden awakening.",,,,,,,,,,,,,,,,,,,
Edo,唐人も渡るや霜の日本橋,"toujin mo
wataru ya shimo no
nihonbashi","even the foreign merchants
cross it—Nihonbashi
in the frost",斎藤 徳元,Saito Tokugen,1559-1647,Winter,"霜 【しも】 shimo, frost (mid winter).",,俳句大観,Nihonbashi in frost. 唐人 (tōjin) = Chinese/foreign merchant; the bridge as cosmopolitan meeting point.,,,,,,,,,,,,,,,,,,,
Edo,口切に時雨を知らぬ青茶かな,"kuchikiri ni
shigure wo shiranu
aojya kana","the season's first tea—
this pale green, ignorant
of the winter rain",斎藤 徳元,Saito Tokugen,1559-1647,Winter,"口切 【くちきり】 kuchikiri, opening of the tea jar (early winter).",,俳句大観,口切 (kuchikiri) is the ceremony of opening the new year's tea jar—an early winter tea-ceremony kigo. 時雨 shigure = winter drizzle.,,,,,,,,,,,,,,,,,,,
Edo,煙にもすすけず白し富士の雪,"kemuri ni mo
susukenu shiroshi
Fuji no yuki","not even smoke
can darken it—white
snow on Fuji",斎藤 徳元,Saito Tokugen,1559-1647,Winter,"雪 【ゆき】 yuki, snow (all winter).",,俳句大観,富士 (Fuji) snow so pure even smoke cannot stain it.,,,,,,,,,,,,,,,,,,,
Edo,五月雨の晴れて犬なく日和かな,"samidare no
harete inu naku
hiyori kana","the long rains clear—
a dog barks into
the fine weather",斎藤 徳元,Saito Tokugen,1559-1647,Summer,"五月雨 【さみだれ】 samidare, early summer rains / monsoon (mid summer).",,俳句大観,五月雨 (samidare) = the prolonged early summer rains. A dog barks when they finally clear.,,,,,,,,,,,,,,,,,,,
Edo,諸行無常聞くや林鐘の声,"shogyo mujo
kiku ya rinsho no
koe","all things must pass—
so I hear in the tolling
of the summer bell",斎藤 徳元,Saito Tokugen,1559-1647,Summer,"林鐘 【りんしょう】 rinshō, sixth-month bell tone (mid summer).",,俳句大観,"林鐘 is the musical note associated with the sixth lunar month (midsummer). 諸行無常 (shōgyō mujō) = Buddhist ""all things are impermanent.""",,,,,,,,,,,,,,,,,,,
Edo,たぎりてや湯玉たばしる霰釜,"tagiri te ya
tama tobashiru
arare kama","how it boils—
hail beads scatter and fly
from the kettle",斎藤 徳元,Saito Tokugen,1559-1647,Winter,"霰 【あられ】 arare, snow pellets [often given in dictionaries, and therefore mistranslated, as ""hail""--which is 雹【ひょう】 hyō--a summer phenomenon] (all winter).",,俳句大観,霰釜 (arare-gama) = a hail-patterned tea kettle. 湯玉 (tama) = water beads from boiling—pun on hail.,,,,,,,,,,,,,,,,,,,
Edo,人魂か魂祭る野に飛ぶ蛍,"hitodama ka
tamamatsuru no ni
tobu hotaru","a wandering soul?
in the fields of the bon festival
a firefly drifts",斎藤 徳元,Saito Tokugen,1559-1647,Summer,"蛍 【ほたる】 hotaru, firefly / fireflies (mid summer).",,俳句大観,人魂 (hitodama) = will-o'-the-wisp / wandering soul. Bon festival association; fireflies as the souls of the dead.,,,,,,,,,,,,,,,,,,,
Edo,武蔵野の雪ころばしか富士の山,"musashino no
yuki korobashi ka
Fuji no yama","Musashino's snow
rolling down, is it?
Mount Fuji",斎藤 徳元,Saito Tokugen,1559-1647,Winter,"雪 【ゆき】 yuki, snow (all winter).",,俳句大観,Musashino plain snow rolling toward Fuji—playful image of snow sliding off the plain to gather on the peak.,,,,,,,,,,,,,,,,,,,
Edo,槍梅の散らしかかるこだちかな,"yari ume no
chirashi kakaru
kodachi kana","scattered plum blossoms
drop upon the thrusting grove
of young trees",斎藤 徳元,Saito Tokugen,1559-1647,Spring,"梅 【うめ】 ume, （sometimes むめ mume）, plum (blossoms) [technically, the ""Japanese apricot"", Prunus mume; but this has almost always been translated ""plum"" for literary purposes] (early spring).",,俳句大観,槍梅 (yari ume) = spear-shaped plum branch variety. Petals scattering over a grove of young trees.,,,,,,,,,,,,,,,,,,,
Edo,霞さへまだらにたつやとらの年,"kasumi sae
madara ni tatsu ya
tora no toshi","even the mist
is decked in stripes
year of the tiger ",松永貞徳,Matsunaga Teitoku,1571-1654,Spring,"霞 【かすみ】 kasumi, (spring) mist [frequently translated ""haze""; see note ""On Haze, Mist, Fog""] (all spring).",Puppy Collection,ＮKBZ 近世俳句俳文集,,,,,,,,,,,,,,,,,,,,
Edo,鳳凰も出でよのどけきとりの年,"hōō mo ide 
nodokeki 
tori no toshi","may even phoenixes
come out this calm
year of the bird",松永貞徳,Matsunaga Teitoku,1571-1654,New year,"【のどけし】 nodokeshi, tranquil.",Puppy Collection,ＮKBZ 近世俳句俳文集,,,,,,,,,,,,,,,,,,,,
Edo,花よりも団子やありて帰る雁,"hana yori mo
dango ya arite
kaeru kari","It is said, dumplings
are better than blossoms-
returning geese.",松永貞徳,Matsunaga Teitoku,1571-1654,Spring,帰る雁,Puppy Collection,ＮKBZ 近世俳句俳文集,,,,,,,,,,,,,,,,,,,帰る雁 (Returning geese) spring,
Edo,けさたるるつららやよだれうしの年,"kesa taruru
tsurara ya yodare
ushi no toshi","• 
• 
• ",松永貞徳,Matsunaga Teitoku,1571-1654,New Year,"丑の年 【うしのとし】 ushi no toshi, Year of the Ox (New Year).",,,つらら (tsurara) = icicles; よだれ (yodare) = drool—comic image of ox drooling icicles at New Year.,,,,,,,,,,,,,,,,,,,
Edo,紅梅やかの銀公がからごろも,"kōbai ya 
kano ginkō no 
Karakoromo","crimson plum—
renowned Empress Ginko’s
Chinese robe",松永貞徳,Matsunaga Teitoku,1571-1654,Spring,紅梅,Crimson Plum Thousand Verses,Haiku Taikan ,,,,,,,,,,,,,,,,,,,,
Edo,烏には似ぬうの花ぞ鷺の色,"karasu niwa
ninu unohana zo
sagi no iro","resembling a crow
not in the least, the cormorant flower
color of egret",松永貞徳,Matsunaga Teitoku,1571-1654,Summer,"卯の花 【うのはな】 u-no-hana, deutzia flowers [Deutzia crenata] (early summer).",Puppy Collection,,,,,,,,,,,,,,,,,,,,,
Edo,比翼かやはねをならべて帰雁,"hiyoku kaya
hane wo narabete
kaeru kari","be as two birds! 
flying wingtip to wingtip
returning geese",松永貞徳,Matsunaga Teitoku,1571-1654,Spring,帰る雁,Puppy Collection,SNKBT 初期俳諧集,"帰雁 (kaeru kari) = returning geese, a classic spring kigo. 比翼 (hiyoku) = paired birds flying wing to wing—symbol of conjugal love.",,,,,,,,,,,,,,,,,,帰る雁 (Returning geese) spring,
Edo,松ならび穴へ餅ひき子のひ哉,"matsu narabi
ana e mochi hiki
ko no hi kana","rows of pine trees—
into the hole they pull the mochi
this Children's Day",松永貞徳,Matsunaga Teitoku,1571-1654,New Year,"子の日 【ねのひ】 ne no hi, Day of the Rat (New Year).",,SNKBT 初期俳諧集,"子の日 is the first Day of the Rat in the new year, traditionally spent pulling up young pines. Mochi is pulled into holes.",,,,,,,,,,,,,,,,,,,
Edo,正月の礼者とながむいぬの年,"shogatsu no
reija to nagamu
inu no toshi","New Year's visitors—
I watch them come and go
in the Year of the Dog",松永貞徳,Matsunaga Teitoku,1571-1654,New Year,"礼者 【れいしゃ】 reisha, New Year's callers (New Year).",,,戌 (inu) = Year of the Dog. New Year's visitors observed while watching the year cycle.,,,,,,,,,,,,,,,,,,,
Edo,野寺あれて跡にやはゆる仏の座,"nodera arete
ato ni ya wa yuru
hotoke no za","the country temple decays—
and in its place a lotus
burns warmly on",松永貞徳,Matsunaga Teitoku,1571-1654,Spring,"梅 【うめ】 ume, （sometimes むめ mume）, plum (blossoms) [technically, the ""Japanese apricot"", Prunus mume; but this has almost always been translated ""plum"" for literary purposes] (early spring).",,,"Alludes to the legend of 飛梅 (tobiume), the plum that flew to Dazaifu to follow Sugawara no Michizane into exile.",,,,,,,,,,,,,,,,,,,
Edo,かははがれからきめやみる山椒の木,"kawa wa gare
kara ki me ya miru
sansho no ki","the river runs dry—
looking at the withered buds
of the pepper tree",松永貞徳,Matsunaga Teitoku,1571-1654,Spring,"花の雨 【はなのあめ】 hana no ame, blossom rain (mid spring).",,,pun: ame = rain and candy. Let the blossoms sleep (nursed by the rain / candy). Cf. Row 74 which is a variant.,,,,,,,,,,,,,,,,,,,
Edo,信あれば是も飛梅の奇特かな,"shin areba
kore mo tobi ume no
kitoku kana","with true faith
even this is a miracle
of the flying plum",松永貞徳,Matsunaga Teitoku,1571-1654,Spring,"土筆 【つくし】 tsukushi, horsetail shoot(s) [the reproductive shoots of Equisetum arvense] (mid spring).",,,Horsetail shoots sold by street vendors in the hakama-cloth district.,,,,,,,,,,,,,,,,,,,
Edo,ねふらせて養ひ立よ花の雨,"nefurasete
yashihai tate yo
hana no ame","let it sleep
and nurse it into growth—
the blossom rain",松永貞徳,Matsunaga Teitoku,1571-1654,Summer,"暑き夜 【あつきよ】 atsuki yo, hot night (all summer).",,,天の原 (amano hara) = the plain of heaven / the night sky. Playful: are the stars sweating from the heat?,,,,,,,,,,,,,,,,,,,
Edo,つくつくし売るやはかまの町くだり,"tsukushi uru ya
hakama no machi
kudari","horsetails for sale—
down the street of hakama
shops they go",松永貞徳,Matsunaga Teitoku,1571-1654,New Year,"玉祭 【たままつり】 tama matsuri, spirit festival (New Year).",,,正月 (shōgatsu) = New Year. 玉祭 here likely refers to a New Year game or spirit invocation.,,,,,,,,,,,,,,,,,,,
Edo,暑き夜の星はあせぼかあまの原,"atsuki yo no
hoshi wa asebo ka
amano hara","on this hot night
are the stars sweating too
up in the sky-plain?",松永貞徳,Matsunaga Teitoku,1571-1654,Autumn,"蟋蟀 【こおろぎ】 kōrogi, （こほろぎ）, cricket(s) (all autumn).",,,"きれぎれす = onomatopoeia for the cricket's cry. ""Patch it, patch it"" (つづりさせ) mimics the sound.",,,,,,,,,,,,,,,,,,,
Edo,正月にうちしは夢か玉まつり,"shogatsu ni
uchi shi wa yume ka
tama matsuri","struck at New Year—
was it a dream?
the spirit festival",松永貞徳,Matsunaga Teitoku,1571-1654,Autumn,"木の葉 【このは】 ko-no-ha, leaves of trees [noted for drying, falling, blowing in wind] (all winter).",,,"おもしろく (omoshiroku) = with pleasure/delight. はらはら = leaves scattering lightly—a gentle, pleasing fall.",,,,,,,,,,,,,,,,,,,
Edo,つづりさせとちちち鳴くやきれぎれす,"tsuzuri sase to
chichichi naku ya
kiregiresu","""patch it, patch it""
so chirps the cricket,
over and over",松永貞徳,Matsunaga Teitoku,1571-1654,Autumn,"蟋蟀 【こおろぎ】 kōrogi, （こほろぎ）, cricket(s) (all autumn).",,,,,,,,,,,,,,,,,,,,,,
Edo,おもしろくはらはら落る木葉哉,"omoshiroku
harahara ochiru
konoha kana","delightfully
scattering and falling—
the fallen leaves",松永貞徳,Matsunaga Teitoku,1571-1654,Autumn,"木の葉 【このは】 ko-no-ha, leaves of trees [noted for drying, falling, blowing in wind] (all winter).",,,,,,,,,,,,,,,,,,,,,,
Edo,門前に市も立花の盛哉,"kado mae ni
ichi mo tachibana no
sakari kana","a throng of mandarin viewers
gather before my gate 
like a bazaar ",松永貞徳,Matsunaga Teitoku,1571-1654,summer,Tachibana,Puppy Collection,ＮKBZ 近世俳句俳文集,based on saying; pun on tachi,,,,,,,,,,,,,,,,,,,
Edo,七夕のなかうどなれや宵の月,"tanabata no
nakaudo nare ya
yoi no tsuki","be the matchmaker 
for the star festival—
evening moon",松永貞徳,Matsunaga Teitoku,1571-1654,Autumn,"七夕 【たなばた】 tanabata, Festival of the Weaver.",Puppy Collection,Haiku Taikan ,,,,,,,,,,,,,,,,,,,,
Edo,皆人のひるねのたねや秋のつき,"mina hito no
hirune no tane ya
aki no tsuki","the seed of 
everyone's naps—
autumn moon ",松永貞徳,Matsunaga Teitoku,1571-1654,Autumn,"月 【つき】 tsuki, moon.",Puppy Collection,Haiku Taikan ,,,,,,,,,,,,,,,,,,,,
Edo,かへり点の文字か跡先帰雁,"kaeriten no
moji ka ato saki
kaerikari","diacritical marked
letters? Switching order
returning geese",松永貞徳,Matsunaga Teitoku,1571-1654,Spring,帰る雁 (Returning geese) spring,Enokoshū犬子集 (Puppy Collection) #305,ＮKBZ 近世俳句俳文集,,,,,,,,,,,,,,,,,,,,
Edo, 酒や時雨のめば紅葉ぬ人もなし,"sake ya shigure 
nomeba momijinu
hito mo nashi","wine & winter drizzle
drink it up and everyone's face  
reddens like maple leaves",松永貞徳,Matsunaga Teitoku,1571-1654,Autumn,"紅葉 【もみじ】 momiji,  red (maple) leaves.",Enokoshū犬子集 (Puppy Collection),ＮKBZ 近世俳句俳文集,,,,,,,,,,,,,,,,,,,,
Edo,在次第うす雪きやせ今日の春,"ari shidai
usu yuki kiyase
kyō no haru","melt every last bit
of the dappled snow
this day of spring",松永貞徳,Matsunaga Teitoku,1571-1654,Spring,"春【はる】haru, Spring.",Kunlun Mountain Collection,Haiku Taikan ,daiusu means Christian. Poem about Christian upraising.,,,,,,,,,,,,,,,,,,,
Edo,ありたつたひとりたつたる今年かな,"ari tattta  
hitori tattaru  
kotoshi kana ","Oh! He stood!
He is standing by himself!
This New Year",松永貞徳,Matsunaga Teitoku,1571-1654,Spring,"春立つ 【はるたつ】 haru tatsu, spring begins.",Puppy Collection,Haiku Taikan ,,,,,,,,,,,,,,,,,,,,
Edo, 歌いづれ小町躍や伊勢躍,"uta izure			
komachi odori ya		
ise odori","which has the better songs?
the Komachi dance-
or the Ise dance",松永貞徳,Matsunaga Teitoku,1571-1654,Autumn,"踊 【おどり】 odori, (Bon Festival) dance/dancing [note that while this is the common word for dancing, in haikai it always means dancing at Obon unless otherwise specified] (early autumn).",Puppy Collection,Haiku Taikan ,,,,,,,,,,,,,,,,,,,,
Edo,大服や城を粉になす茶磨山,"ōfuku ya
shiro wo ko ni nasu
chausuyama","auspicious New Year’s tea—
the castle is ground to powder
from Mt. Tea Mortar ",松永貞徳,Matsunaga Teitoku,1571-1654,Spring,大服,New Year's 3 poem set,Haiku Taikan ,marks the end of the Osaka campain. Earlest known saitan mitsumono,,,,,,,,,,,,,,,,,,,
Edo,しほるるは何かあんずの花の色,"shioruru wa
nanka annzu no 
hana no iro","withering
with worry, the hue 
of apricot blossoms",松永貞徳,Matsunaga Teitoku,1571-1654,Spring,"杏の花 【あんずのはな】 anzu no hana, apricot blossoms.",Puppy Collection,Haiku Taikan ,anzu ouns apricot and worry,,,,,,,,,,,,,,,,,,,
Edo,すそ野暑く頭寒足熱富士の雪,"suso no atsuku
zukan sokunetsu
fuji no yuki","these foothills are so hot
cool the head and heat the feet
Mt. Fuji",松永貞徳,Matsunaga Teitoku,1571-1654,Summer,"暑し 【あつし】 atsushi, hot (all summer).",Kunlun Mountain Collection,Haiku Taikan ,zukan-sokunetsu is a saying,,,,,,,,,,,,,,,,,,,
Edo,雪月花一度に見する卯木かな,"setsu-getsu-ka
ichido ni misuru
utsuki kana","snow, moon, and blossoms
viewed all at once
in deutzia flowers",松永貞徳,Matsunaga Teitoku,1571-1654,Summer,"卯木の花 【うつぎのはな】 utsugi-no-hana, deutzia flowers.",Kunlun Mountain Collection,Haiku Taikan ,"卯 is a blssom. Utsuki mean moon, and u is white like snow",,,,,,,,,,,,,,,,,,,
Edo,つみ綿かぬり桶なりの庭の雪,"tsumi wata ka
nuri oke nari no
niwa no yuki","is it pulled cotton?
a lacquered bucket covered with snow
in the garden ",松永貞徳,Matsunaga Teitoku,1571-1654,Winter,"雪 【ゆき】 yuki, snow.",Eternal Rcord of Teitoku,Haiku Taikan ,"Composed for the Kanei 6 haikai meeting at Myomanji. The host was Saimu, who was a cotton ",,,,,,,,,,,,,,,,,,,
Edo,てん長くち人誉むるや秋の月,"ten nagaku
chihito homuru ya
aki no tsuki","heavenly marked and
celebrated by the multitudes—
moon of autumn  ",松永貞徳,Matsunaga Teitoku,1571-1654,Autumn,"秋の月 【あきのつき】 aki no tsuki, autumn moon.",Jeweled Sea Collection,Haiku Taikan ,"tennaga 1. 天長eternal, 2. His students will long mark poems, 3. High praise
chihito 1. Many people, 2. 天地人 
",,,,,,,,,,,,,,,,,,,
Edo,ねぶらせて養ひたてよ花のあめ,"neburasete
yashinai-tate yo
hana no ame","raise them up
by letting them lick
the candy rain of spring",松永貞徳,Matsunaga Teitoku,1571-1654,Spring,"花 【はな】 hana, (cherry) blossoms [in haiku and haikai the simple word hana 花 refers to cherry blossoms, as do all kigo listed here; but note that in Manyōshū and some other early poetry hana was understood as referring to ume 梅【うめ】plum blossoms, an early spring topic] (late spring).",Puppy Collection,Haiku Taikan ,"pun: ame-rain and candy
maegaki: poem celebrating birth of child",,,,,,,,,,,,,,,,,,,
Edo, 春たつは衣の棚の霞かな ,"haru tatsu wa			
koromo no tana no
kasumi kana	","spring begins
in the Robe Bureau district 
with bolts cut from mist",松永貞徳,Matsunaga Teitoku,1571-1654,Spring,"春立つ 【はるたつ】 haru tatsu, spring begins.",Jeweled Sea Collection,Haiku Taikan ,pun: tatsu-stand/start and to cut,,,,,,,,,,,,,,,,,,,
Edo,冬籠虫けらまでもあなかしこ,"fuyugomori
mushikera made mo
ana kashiko","winter seclusion
even down to the lowliest insects, 
how reverent!",松永貞徳,Matsunaga Teitoku,1571-1654,Winter,"冬籠り 【ふゆごもり】 fuyugomori, winter seclusion.",,Haiku Taikan ,,,,,,,,,,,,,,,,,,,,
Edo,ゆき尽くす江南の春の光かな,"end of the snow journy 
the light of spring in Jiangnan 
how it shines!","Yuki tsukusu
Kōnan no haru no
hikari kana",松永貞徳,Matsunaga Teitoku,1571-1654,Spring,"春 【はる】 haru, spring.",,Haiku Taikan ,"江南 (Kōnan) = south of the Yangtze (Jiangnan), Chinese literary reference to a land of perpetual spring.",,,,,,,,,,,,,,,,,,,
Edo,くくり目を見つつ夜長き枕かな,"• 
• 
• ","• 
• 
• ",松永貞徳,Matsunaga Teitoku,1571-1654,Autumn,"夜長 【よなが】 yonaga, long night (all autumn).",,,夜長 (yonaga) = long autumn nights. Lying awake staring at the knots of stitching on the pillow.,,,,,,,,,,,,,,,,,,,
Edo,けさたるるつららやよだれうしの年,"• 
• 
• ","• 
• 
• ",松永貞徳,Matsunaga Teitoku,1571-1654,New Year,"丑の年 【うしのとし】 ushi no toshi, Year of the Ox (New Year).",,SNKBT 初期俳諧集,つらら (tsurara) = icicles likened to a drooling ox. Comic new-year zodiac poem.,,,,,,,,,,,,,,,,,,,
Edo,梅も先にほひてくるや午の年,"ume mo saki 
nioite kuru ya 
ushi no toshi","The scent of plum
comes first carried by
the Year of the Ox",松永貞徳,Matsunaga Teitoku,1571-1654,New Year,"午の年 【うまのとし】 uma no toshi, Year of the Horse (New Year).",,SNKBT 初期俳諧集,先 (mazu) = first of all. The plum is the first fragrance of the new year in the Year of the Horse.,,,,,,,,,,,,,,,,,,,
Edo,もえながら有るや火鼠のかは柳,"moe nagara
aru ya hinezumi no
kawa yanagi","While burning
the fire rat skin
river willow.",松永貞徳,Matsunaga Teitoku,1571-1654,Spring,"柳 【やなぎ】 yanagi, willow(s) / weeping willow(s) (late spring).",Mt. Kozan Collection,,火鼠 (hi-nezumi) = fire rat from Chinese legend whose pelt does not burn. The willow burning yet enduring.,,,,,,,,,,,,,,,,,,,
Edo,玉札の飛脚か急ぎ帰雁,"tamazusa no
hikyaku ka isogi
kaeru kari","a jade-letter courier—
surely it hurries past
the returning wild geese",松永貞徳,Matsunaga Teitoku,1571-1654,Spring,"帰雁 【かえるかり】 kaeru kari, returning geese (mid spring).",Enokoshū犬子集 (Puppy Collection) #304,,玉札 (tama-fuda) = jade letter/letter-carrier. The wild geese as messengers rushing home in spring.,,,,,,,,,,,,,,,,,,,
Edo,山の腰にはく夕だちや雲の帯,"yama no koshi ni
haku yudachi ya
kumo no obi","from mountain hips
hangs an evening storm blade—
belt of clouds",松永貞徳,Matsunaga Teitoku,1571-1654,Summer,"夕立 【ゆうだち】 yūdachi, （ゆふだち）, sudden (summer) shower [literally ""evening shower""] (all summer).",,俳句の歴史,夕だち (yūdachi) = sudden evening storm. The mountain's flank wrapped in a cloud-sash.,,,,,,,,,,,,,,,,,,,
Edo,先かづく頭はかみなづきんかな,"mazu ka zuku
kashira wa kamina
zukin kana","first must wear 
on a baldhead in godless month
a hood",松永貞徳,Matsunaga Teitoku,1571-1654,Winter,"Godless month, hood (winter)",Enokoshū犬子集 (Puppy Collection) #1328,SNKBT 初期俳諧集,,,,,,,,,,,,,,,,,,,,
Edo,しも月のあるに付てやかみな月,"shimo tsuki no
aru ni tsukite ya
kaminatsuki","the frost month
is below and so above
is the godless month",松永貞徳,Matsunaga Teitoku,1571-1654,Winter,"Godless month, hood (winter)",Enokoshū犬子集 (Puppy Collection) #1329,SNKBT 初期俳諧集,"Wordplay: 霜月 (shimotsuki, Eleventh Month) contains 有る (aru = to exist), so the ""godless"" tenth month is about to be replaced.",,,,,,,,,,,,,,,,,,,
Edo,春と夏と秋とけふとの四ぐれかな,"haru to natsu to
aki to kyō to no
shigure kana","spring & summer &
autumn & today’s
makes “four kures”",松永貞徳,Matsunaga Teitoku,1571-1654,winter,"時雨 【しぐれ】 shigure, (winter) shower/drizzle (early winter).",Enokoshū犬子集 (Puppy Collection) #1335,SNKBT 初期俳諧集,,,,,,,,,,,,,,,,,,,,
Edo,足はやき雲や時雨の先ばしり,"ashihayaki
kumo ya shigure no
Sakibashiri","the quick-footed
cloud—winter shower's 
forerunner ",松永貞徳,Matsunaga Teitoku,1571-1654,winter,"時雨 【しぐれ】 shigure, (winter) shower/drizzle (early winter).",Enokoshū犬子集 (Puppy Collection) #1336,SNKBT 初期俳諧集,,,,,,,,,,,,,,,,,,,,
Edo,きつくふるをやいたやとゆふ時雨,"Hard falling sound
on the roof boards, “it hurts!”
says the winter shower","kutsuku furu
oto ya itaya to
yuu shigure",松永貞徳,Matsunaga Teitoku,1571-1654,winter,"時雨 【しぐれ】 shigure, (winter) shower/drizzle (early winter).",Enokoshū犬子集 (Puppy Collection) #1337,SNKBT 初期俳諧集,,,,,,,,,,,,,,,,,,,,
Edo,山姥が尿やしぐれの山めぐり,"the mt. Hag
goes around the mt.
Pissing a winter shower","yamauba ga
bari ya shigure no
Yamamuguri",松永貞徳,Matsunaga Teitoku,1571-1654,winter,"時雨 【しぐれ】 shigure, (winter) shower/drizzle (early winter).",Enokoshū犬子集 (Puppy Collection) #1338,SNKBT 初期俳諧集,"前書：渋谷紀州興行に
渋谷以重 Shibuya Ijū – noh actor
play on the play Yamauba
冬は萌冴え行く時雨の雲の
Konzanshu- 山姥やしとをしぐれの山めぐり",,,,,,,,,,,,,,,,,,,
Edo,時宗寺の時雨の亭や雨やどり,"＠ the winter rain pavilion 
@ Jishū Temple
waiting for the rain to stop","Jishūdera no
shigure no chin ya
Ameyadori",松永貞徳,Matsunaga Teitoku,1571-1654,winter,"時雨 【しぐれ】 shigure, (winter) shower/drizzle (early winter).",Enokoshū犬子集 (Puppy Collection) #1339,SNKBT 初期俳諧集,前書：六条道場にて,,,,,,,,,,,,,,,,,,,
Edo,さざれ言もいははふとての試筆哉,"sazare goto mo
ihawa futo no
shihitsu kana","even small words
casually begun—
the year's first writing",石田未得,Ishida Mitoku,1587 - 1669,New Year,"試筆 【しひつ】 shihitsu, first calligraphy of the new year (New Year).",,ＮKBZ 近世俳句俳文集,試筆 (shihitsu) = first brush practice of the New Year. Even small words begin the year's writing.,,,,,,,,,,,,,,,,,,,
Edo,風ならで誰かあぐべき柳髪,"kaze narade
dare ka agubeki
yanagikami","who but the wind
could lift and toss
willow hair?",石田未得,Ishida Mitoku,1587 - 1669,Spring,"柳 【やなぎ】 yanagi, willow(s) / weeping willow(s) (late spring).",,ＮKBZ 近世俳句俳文集,Willow as flowing hair that only the wind can lift and comb.,,,,,,,,,,,,,,,,,,,
Edo,天は沖地は磯なれや霧の海,"ten wa oki
chi wa iso nare ya
kiri no umi","the sky is open sea
the earth is rocky shore—
a sea of fog between",石田未得,Ishida Mitoku,1587 - 1669,Spring,"霧 【きり】 kiri, autumn mist / fog [see note ""On Haze, Mist, Fog""] (all autumn).",,ＮKBZ 近世俳句俳文集,The fog-sea evokes the liminal boundary between sky and earth. Spring sea fog blurs the horizon.,,,,,,,,,,,,,,,,,,,
Edo,ながめしは野菊のくきのはじめ哉,"nagame shi wa
nogiku no kuki no
hajime kana","what I have gazed upon:
the very beginning
of a wild chrysanthemum stalk",石田未得,Ishida Mitoku,1587 - 1669,Autumn,"野菊 【のぎく】 nogiku, wild chrysanthemum(s)/aster(s) [any of several species of wild chrysanthemums or asters with thin-petalled, single white flowers with yellow centers] (mid autumn).",,ＮKBZ 近世俳句俳文集,ながめし (nagameshi) = that which I have long gazed upon. The first stalk of a wild chrysanthemum observed closely.,,,,,,,,,,,,,,,,,,,
Edo,乗うつる人玉ならし蓮の露(「犬子(えのこ)集,"nori utsuru
hitodama narashi
hasu no tsuyu","transferring like a soul—
they must be will-o-the-wisps
the dew on the lotus",石田未得,Ishida Mitoku,1587 - 1669,Summer,"蓮 【はす】 hasu, lotus (mid summer).",Enokoshū犬子集 (Puppy Collection) ,web,人玉 (hitodama) = will-o'-the-wisp. Dew on the lotus transfers like a wandering soul. From 犬子集 (Enokosha).,,,,,,,,,,,,,,,,,,,
Edo,千金をのべたか春の月の弓,"senkin wo
nobetaka haru no
tsuki no yuki","did it stretch out
a thousand gold coins?
the moon's bow in spring",片桐良保,Katagiri Yoshiyasu,1580-1637,Spring,"春の月 【はるのつき】 haru no tsuki, spring moon (all spring).",,,千金 (senkin) = a thousand gold coins. The crescent spring moon shaped like a bow stretched wide.,,,,,,,,,,,,,,,,,,,
Edo,水なしが花の波たつ夕あらし,"mizu nashi ga
hana no nami tatsu 
yū arashi","waterless place—
waves of blossoms rise
in the evening storm",片桐良保,Katagiri Yoshiyasu,1580-1637,Spring,"花 【はな】 hana, (cherry) blossoms [in haiku and haikai the simple word hana 花 refers to cherry blossoms, as do all kigo listed here; but note that in Manyōshū and some other early poetry hana was understood as referring to ume 梅【うめ】plum blossoms, an early spring topic] (late spring).",,,Blossom waves rising in an evening storm. Water-misting landscape.,,,,,,,,,,,,,,,,,,,
Edo,定家にて向けむ花やはつか草,"sadaie ni
te-mukemu hana ya
Hatsuka-gusa","in Teika's style—
do the blossoms lean toward
the ephemeral grass?",片桐良保,Katagiri Yoshiyasu,1580-1637,Spring,"花 【はな】 hana, (cherry) blossoms [in haiku and haikai the simple word hana 花 refers to cherry blossoms, as do all kigo listed here; but note that in Manyōshū and some other early poetry hana was understood as referring to ume 梅【うめ】plum blossoms, an early spring topic] (late spring).",,,"定家 (Teika) = Fujiwara no Teika, the great waka poet. 初草 (hatsukusa) = first young grasses of spring.",,,,,,,,,,,,,,,,,,,
Edo,水けぶる下にてたくやもみぢ鮒,"mizu keburu
shita nite taku ya
Momiji-buna","beneath the misty
waters—burning—
the maple carp",片桐良保,Katagiri Yoshiyasu,1580-1637,Autumn,"紅葉 【もみじ】 momiji, red (maple) leaves (all autumn).",,,"水けぶる (mizu keburu) = misty water. もみぢ鮒 (momiji buna) = autumn maple carp, red as autumn leaves.",,,,,,,,,,,,,,,,,,,
Edo,ほこ長し天が下照る姫はじめ,"hoko nagashi
ten ga shita teru
hime hajime","spear shaft long—
the sun shines across the land
on this first day",杉木望一,Sugiki Moichi,1586－1643,New Year,"姫始め 【ひめはじめ】 hime hajime, ""Princess Beginning"" (New Year).",,ＮKBZ 近世俳句俳文集,姫始め = the first rice cooking or first of the New Year; erotic/comic new-year poem.,,,,,,,,,,,,,,,,,,,
Edo,雨に声鬼一口か郭公,"ame ni koe 
oni hitokuchi ka
hototogisu","in the rain a voice—
the demon's one gulp?
the cuckoo calls",杉木望一,Sugiki Moichi,1586－1643,Summer,"郭公 【ほととぎす】 hototogisu, little cuckoo (all summer).",望一千句,,鬼一口 (oni hitokuchi) = the demon's single bite. The cuckoo's cry in the rain as a demon swallowing.,,,,,,,,,,,,,,,,,,,
Edo,花に来ぬ人笑ふらし春の山,"hana ni konu
hito warau rashi
haru no yama","those who don't come
for the blossoms must be laughed at—
the spring mountain",杉木望一,Sugiki Moichi,1586－1643,Spring,"花 【はな】 hana, (cherry) blossoms [in haiku and haikai the simple word hana 花 refers to cherry blossoms, as do all kigo listed here; but note that in Manyōshū and some other early poetry hana was understood as referring to ume 梅【うめ】plum blossoms, an early spring topic] (late spring).",,ＮKBZ 近世俳句俳文集,Those who do not come for the blossoms are to be pitied—the spring mountain blooms regardless.,,,,,,,,,,,,,,,,,,,
Edo,風をさへまねき出したる扇哉,"kaze wo sae
maneki dashitaru
oiogi kana","even the wind
it has beckoned forth—
a waving fan",杉木望一,Sugiki Moichi,1586－1643,Summer,"扇 【おうぎ】 ōgi, folding fan (summer).",,ＮKBZ 近世俳句俳文集,A fan beckons the wind into existence—playful personification.,,,,,,,,,,,,,,,,,,,
Edo,松笠や花笠となす今朝の雪,"matsukasa ya
hanagasa to nasu
kesa no yuki","pine cones—
turned into flower hats
by this morning's snow",杉木望一,Sugiki Moichi,1586－1643,Winter,"雪 【ゆき】 yuki, snow (all winter).",,ＮKBZ 近世俳句俳文集,松笠 (matsukasa) = pine cones. Morning snow transforms pine cones into flower-petal hats.,,,,,,,,,,,,,,,,,,,
Edo,雨の親やそだつる花の子を大じ,"ame no oya ya
sodatsuru hana no 
ko wo daiji","the rain—a parent
nurturing the blossoms
to be cherished",荻田安静,Ogita Ansei,生年不詳 －1669 ,Spring,"花 【はな】 hana, (cherry) blossoms [in haiku and haikai the simple word hana 花 refers to cherry blossoms, as do all kigo listed here; but note that in Manyōshū and some other early poetry hana was understood as referring to ume 梅【うめ】plum blossoms, an early spring topic] (late spring).",,ＮKBZ 近世俳句俳文集,Rain as nurturing parent of the blossoms. Combines natural and parental imagery.,,,,,,,,,,,,,,,,,,,
Edo,引きかへて蛇を人やのむ菖蒲ざけ,"hikikaete
hebi wo hito ya nomu
shōbu zake","transformed entirely—
do people swallow snakes
in the iris wine?",荻田安静,Ogita Ansei,生年不詳 －1669 ,Summer,"菖蒲酒 【しょうぶざけ】 shōbu-zake, iris-root sake (early summer).",,ＮKBZ 近世俳句俳文集,"Tango (Boys' Day, 5th day of 5th month) iris sake. Snake transformed / swallowed—festival custom of drinking medicinal sake.",,,,,,,,,,,,,,,,,,,
Edo,おぼえぬや手の舞ひ足の文月よ,"oboe nu ya
te no mai ashi no
fumizuki yo","unconsciously—
hands dancing, feet moving
on this July night",荻田安静,Ogita Ansei,生年不詳 －1669 ,Summer,"文月 【ふみづき】 fumizuki, Seventh (Lunar) Month (late summer).",,ＮKBZ 近世俳句俳文集,七月 (fumizuki) = the seventh lunar month. Hands and feet moving unconsciously in the summer heat.,,,,,,,,,,,,,,,,,,,
Edo,あぢはひはからや高麗きくの酒,"ajiwai wa
kara ya korai
giku no sake","the flavor—
is it bitter? Korean
chrysanthemum sake",荻田安静,Ogita Ansei,生年不詳 －1669 ,Autumn,"菊の酒 【きくのさけ】 kiku no sake, chrysanthemum wine (mid autumn).",,ＮKBZ 近世俳句俳文集,高麗菊 (Kōrai giku) = Korean chrysanthemum. Chrysanthemum wine drunk at the Double Nine festival (重陽 chōyō).,,,,,,,,,,,,,,,,,,,
Edo,春ながの年の頭や福禄寿,"haru-naga no
toshi no kashira ya
fukurokuju","spring days are long
head of the year—
God of Wealth, Happiness, Longevity",鶏冠井令徳 ,Kaedei Ryōtoku ,1589-1679,Spring,"春なが (spring days are long), 日永 【ひなが】 hinaga, day(s) lengthening (all spring).",Hawk of Tsukuba Collection,ＮKBZ 近世俳句俳文集,,,,,,,,,,,,,,,,,,,,
Edo,ね入ばなの園や萌黄の蚊やの内,"neiribana no
sono ya moegi no
kaya no uchi","drifting off, sleep blossoms 
orchard—inside a vernal green
mosquito net  ",鶏冠井令徳 ,Kaedei Ryōtoku ,1589-1679,Summer,"蚊や (), 蚊帳 【かや】 kaya, mosquito net (all summer).",Hawk of Tsukuba Collection,ＮKBZ 近世俳句俳文集,,,,,,,,,,,,,,,,,,,,
Edo,花に蝶のまふは神楽ぞいせ桜,"hana no chō no 
mau ha kagura zo 
ise-zakura","butterflies dance
the Kagura among the blossoms
here on Ise Hill",鶏冠井令徳 ,Kaedei Ryōtoku ,1589-1679,Spring,"花 【はな】 hana, (cherry) blossoms [in haiku and haikai the simple word hana 花 refers to cherry blossoms, as do all kigo listed here; but note that in Manyōshū and some other early poetry hana was understood as referring to ume 梅【うめ】plum blossoms, an early spring topic] (late spring).",,,Butterflies dancing among blossoms compared to shrine maidens performing kagura. 伊勢桜 = Ise cherry.,,,,,,,,,,,,,,,,,,,
Edo,稲妻の面影見てやよばひ星,"inazuma no
omokage mite ya
Yobaiboshi","to view his wife's
vestige 
the star wanders  ",鶏冠井令徳 ,Kaedei Ryōtoku ,1589-1679,Autumn,"稲妻 【いなずま】 inazuma, lightning (all autumn).",Puppy Collection,ＮKBZ 近世俳句俳文集,稲妻 (inazuma) = lightning; 流れ星 = shooting star. Lightning seen in a shooting star.,,,,,,,,,,,,,,,,,,,
Edo,馬合羽雪打ちはらふ袖もなし,"umagappa 
yuki ichi harau
sode mo nashi","my riding jacket 
hasn't even sleeves
to brush the snow off of ",鶏冠井令徳 ,Kaedei Ryōtoku ,1589-1679,Winter,"雪 【ゆき】 yuki, snow (all winter).",Haikai Geneology,ＮKBZ 近世俳句俳文集,馬合羽 (uma-kappa) = horse-riding rain cape. Riding through snow with no sleeves to brush it off.,,,,,,,,,,,,,,,,,,,
Edo,帰らずば都の人やうれしかり,"kaerazuba
miyako no hito zo
ureshi-kari","if you don't return
how glad the capital's people
would be for you",鶏冠井令徳 ,Kaedei Ryōtoku ,1589-1679,Spring,"帰雁 【かえるかり】 kaeru kari, returning geese (mid spring).",Mt. Kozan Collection,俳句大観,"If the geese do not return north, the people of the capital might be relieved—playful inversion.",,,,,,,,,,,,,,,,,,,
Edo,柴にまた餅花咲くや二度の春,"shiba ni mata
mochibana saku ya
nido no haru","on the brushwood again—
mochi flowers bloom
a second spring",鶏冠井令徳 ,Kaedei Ryōtoku ,1589-1679,New Year,"餅花 【もちばな】 mochihana, rice-cake flowers (New Year).",Mt. Kozan Collection,,"Mochi flowers (rice-cake ornaments on branches) bloom again. ""A second spring.""",,,,,,,,,,,,,,,,,,,
Edo,花にあふぞ浮木の亀の一万句,"hana ni asobu
fuboku no kame no
ichimanku","meeting blossoms—
like the turtle on the floating log
at ten thousand verses",鶏冠井令徳 ,Kaedei Ryōtoku ,1589-1679,Spring,"花 【はな】 hana, (cherry) blossoms [in haiku and haikai the simple word hana 花 refers to cherry blossoms, as do all kigo listed here; but note that in Manyōshū and some other early poetry hana was understood as referring to ume 梅【うめ】plum blossoms, an early spring topic] (late spring).",Mt. Kozan Collection,,"浮木の亀 (ukigi no kame) = the turtle on a floating log—a Buddhist metaphor for rare encounters. Here at 10,000 verses.",,,,,,,,,,,,,,,,,,,
Edo,福の神を今日乗せ来るや午の年,"fuku no kami 
wo kyō nose-kuru ya
uma no toshi","the god of fortune—
ride him here today!
the Year of the Horse",鶏冠井令徳 ,Kaedei Ryōtoku ,1589-1679,New Year,"午の年 【うまのとし】 uma no toshi, Year of the Horse (New Year).",Puppy Collection,,"福の神 (fuku no kami) = the god of fortune, associated with New Year celebrations.",,,,,,,,,,,,,,,,,,,
Edo,春永といふやことばのかざり縄,"harunaga to  
ufu ya kotoba no
kazari nawa","draping the verbal garland  
of “the abiding spring”
like a sacred straw hawser",野々口立圃,Nonoguchi Ryūho ,1595-1669,New Years,abiding spring,Puppy Collection,ＮKBZ 近世俳句俳文集,,,,,,,,,,,,,,,,,,,,
Edo,餅花をけふや宰府の神のぬさ,"ten mo hana ni
weeru ka kumo no
midareashi","dumpling blossoms
will be, today, here in Dazai
my Shinto wand",野々口立圃,Nonoguchi Ryūho ,1595-1669,New Years,dumpling blossoms,延宝２年井筒屋歳旦集,ＮKBZ 近世俳句俳文集,References Hyakunin ishu 24 by Sugawara no Michizane. 餅花 is a decoration/toy made with mochi on a stick that looks like a willow.,筑前の宰府にて,"This time around
I couldn’t even bring the sacred streamers
—Offering Hill—
but if this brocade of leaves
is to the gods’ liking….","Kono tabi wa
Nusa mo toriaezu
Tamukeyama
Momiji no nishiki
Kami no mani mani","このたびは 
幣もとりあへず 
手向山 
紅葉のにしき 
神のまにまに ",,,,,,,,,,,,,,,
Edo,かをり来て目に酢ぞたまる梅の花,"kaori kite
me ni su zo tamaru
ume no hana","the scent wafts over
and its sour tang irritates my eyes
plum blossoms  ",野々口立圃,Nonoguchi Ryūho ,1595-1669,Spring,"梅 【うめ】 ume, （sometimes むめ mume）, plum (blossoms) [technically, the ""Japanese apricot"", Prunus mume; but this has almost always been translated ""plum"" for literary purposes] (early spring).",Blind Casting of Stones,ＮKBZ 近世俳句俳文集,Based on a a Wakan roei shu poem by Michizane,,,,,,,,,,,,,,,,,,,
Edo,松風の琴の唱歌や蝉のこゑ,"matsukaze no
koto no shōga ya
semi no koe","pining wind’s
harp notes accompanied by
the cry of cicadas ",野々口立圃,Nonoguchi Ryūho ,1595-1669,Summer,cicadas,Blind Casting of Stones,ＮKBZ 近世俳句俳文集,,,,,,,,,,,,,,,,,,,,
Edo,霧の海の底なる月はくらげ哉,"kiri no umi no
sokonaru tsuki wa
kurage naka","at the bottom
of an ocean of fog, the moon, darkly 
like a jellyfish ",野々口立圃,Nonoguchi Ryūho ,1595-1669,Autumn,Moon,Puppy Collection,ＮKBZ 近世俳句俳文集,くらげ is a soft pun on darkly,,,,,,,,,,,,,,,,,,,
Edo,あらはれて見えよ芭蕉の雪女,"arawarete
mieyo bashō no
Yukionna","appear and
show yourself banana
snow woman ",野々口立圃,Nonoguchi Ryūho ,1595-1669,Winter,snow woman,Blind Casting of Stones,俳句大観,"Banana woman from the Noh play Basho mixed with Yukionna. Saying Banana in the snow, something that should not exist.",,,,,,,,,,,,,,,,,,,
Edo,絵に似たる顔やヘマムシ夜半の月,"e ni nitaru
kao ya hemamushi
yowa no tsuki","like a portrait  
of a hemamushi face—
midnight moon",野々口立圃,Nonoguchi Ryūho ,1595-1669,Autumn,Moon,Blind Casting of Stones,俳句大観,https://www.library.metro.tokyo.jp/collection/features/digital_showcase/057/10/index.html  ヘマムシ入道昔話　山東京伝著　歌川国直画　六巻二冊　文化10年（1813）刊　和泉屋市兵衛　請求記号：函97-2 light pun on hemamushiyo and yowa,,,,,,,,,,,,,,,,,,,
Edo,源氏ならで上下に祝ふ若菜かな,"genji narade
jōge ni iwau
wakana kana","it ain't Genji
but the halves & have nots are
celebrating “Young Herbs”",野々口立圃,Nonoguchi Ryūho ,1595-1669,Spring,Young Herbs,Puppy Collection,俳句大観,,,,,,,,,,,,,,,,,,,"     Unlike in the Genji Monogatari,
The wakana is eaten felicitously 
     Without “first and last.” Blyth, History",
Edo,声なくて花や梢の高笑ひ,"koe nakute
hana ya kozue no
taka-warai","without a voice, 
the blossoms boughs ring 
with high laughter ",野々口立圃,Nonoguchi Ryūho ,1595-1669,Spring,Blossoms,Blind Casting of Stones,俳句大観,,,,,,,,,,,,,,,,,,,,
Edo,月影をくみこぼしけり手水鉢,"tsukikage wo
kumi-koboshi keri
chōubachi","     Scooping up the moon
In the wash-basin,
      And spilling it.",野々口立圃,Nonoguchi Ryūho ,1595-1669,Autumn,Moon,Blind Casting of Stones,俳句大観,,,,,,,,,,,,,,,,,,,,
Edo,花ひとつたもとにすがる童かな,"hana hitotsu
tamoto ni sugaru
warabe kana","one bough of blossoms
clinging to my sleeve sleeve 
a child",野々口立圃,Nonoguchi Ryūho ,1595-1669,Spring,Blossoms,句兄弟　其角,俳句大観,,,,,,,,,,,,,,,,,,,,
Edo,ほころぶや尻も結ばぬ糸桜,"hokorobu ya
shiri mo musubanu
ito-zakura","coming apart at the seems—
like a stitch with its end unfastened 
thread cherry ",野々口立圃,Nonoguchi Ryūho ,1595-1669,Spring,thread cherry,Puppy Collection,俳句大観,尻も結ばぬ is a saying meaning something slovenly ,,,,,,,,,,,,,,,,,,"     Brusting,
The ends cannot be tied,—
     Thread-like cherry trees in bloom.",
Edo,天も花にゑへるか雲のみだれあし,"ten mo hana ni
weeru ka kumo no
midareashi","even the sky
drunk on on blossoms? the clouds
stumble on wobbly legs ",野々口立圃,Nonoguchi Ryūho ,1595-1669,Spring,Blossoms,Puppy Collection,俳句大観,天酔于花。桃李盛也 wakan roei shu; 「花時天似酔序」冒頭  菅原道真『和漢朗詠集』39,,,,,,,,,,,,,,,,,,,
Edo,月花の三句めをいま知る世かな,"tsuki hana no
sanku-me wa ima
shiru yo kana","     The moon, and the cherry-blossoms,—
Now I know, in this world,
     What the third verse is!",野々口立圃,Nonoguchi Ryūho ,1595-1669,Autumn,"月 【つき】 tsuki, moon (mid autumn).",,Blyth History of Haiku,"月花 (tsuki hana) = moon and blossoms, the canonical pair of seasonal beauty. The third verse (三句目) that combines them.",,,,,,,,,,,,,,,,,,,
Edo,颯々のすずしさや此の松の声,"satsusatsu no
suzushisa ya kono
matsu no koe","murmuring  
coolness— this 
pining voice",野々口立圃,Nonoguchi Ryūho ,1595-1669,Summer,"涼しさ 【すずしさ】 suzushisa, coolness (all summer).",Puppy Collection,古典俳句、乾,颯々のすずしさ puns cool with bell,,,,,,,,,,,,,,,,,,,
Edo,篝火も蛍もひかる源氏かな,"kagaribi mo 
hotaru mo hikaru
genji kana","Cresset Fires and
Fireflies shining 
Genji",野々口立圃,Nonoguchi Ryūho ,1595-1669,Summer,"蛍 【ほたる】 hotaru, firefly / fireflies (mid summer).",Hairlock Mirror Genji,古典俳句、乾,"篝火 (kagaribi) = bonfire/torch; 蛍 = fireflies. Both illuminate Genji scenes. Reference to The Tale of Genji chapters ""Fireflies"" and ""Torchlight.""",,,,,,,,,,,,,,,,,,,
Edo,散る音も色もさらさの紅葉哉,"chiru oto mo
iro mo sarasa mo
momiji kana","sound of scattering
and hue as well, chintz calico
autumn leaves ",野々口立圃,Nonoguchi Ryūho ,1595-1669,Autumn,"紅葉 【もみじ】 momiji, red (maple) leaves (all autumn).",Puppy Collection,古典俳句、乾,さらさ (sarasa) = a kind of calico/printed cloth. Autumn leaves scatter with the sound and color of printed fabric.,,,,,,,,,,,,,,,,,,,
Edo,やあしばらく花に対して鐘撞く事,"ya shibara ku
hana ni taishite
kane tsuku koto","wait—hold on!
facing the blossoms
strike the bell",松江 重頼,Matsue Shigeyori,1602–1680,Spring,"花 【はな】 hana, (cherry) blossoms [in haiku and haikai the simple word hana 花 refers to cherry blossoms, as do all kigo listed here; but note that in Manyōshū and some other early poetry hana was understood as referring to ume 梅【うめ】plum blossoms, an early spring topic] (late spring).",,ＮKBZ 近世俳句俳文集,"やあしばらく (yā shibaraku) = ""Wait! Just a moment!""—a famous Kabuki phrase. Striking the bell while facing the blossoms.",,,,,,,,,,,,,,,,,,,
Edo,秋や今朝一足に知るのごひ縁,"aki ya kesa
hito ashi ni shiru
nogoi en","autumn this morning—
known in a single step
on the wiped veranda",松江 重頼,Matsue Shigeyori,1602–1680,Autumn,"秋 【あき】 aki, autumn.",,ＮKBZ 近世俳句俳文集,一足 (hitoashi) = a single step. Autumn known in an instant—the first cool morning felt stepping onto the freshly wiped veranda.,,,,,,,,,,,,,,,,,,,
Edo,さほひめやかくる柳の長かもじ,"saho hime ya
kakuru yanagi no
naga kamoji","The goddess Sao—
hidden in the willow,
her long hair.",松江 重頼,Matsue Shigeyori,1602–1680,Spring,"柳 【やなぎ】 yanagi, willow(s) / weeping willow(s) (late spring).",Puppy Collection,,佐保姫 (Saho-hime) = goddess of spring. The willow trailing long tresses like a woman's hair.,,,,,,,,,,,,,,,,,,,
Edo,鶯が引琴の緒や糸柳,"uguisu ga
hiki koto no o ya
itoyanagi","The warbler
plays the harp strings
of a thread willow.",松江 重頼,Matsue Shigeyori,1602–1680,Spring,"柳 【やなぎ】 yanagi, willow(s) / weeping willow(s) (late spring). / 鶯 【うぐいす】 uguisu, bush warbler [Cettia diphone; sometimes translated as ""nightingale"" (Luscinia megarhynchos), since it is a small songbird and occupies a position in Japanese literature similar to that of the nightingale in European literature] (all spring).",Puppy Collection,,"糸柳 (ito-yanagi) = thread willow, a variety whose drooping branches resemble koto strings.",,,,,,,,,,,,,,,,,,,
Edo,観音のちからや見するこぶ柳	,"Kannon no
chikara ya misuru
kobu yanagi","Kannon’s
strength seen in
a swelling willow.",松江 重頼,Matsue Shigeyori,1602–1680,Spring,"柳 【やなぎ】 yanagi, willow(s) / weeping willow(s) (late spring).",Haikai Notebook of Hokku,,観音 (Kannon) = Bodhisattva of Compassion. The gnarled willow revealed as a spiritual wonder.,,,,,,,,,,,,,,,,,,,
Edo,春の日の威光をみする雪間哉,"haru no hi no
ikō wo misuru
yukima kana","the spring sun
shows its authority
in in gaps in snow",松江 重頼,Matsue Shigeyori,1602–1680,Spring,spring sun,Puppy Collection,ＮKBZ 近世俳句俳文集,,,,,,,,,,,,,,,,,,,,
Edo,料理して今日もくらしつ桜だひ,"ryōri shite
kyō mo kurashitsu
sakura-dai","cooking
today, again, passing the day
cherry sea bream ",松江 重頼,Matsue Shigeyori,1602–1680,Spring,cherry sea bream,,ＮKBZ 近世俳句俳文集,"Are the officials of the hundredfold palace at leisure, then? They stick cherry blossoms in their hair and spend the day, agian, in play. Shinkokin 1:104 Momoshiki no I Omiyahito wa I Itoma are ya I Sakura kazashite I Kyo mo kurashitsu ",,,,,,,,,,,,,,,,,,,
Edo,落汐に鳴門やつれて暮の春,"ochi shio ni
Naruto yasurete
kure no haru","at the ebbing tide
Naruto grows weary—
spring's end",松江 重頼,Matsue Shigeyori,1602–1680,Spring,"暮の春 【くれのはる】 kure no haru, end of spring / late spring (late spring).",,ＮKBZ 近世俳句俳文集,鳴門 (Naruto) = the famous whirlpool strait. The ebb tide leaves Naruto diminished at spring's end.,,,,,,,,,,,,,,,,,,,
Edo,しばし見む蟻の通路蝉のから,"shibashi mimu
ari no kayoiji
semi no kara","let me watch awhile:
an ant's thoroughfare
and a cicada's shell",松江 重頼,Matsue Shigeyori,1602–1680,Autumn,"蝉の殻 【せみのから】 semi no kara, cicada shell/husk (late summer/early autumn).",,ＮKBZ 近世俳句俳文集,蟻 (ari) = ants; 蝉のから = empty cicada shell. A moment of quiet observation in the summer-turning-autumn garden.,,,,,,,,,,,,,,,,,,,
Edo,順礼の棒ばかり行く夏野かな,"junrei no
bo bakari yuku
natsuno kana","nothing but their staffs
going on ahead—
pilgrims through the summer fields",松江 重頼,Matsue Shigeyori,1602–1680,Summer,"夏野 【なつの】 natsuno, summer field(s) (all summer).",,ＮKBZ 近世俳句俳文集,順礼 (junrei) = pilgrims. Only their staffs visible above the tall summer grasses—a haiku of absences.,,,,,,,,,,,,,,,,,,,
Edo,野に嬉し虫待宵の小行灯,"no ni ureshi
mushi machi yoi no
koandon","how glad in the fields—
waiting for insects
the small lantern at dusk",松江 重頼,Matsue Shigeyori,1602–1680,Autumn,"虫 【むし】 mushi, insect(s) [usually plural, for their singing] (all autumn). / 待宵 【まつよい】 matsuyoi, the eve before the full moon (mid autumn).",,ＮKBZ 近世俳句俳文集,待宵 (matsuyoi) = the night before the harvest moon. Small lantern in the fields waiting for insects' songs.,,,,,,,,,,,,,,,,,,,
Edo,御座舟や霧間もれたる須磨明石,"gozabune ya
kiri ma moretaru
Suma Akashi","the royal barge—
through gaps in the fog
Suma, Akashi",松江 重頼,Matsue Shigeyori,1602–1680,Autumn,"霧 【きり】 kiri, autumn mist / fog [see note ""On Haze, Mist, Fog""] (all autumn).",,ＮKBZ 近世俳句俳文集,"御座舟 (gozabune) = a royal/official barge. Through breaks in the autumn fog, the storied shores of Suma and Akashi appear.",,,,,,,,,,,,,,,,,,,
Edo,ふる雪は京おしろいとみやこ哉,"furu yuki wa
kyo oshiroi to
miyako kana","falling snow
is the capital's face powder—
such a city",松江 重頼,Matsue Shigeyori,1602–1680,Winter,"雪 【ゆき】 yuki, snow (all winter).",,ＮKBZ 近世俳句俳文集,"京おしろい (kyō oshiroi) = Kyoto face powder, famous for its whiteness. Snow as the capital's cosmetic.",,,,,,,,,,,,,,,,,,,
Edo,ながむとて花にもいたし首の骨            ,"nagamu to te  
hana ni mo itashi     
kubi no hone      
    ","staring at
the blossoms it hurts
my neck bone          
",西山 宗因,Nishiyama Sōin ,1605-1682,Spring,"花 【はな】 hana, (cherry) blossoms [in haiku and haikai the simple word hana 花 refers to cherry blossoms, as do all kigo listed here; but note that in Manyōshū and some other early poetry hana was understood as referring to ume 梅【うめ】plum blossoms, an early spring topic] (late spring).",,,Variant of Row 151. Gazing at blossoms until the neck aches—comic devotion to flower-viewing.,,,,,,,,,,,,,,,,,,,
Edo,さればここに談林の木あり梅の花,"sareba kokoni     
danrin no ki ari   
ume no hana 
","and here stands
the Danrin tree of haiku—
plum blossoms",西山 宗因,Nishiyama Sōin ,1605-1682,Spring,"梅 【うめ】 ume, （sometimes むめ mume）, plum (blossoms) [technically, the ""Japanese apricot"", Prunus mume; but this has almost always been translated ""plum"" for literary purposes] (early spring).",,,Danrin school (談林) haiku. Here stands the Danrin plum tree. Sōin's manifesto poem for his school.,,,,,,,,,,,,,,,,,,,
Edo,ながむとて花にもいたし頸の骨," 


","gazing so long
at the blossoms—
neck bones aching",西山 宗因,Nishiyama Sōin ,1605-1682,Spring,"花 【はな】 hana, (cherry) blossoms [in haiku and haikai the simple word hana 花 refers to cherry blossoms, as do all kigo listed here; but note that in Manyōshū and some other early poetry hana was understood as referring to ume 梅【うめ】plum blossoms, an early spring topic] (late spring).",,,Shortened variant of Row 149. 首の骨 (kubi no hone) / 頸の骨 = neck bone.,,,,,,,,,,,,,,,,,,,
Edo,今こんといひしばかりの料理かな," 


","""I'll come soon,"" you said—
and then nothing but that
for dinner",西山 宗因,Nishiyama Sōin ,1605-1682,Summer,"料理 【りょうり】 ryōri, cooking / meal.",,,"""I'll come right away""—a laconic poem about a guest who never comes, leaving only the meal.",,,,,,,,,,,,,,,,,,,
Edo,里人のわたり候かはしの霜," 


","has a villager
crossed the bridge?—frost
covers the river",西山 宗因,Nishiyama Sōin ,1605-1682,Winter,"霜 【しも】 shimo, frost (mid winter).",,,"Has a villager crossed? The frosted bridge as evidence of passage, or absence of it.",,,,,,,,,,,,,,,,,,,
Edo,若竹の心かけ樋や軒のつま,"waka-take no
kokoro-kake hi ya
noki no tsuma","a bamboo pipe
for the young shoot—dripping
from the eave's edge",山本西武,Yamamoto Saimu ,1610 – 1682 ,Summer,"若竹 【わかたけ】 wakatake, young bamboo (mid summer).",,ＮKBZ 近世俳句俳文集,"pun: kokorokake = ""hanging one's heart on"" and 懸樋 (kakehihi) = hanging water pipe; 軒のつま = eave's edge / wife at the eave.",,,,,,,,,,,,,,,,,,,
Edo,鶯の歌や書ぞめ鳥のあと,"uguisu no
uta ya kakizome
tori no ato","taking the warbler's song
for the first calgraphy of the year
like bird tracks",山本西武,Yamamoto Saimu ,1610 – 1682 ,New year,"書初 【かきぞめ】 kakizome, first calligraphy [of the New Year] (New Year).",Hawk of Tsukuba Collection,ＮKBZ 近世俳句俳文集,,,,,,,,,,,,,,,,,,,,
Edo,咲くえだの夭々たるや桃の酒,"saku eda no
yōyōtaru ya
momo no sake","the flowering boughs
pictured so youthfully—
pulm sake",山本西武,Yamamoto Saimu ,1610 – 1682 ,Spring,"桃の酒 【もものさけ】 momo no sake, peach wine (early spring, 3rd Month).",mizukuruma,ＮKBZ 近世俳句俳文集,夭夭 (yōyō) = young and flourishing (from the Classic of Poetry). Peach blossom wine at the Dolls Festival.,,,,,,,,,,,,,,,,,,,
Edo,さほ姫のかく恋草や土の筆,"sahohime no
kaku koe-gusa ya
tsuchi no fude","Princes Sao 
expresses her weedy love
with horsetail shoot",山本西武,Yamamoto Saimu ,1610 – 1682 ,Spring,"土筆 【つくし】 tsukushi, horsetail shoot(s) [the reproductive shoots of Equisetum arvense] (mid spring).",Hawk of Tsukuba Collection,ＮKBZ 近世俳句俳文集,,,,,,,,,,,,,,,,,,,,
Edo,若竹の心かけ樋や軒のつま,"waka-take no
kokoro-kake hi ya
noki no tsuma","the consideration to 
mount a young bamboo gutter—
on the eaves ",山本西武,Yamamoto Saimu ,1610 – 1682 ,Summer,"若竹 【わかたけ】 wakatake, young bamboo (mid summer).",Hawk of Tsukuba Collection,ＮKBZ 近世俳句俳文集,pun: kokorokake=kakehi; tsu as egde and wife,,,,,,,,,,,,,,,,,,,
Edo,そちは何をなげきの森のよるの蝉,"sochi wa nani wo
nageki no mori no
yoru no semi","what is it you grieve
in the forest of sorrow
cicada of the night?","安原貞室
",Yasuhara Teishitsu,1610-1673,Autumn,"蝉 【せみ】 semi, cicada (all autumn).",Jeweled Sea Collection,ＮKBZ 近世俳句俳文集,嘆きの森 (nageki no mori) = forest of sorrow. The cicada asked what it grieves—addressed as a suffering soul.,,,,,,,,,,,,,,,,,,,
Edo,こもよみこ餅煮んとつむ若菜哉,"komo yo mi ko
mochi ni n to tsumu
wakana kana","""dear child with your basket""—
gathering greens to make
festival mochi","安原貞室
",Yasuhara Teishitsu,1610-1673,New Year,"若菜 【わかな】 wakana, young herbs (New Year / early spring).",Jeweled Sea Collection,ＮKBZ 近世俳句俳文集,こもよみこ (komo yo mi ko) = opening of the Man'yōshū poem no. 1. Young herbs gathered to cook into mochi cakes.,,,,,,,,,,,,,,,,,,,
Edo,これはこれはとばかり花の吉野,"kore wa kore wa to 
bakari hona no
yoshino yama","this is it, this is it!
that's the only thing to say
Mt. Yoshino","安原貞室
",Yasuhara Teishitsu,1610-1673,Spring,"花 【はな】 hana, (cherry) blossoms [in haiku and haikai the simple word hana 花 refers to cherry blossoms, as do all kigo listed here; but note that in Manyōshū and some other early poetry hana was understood as referring to ume 梅【うめ】plum blossoms, an early spring topic] (late spring).",,,"これはこれは (kore wa kore wa) = ""Oh my, oh my!""—speechless before the blossoms of Yoshino. Famous exclamatory haiku.",,,,,,,,,,,,,,,,,,,
Edo,歌いくさ文武二道の蛙かな,"uta ikusa
bunbu nido no
kawazu kana","the poetry war—
a frog of two ways:
pen and sword","安原貞室
",Yasuhara Teishitsu,1610-1673,Spring,"蛙 【かわず】 kawazu, （かはづ）, frog(s) [note that this is a literary word] (all spring).",,,歌いくさ (uta ikusa) = poetry battle. 文武二道 (bunbu nidō) = the two paths of letters and arms. The frog masters both.,,,,,,,,,,,,,,,,,,,
Edo,夏迄もとつておきなの氷室哉,"natsu made mo
totte oki nao no
himuro kana","kept right through
to summer—the old man's
ice-house",高瀬梅盛,Takase Baisei,1619 - 1702,Summer,"氷室 【ひむろ】 himuro, ice house / ice cellar (mid summer).",Pebbles,ＮKBZ 近世俳句俳文集,氷室 (himuro) = a pit where winter ice was preserved for summer use. The old man (おきな) keeps ice through the heat.,,,,,,,,,,,,,,,,,,,
Edo,口ばしを雲にかけぬる雲雀かな,"kuchibashi wo
kumo ni kake nuru
hibare kana","beak stretched up
lodged in the clouds—
the skylark",高瀬梅盛,Takase Baisei,1619 - 1702,Spring,"雲雀 【ひばり】 hibari, skylark [Alauda arvensis] (all spring).",Jeweled Sea Collection,ＮKBZ 近世俳句俳文集,"The skylark's beak seems to reach the clouds. 口ばし (kuchibashi) = beak, literally ""mouth chopstick.""",,,,,,,,,,,,,,,,,,,
Edo,春立つや人の心をうご霞,"haru tatsu ya
hito no kokoro wo
ugo kasumi","spring arrives—
moving the human heart
the haze stirs",高瀬梅盛,Takase Baisei,1619 - 1702,Spring,"春立つ 【はるたつ】 haru tatsu, spring begins (early spring).",Book of Impersonations,ＮKBZ 近世俳句俳文集,霞 (kasumi) = spring haze. Spring stirs human hearts as the haze stirs in the landscape.,,,,,,,,,,,,,,,,,,,
Edo,月の貌やふけてもわかし十八夜,"tsuki no kao ya
fukete mo wakashi
juhachiya","the moon's face—
even deep in the night, young
on the eighteenth night",高瀬梅盛,Takase Baisei,1619 - 1702,Autumn,"月 【つき】 tsuki, moon (mid autumn).",,ＮKBZ 近世俳句俳文集,十八夜 (jūhachiya) = the eighteenth night of the lunar month. The moon still young-looking even late in the night.,,,,,,,,,,,,,,,,,,,
Edo,独寝も肌やあはする紙ぶすま,"hitori ne mo
hada ya awasuru
kami buton","sleeping alone—
even skin touching
the paper coverlet",高瀬梅盛,Takase Baisei,1619 - 1702,Winter,"紙ぶすま 【かみぶすま】 kami-buton, paper coverlet (winter).",,ＮKBZ 近世俳句俳文集,独寝 (hitori-ne) = sleeping alone. Even a paper coverlet feels like warmth when sleeping alone in the cold.,,,,,,,,,,,,,,,,,,,
Edo,名乗りけり大をんじゃうしほととぎす,"• 
• 
• ","it proclaimed its name—
what a mighty voice—
the cuckoo",北村 季吟,Kitamura Kigin,1625-1705,Summer,"郭公 【ほととぎす】 hototogisu, little cuckoo (all summer).",,,"大音声 (daionshō) = a mighty voice. The cuckoo ""proclaims its name""—an image from Noh and warrior tales.",,,,,,,,,,,,,,,,,,,
Edo,夏痩と答へてあとは涙かな,"• 
• 
• ","summer leanness—
I answered and after that
only tears",北村 季吟,Kitamura Kigin,1625-1705,Summer,"夏痩せ 【なつやせ】 natsuyase, summer weight loss (all summer).",,,"Kigin's version of the ""summer thinness"" motif. Answering honestly leads to tears of sympathy.",,,,,,,,,,,,,,,,,,,
Edo,まざまざといますがごとし魂祭,"• 
• 
• ","so vividly
as if here and present—
the spirit festival",北村 季吟,Kitamura Kigin,1625-1705,Autumn,"魂祭 【たままつり】 tama-matsuri, spirit / Bon festival (mid autumn).",,,魂祭 = the Bon festival. The spirit appears so vividly it seems still present—ghostly vision at the festival.,,,,,,,,,,,,,,,,,,,
Edo,腰をふる門やかぶきもの,"• 
• 
• ","hips swaying
at the gate—the dandy
passing by",北村 季吟,Kitamura Kigin,1625-1705,Summer,"郭公 【ほととぎす】 hototogisu, little cuckoo (all summer).",,,傾城 (keisei) = a courtesan. The dandy swaying past the gate in summer heat.,,,,,,,,,,,,,,,,,,,
Edo,身がろげに舞ふ羽づかひや趙飛燕,"• 
• 
• ","light as a feather
her dancing sleeves—
Zhào Fēiyàn",北村 季吟,Kitamura Kigin,1625-1705,Spring,"花 【はな】 hana, (cherry) blossoms [in haiku and haikai the simple word hana 花 refers to cherry blossoms, as do all kigo listed here; but note that in Manyōshū and some other early poetry hana was understood as referring to ume 梅【うめ】plum blossoms, an early spring topic] (late spring).",,,"趙飛燕 (Zhào Fēiyàn) = a famous Han dynasty dancer, so light she could dance on a palm.",,,,,,,,,,,,,,,,,,,
Edo,桃の酒いつみかはけふ三かのはら,"• 
• 
• ","the peach blossom wine—
how many cups on
this third-month plain?",北村 季吟,Kitamura Kigin,1625-1705,Spring,"桃の酒 【もものさけ】 momo no sake, peach wine (early spring).",,,"三かのはら (mika no hara) = the plain of Mika, a famous utamakura. Third-month peach wine festival.",,,,,,,,,,,,,,,,,,,
Edo,匂ひみちぬ天も地もとの花ざかり,"• 
• 
• ","fragrance fills all—
heaven and earth alike
at full blossom",北村 季吟,Kitamura Kigin,1625-1705,Spring,"花 【はな】 hana, (cherry) blossoms [in haiku and haikai the simple word hana 花 refers to cherry blossoms, as do all kigo listed here; but note that in Manyōshū and some other early poetry hana was understood as referring to ume 梅【うめ】plum blossoms, an early spring topic] (late spring).",,,天も地も (ten mo chi mo) = heaven and earth alike. Fragrance completely filling all space at peak blossom.,,,,,,,,,,,,,,,,,,,
Edo,地主からは木の間の花の都哉,"• 
• 
• ","from Jizhu's grounds—
between the trees, the blossoms
of the capital",北村 季吟,Kitamura Kigin,1625-1705,Spring,"花 【はな】 hana, (cherry) blossoms [in haiku and haikai the simple word hana 花 refers to cherry blossoms, as do all kigo listed here; but note that in Manyōshū and some other early poetry hana was understood as referring to ume 梅【うめ】plum blossoms, an early spring topic] (late spring).",,,"地主 (jishu) = Jizhu Gongen, tutelary deity of Kiyomizudera, celebrated for cherry blossoms.",,,,,,,,,,,,,,,,,,,
Edo,はら筋をよりてや笑ふ絲ざくら,"• 
• 
• ","drawing out the belly
laughing, twisted—
the weeping cherry",北村 季吟,Kitamura Kigin,1625-1705,Spring,"糸桜 【いとざくら】 ito-zakura, weeping cherry (mid spring).",,,腹筋 (hara suji) = belly muscles; よりて (yorite) = twisted/wrung out. The weeping cherry makes one double over laughing.,,,,,,,,,,,,,,,,,,,
Edo,めづらしや二四八のほととぎす,"• 
• 
• ","how rare—
the cuckoo of
the twenty-fourth day",北村 季吟,Kitamura Kigin,1625-1705,Summer,"郭公 【ほととぎす】 hototogisu, little cuckoo (all summer).",,,二四八 (ni-shi-hachi) may refer to a particular date or count. The cuckoo appearing on an unusual day.,,,,,,,,,,,,,,,,,,,
Edo,鴈は文字おほふや霧のゐんふたぎ,"• 
• 
• ","• 
• 
• ",北村 季吟,Kitamura Kigin,1625-1705,Autumn,"雁 【かり】 kari, (wild) goose/geese [usually Anser species, though Branta are included] (late autumn).",,,雁 (kari) = wild geese in the autumn sky. Kigin's verse on the geese and writing—霧 (kiri) = fog.,,,,,,,,,,,,,,,,,,,
Edo,年の内へふみこむ春の日足哉,"• 
• 
• ","• 
• 
• ",北村 季吟,Kitamura Kigin,1625-1705,New Year,"春の日足 【はるのひあし】 haru no hiashi, lengthening spring days (all spring).",,,年の内 (toshi no uchi) = within the old year. Spring's lengthening days arriving before New Year's has officially ended.,,,,,,,,,,,,,,,,,,,
Edo,一僕とぼくぼくあるく花見かな,"hitoshimobe to
boku boku aruku
hanami kana","just one attendant
and I plod along
blossom viewing",北村 季吟,Kitamura Kigin,1625-1705,Spring,"花見 【はなみ】 hanami, (cherry) blossom viewing (late spring).",,,One attendant plodding along at a leisurely blossom-viewing pace. Kigin's self-portrait as a humble viewer.,,,,,,,,,,,,,,,,,,,
Edo,夏痩と答へてあとは涙かな,"natsuyase to
kotaete ato wa
namida kana","summer thinness—
that's my answer, and after
only tears remain",北村 季吟,Kitamura Kigin,1625-1705,Summer,"夏痩せ 【なつやせ】 natsuyase, summer thinness (all summer).",,,Duplicate of Row 171.,,,,,,,,,,,,,,,,,,,
Edo,くず水や花の下ゆく吉野川,"kuzumizu ya
hana no shita yuku
Yoshino-gawa","arrowroot water—
beneath the blossoms flows
the Yoshino River",北村 季吟,Kitamura Kigin,1625-1705,Spring,"花 【はな】 hana, (cherry) blossoms [in haiku and haikai the simple word hana 花 refers to cherry blossoms, as do all kigo listed here; but note that in Manyōshū and some other early poetry hana was understood as referring to ume 梅【うめ】plum blossoms, an early spring topic] (late spring).",,,"Variant of Row 182. くず水 (kuzumizu) = arrowroot water, clear and cool, flowing under the blossoms of Yoshino.",,,,,,,,,,,,,,,,,,,
Edo,秋風の姿なりけりむらすすき,"aki kaze no
sugata nari keri
mura susuki","the form of the autumn wind—
that is what it is:
clusters of pampas grass",北村 季吟,Kitamura Kigin,1625-1705,Autumn,"秋風 【あきかぜ】 akikaze, autumn breeze / autumn wind [carries with it the sound of rustling leaves] (all autumn).",,,村薄 (murasusuki) = clumps of pampas grass. The autumn wind's form made visible through swaying pampas grass.,,,,,,,,,,,,,,,,,,,
Edo,一僕とぼくぼくありく花見哉,"hitoshimobe to
boku boku ariku
hanami kana","with just one servant
I plod plod along
for blossom viewing",北村 季吟,Kitamura Kigin,1625-1705,Spring,"花見 【はなみ】 hanami, (cherry) blossom viewing (late spring).",,,Variant of Rows 182/184.,,,,,,,,,,,,,,,,,,,
Edo,地主からは木の間の花の都かな,"jishu kara wa
koma no hana no
miyako kana","from Jizhu's grounds
between the tree-gap blossoms—
the capital",北村 季吟,Kitamura Kigin,1625-1705,Spring,"花 【はな】 hana, (cherry) blossoms [in haiku and haikai the simple word hana 花 refers to cherry blossoms, as do all kigo listed here; but note that in Manyōshū and some other early poetry hana was understood as referring to ume 梅【うめ】plum blossoms, an early spring topic] (late spring).",,,Variant of Row 177.,,,,,,,,,,,,,,,,,,,
Edo,腰をふる門の柳やかぶきもの,"koshi wo furu
kado no yanagi ya
kabuki mono","swaying at the hips
at the gate, the willow—
a dandy strolling",北村 季吟,Kitamura Kigin,1625-1705,Spring,"柳 【やなぎ】 yanagi, willow(s) / weeping willow(s) (late spring).",,,Variant of Row 173. The gate willow swaying like a kabukimono (dandy) at the hips.,,,,,,,,,,,,,,,,,,,
Edo,まざまざといますが如し魂祭,"mazamaza to
imasu ga gotoshi
tamamatsuri","so vivid and clear
as if still present—
the souls' festival",北村 季吟,Kitamura Kigin,1625-1705,Autumn,"魂祭 【たままつり】 tama-matsuri, spirit / Bon festival (mid autumn).",,,Variant of Row 172. The spirit appearing so vividly at the Bon festival.,,,,,,,,,,,,,,,,,,,
Edo, 時雨るるや黒木積む屋の窓あかり,"• 
• 
• ","• 
• 
• ",野沢凡兆,Nozawa Bonchō,1640 - 1714,Winter,"時雨 【しぐれ】 shigure, (winter) shower/drizzle (early winter).",,,黒木 (kuroki) = black/charcoal wood. Window glowing from stacked wood in the drizzle—warmth within the dark.,,,,,,,,,,,,,,,,,,,
Edo,,,,野沢凡兆,Nozawa Bonchō,1640 - 1714,,,『去来発句集』『貞享三年其角歳旦帖』（,日本古典文学全集 (256) 蝸牛俳句文庫31 (4),,,,,,,,,,,,,,,,,,,,
Edo,手をはなつ中に落ちけり朧月,"te wo hanatu
naka ni ochi keri
oborozuki","letting go the hand—
into that space between
falls the hazy moon",野沢凡兆,Nozawa Bonchō,1640 - 1714,Spring,"朧月 【おぼろづき】 oborozuki, hazy moon (all spring).",,,手をはなつ (te wo hanatu) = releasing the hand. The hazy spring moon falls into the space between parted hands.,,,,,,,,,,,,,,,,,,,
Edo,元日や家に譲りの太刀帯かん,ganjitsu ya ie ni yuzuri no tachi hakan,"first day-
the sword past down in my family
I will wear
",野沢凡兆,Nozawa Bonchō,1640 - 1714,New Year,"元日 【がんじつ】 ganjitsu, New Year's Day (New Year).",,,家に譲りの太刀 (ie ni yuzuri no tachi) = the inherited sword of the house. Wearing the ancestral blade on New Year's morning.,,,,,,,,,,,,,,,,,,,
Edo,うめ一輪一りんほどのあたゝかさ,ume ichirin chirin hodo no atatakasa ,"one branch of plum
one branch worth of
warmth
",野沢凡兆,Nozawa Bonchō,1640 - 1714,winter,cold plum,遠のく,,,,,,,,,,,,,,,,,,,,,
Edo,わびぬれば身は埓もなきもぞくかな,"wabi nureba
mi wa rato mo naki
mozoku kana","grown so forlorn—
my body unbounded
like mozuku seaweed",野沢凡兆,Nozawa Bonchō,1640 - 1714,Summer,"もぞく mozoku, mozuku seaweed (summer).",,,侘びぬれば (wabi nureba) = having grown forlorn. The self compared to unmoored mozuku seaweed.,,,,,,,,,,,,,,,,,,,
Edo,ながながと川一筋や雪の原,"naganaga to
kawa hitosuji ya
yuki no hara","long and long
the single river flows
across the snowy plain",野沢凡兆,Nozawa Bonchō,1640 - 1714,Winter,snow,Sarumino,momoko,,,,,,,,,,,,,,,,,,,,
Edo,軽口にまかせてなけよほととぎす 　　　（任口）,"karuguchi ni 
makasete nakeyo 
hototogisu  
","just adlib
your song
cuckoo",井原西鶴,Ihara Saikaku,1642-1693,Summer,"郭公 【ほととぎす】 hototogisu, little cuckoo (all summer).",,,軽口 (karukuchi) = light talk / witty banter. Even the cuckoo is allowed to cry as it pleases—lighthearted.,,,,,,,,,,,,,,,,,,,
Edo,何と世に桜も咲かず下戸ならば,"nani to yo ni   
sakura sakazu  
geko naraba   
 ","if only in  this world
the cherry trees did not bloom
and one was a teetotaler
",井原西鶴,Ihara Saikaku,1642-1693,Spring,"花 【はな】 hana, (cherry) blossoms [in haiku and haikai the simple word hana 花 refers to cherry blossoms, as do all kigo listed here; but note that in Manyōshū and some other early poetry hana was understood as referring to ume 梅【うめ】plum blossoms, an early spring topic] (late spring).",,,下戸 (geko) = a non-drinker. What kind of world if cherry blossoms didn't bloom and no one drank?,,,,,,,,,,,,,,,,,,,
Edo,大晦日定めなき世のさだめ哉,"ōmisoka
sadame naki yo no 
sadame kana","New Years Eve
in our unsettled world
is the only constant ",井原西鶴,Ihara Saikaku,1642-1693,winter,New Years Eve,Sanganotsu 三ヶ津,momoko,"debts are payed on new years
commoner viewpoint ",,,,,,,,,,,,,,,,,,,
Edo,春立つや新年ふるき小目五升,"haru tasu 
shinnen furuki 
go-shō","spring begins―
for the new year, five pints
of old rice
",,Matsuo Bashō,,Spring,Beginning of spring,,英訳saijiki,,,,,,,,,,,,,,,,,,,,
Edo,春雨や蜂の巣つたふ屋根の漏,"harusame ya
hachi no su tsutau
yane no mori","spring rain―
along a bee nest
the roof leak",松尾芭蕉,Matsuo Bashō,1644 – 1694 ,Spring,spring rain,,英訳saijiki,,,,,,,,,,,,,,,,,,,,
Edo,六月や峯に雲置あらし山,"roku-gatsu ya
mine ni kumo oku
arashi yama","the sixth month-
a cloud set on its peak
Mt. Storm",松尾芭蕉,Matsuo Bashō,1644 – 1694 ,Summer,"六月 【ろくがつ】 rokugatsu, Sixth Month (mid summer).",,,嵐山 (Arashiyama) = Storm Mountain near Kyoto. Summer storm clouds building on the peak.,,,,,,,,,,,,,,,,,,,1
Edo,,"araumi ya
sado ni yokotau
Amanogawa","The rough sea—
Extending toward Sado Isle,
The Milky Way.",松尾芭蕉,Matsuo Bashō,1644 – 1694 ,Summer,"Summer
夏 natsu
",,英訳saijiki,,,,,,,,,,,,,,,,,,,"the sixth month --
with clouds laid on its summit
Mount-Arashi 
Tr. Ueda Makoto ",
Edo,甲比丹もくばはせけり君が春,"kapitan mo
tsukuba hase keri
kimi ga haru","  the Capatin also,
    came to bow to;
  our Lord's spring",松尾芭蕉,Matsuo Bashō,1644 – 1694 ,New Year,"君が春 【きみがはる】 kimi ga haru, the lord's New Year (New Year).",,,甲比丹 (kapitan) = Dutch East India Company captain in Nagasaki. Even a foreign captain bows to the Japanese New Year.,,,,,,,,,,,,,,,,,,,
Edo,よく見ればなづな花咲く垣根哉,"yoku mireba
nazuna hanasaku
kakine kana","look closely:
the shepherd's purse is
flowering at the hedge",松尾芭蕉,Matsuo Bashō,1644 – 1694 ,Spring,"薺 【なずな】 nazuna, shepherd's purse [Capsella bursa-pastoris] (all spring).",,,よく見れば (yoku mireba) = if you look closely. Bashō's famous verse on attentiveness.,,,,,,,,,,,,,,,,,,"	Looking carefully,—
There is a shepherd's-purse
	Blooming under the hedge.
Blyth, Haiku vol. 4, 981",
Edo,春まくや人さまざまも伊勢まいり,"haru-meku ya
hito samazama no
ise-mairi        ","vernal signs―
people on various 
Ise pilgramages  ",山本荷兮,Yamamoto Kakei,1648－1716,spring,"Vernal signs
春めくharu-meku
",,英訳saijiki,,,,,,,,,,,,,,,,,,,,
Edo,春の日に念仏ゆるき野寺かな,"haru no hi ni
nembutsu yuruki
no-dera kana        ","on a spring day
the nembutsu chant grows languid
in a country temple  ",江左尚白,Esa Shōhaku,1650–1722,spring,"Spring day
 春の日 haru no hi
",,"Spring day
春の日 haru no hi",,,,,,,,,,,,,,,,,,,,
Edo,石塔もはや苔つくや春の雨,"sekitō
mohaya koke tsuku ya
haru no ame        ","on the stone stupa
already moss grows―
spring rain",向井去来, Mukai Kyorai ,1651-1704,Spring,Spring rain,,英訳saijiki,,,,,,,,,,,,,,,,,,,,
Edo,,,"• 
• 
• ",向井去来,Mukai Kyorai ,1651-1704,,,,,,,,,,,,,,,,,,,,,,,,
Edo,,,,向井去来,Mukai Kyorai ,1651-1704,,,,,,,,,,,,,,,,,,,,,,,,
Edo,元日や家に譲りの太刀帯かん,ganjitsu ya ie ni yuzuri no tachi hakan,"first day-
the sword past down in my family
I will wear
",向井去来,Mukai Kyorai ,1651-1704,New Year,"元日 【がんじつ】 ganjitsu, New Year's Day (New Year).",,,Variant of Row 193. Wearing the inherited sword on New Year's morning.,,,,,,,,,,,,,,,,,,,
Edo,花守や白き頭をつきあわせて,"Hana mori ya   blossom guards-
 Shiroki kashira wo  poking white heads together
 Tsukiawasete   for a chat
","the blossom keeper—
two white heads
bent together",向井去来,Mukai Kyorai ,1651-1704,Spring,"花 【はな】 hana, (cherry) blossoms [in haiku and haikai the simple word hana 花 refers to cherry blossoms, as do all kigo listed here; but note that in Manyōshū and some other early poetry hana was understood as referring to ume 梅【うめ】plum blossoms, an early spring topic] (late spring).",,,Two white-haired blossom guardians knocking heads together—tender humorous image of old age and devotion.,,,,,,,,,,,,,,,,,,,
Edo,さほひめやかくる柳の長かもじ　,"saho hime ya
kakuru yanagi no
naga kamoji","Saho-hime!
the willow conceals her
long streaming hair",向井去来,Mukai Kyorai ,1651-1704,Spring,"柳 【やなぎ】 yanagi, willow(s) / weeping willow(s) (late spring).",,,Variant of Row 137. Spring rain washing and combing willow hair.,,,,,,,,,,,,,,,,,,,
Edo,鶯が引琴の緒や糸柳　,"uguisu ga
hiki koto no o ya
itoyanagi","the warbler strums
the koto strings—
the thread willow",向井去来,Mukai Kyorai ,1651-1704,Spring,"柳 【やなぎ】 yanagi, willow(s) / weeping willow(s) (late spring).",,,Variant of Row 81. Fire-rat pelt and riverside willow.,,,,,,,,,,,,,,,,,,,
Edo,春雨にあらいてけづれ柳がみ　,"harusame ni
araite kezure
yanagikami","washed in spring rain
and combed through—
willow hair",向井去来,Mukai Kyorai ,1651-1704,Spring,"柳 【やなぎ】 yanagi, willow(s) / weeping willow(s) (late spring).",,,Variant of Row 5. The gnarled willow seen as lacking power.,,,,,,,,,,,,,,,,,,,
Edo,もえながら有るや火鼠のかは柳,"moe nagara
aru ya hinezumi no
kawa yanagi","burning yet surviving—
the fire-rat pelt
and riverside willow",向井去来,Mukai Kyorai ,1651-1704,Spring,"柳 【やなぎ】 yanagi, willow(s) / weeping willow(s) (late spring).",,,Variant of Row 139. The gnarled willow revealed by Kannon's power.,,,,,,,,,,,,,,,,,,,
Edo,気力なしと誰かは見ましこぶ柳　,"kiryoku nashi to
dare ka wa mimashi
kobu yanagi","lacking all vigor—
who would see that
in a gnarled willow?",向井去来,Mukai Kyorai ,1651-1704,Spring,"柳 【やなぎ】 yanagi, willow(s) / weeping willow(s) (late spring).",,,,,,,,,,,,,,,,,,,,,,
Edo,観音のちからや見するこぶ柳,"Kannon no
chikara ya misuru
kobu yanagi","by Kannon's power—
revealed to us:
the gnarled willow",向井去来,Mukai Kyorai ,1651-1704,Spring,"柳 【やなぎ】 yanagi, willow(s) / weeping willow(s) (late spring).",,,,,,,,,,,,,,,,,,,,,,
Edo,元日や家に譲りの太刀帯（は）かん,"ganjitsu ya
ie ni yuzuri no
tachi hakan","New Year's morning—
my inherited sword
worn at the waist",向井去来,Mukai Kyorai ,1651-1704,New Year,"元日 【がんじつ】 ganjitsu, New Year's Day (New Year).",,,Variant of Row 211. Wearing the inherited sword on New Year's morning.,,,,,,,,,,,,,,,,,,,
Edo,鉢たたき来ぬ夜となれば朧なり,"hachi tataki
konu yo to nareba
oboro nari","the bowl-beaters gone
and night grown hazy—
the bowl-striking night",向井去来,Mukai Kyorai ,1651-1704,Spring,"朧 【おぼろ】 oboro, misty (night) / hazy (night) [see ""On Haze, Mist, Fog""] (all spring).",,,"鉢たたき (hachi tataki) = bowl-beaters, Buddhist mendicants. Night turning hazy as they depart.",,,,,,,,,,,,,,,,,,,
Edo,うごくとも見えで畑打つ男かな,"ugoku to mo
miede hata utsu
otoko kana","seeming not to move
yet plowing the fields—
the man at work",向井去来,Mukai Kyorai ,1651-1704,Spring,"畑打ち 【はたうち】 hata uchi, field plowing (spring).",,,The man plowing the field appears motionless—though working hard. Zen-like observation.,,,,,,,,,,,,,,,,,,,
Edo,花守や白き頭をつき合せ,"hanamori ya
shiroki atama wo
tsuki awase","blossom keepers—
their white heads
bumping together",向井去来,Mukai Kyorai ,1651-1704,Spring,"花 【はな】 hana, (cherry) blossoms [in haiku and haikai the simple word hana 花 refers to cherry blossoms, as do all kigo listed here; but note that in Manyōshū and some other early poetry hana was understood as referring to ume 梅【うめ】plum blossoms, an early spring topic] (late spring).",,,Variant of Row 212.,,,,,,,,,,,,,,,,,,,
Edo,何事ぞ花見る人の長刀,"nanigoto zo
hanami ru hito no
naginata","what's this all about?
the long sword
of the blossom-viewer",向井去来,Mukai Kyorai ,1651-1704,Spring,"花 【はな】 hana, (cherry) blossoms [in haiku and haikai the simple word hana 花 refers to cherry blossoms, as do all kigo listed here; but note that in Manyōshū and some other early poetry hana was understood as referring to ume 梅【うめ】plum blossoms, an early spring topic] (late spring).",,,なぎなた (naginata) = halberd. An incongruous weapon at a blossom-viewing party.,,,,,,,,,,,,,,,,,,,
Edo,一昨日（おととひ）はあの山こえつ花ざかり,"ototoi wa
ano yama koetsu
hanazakari","the day before yesterday
I crossed that mountain—
blossoms at their peak",向井去来,Mukai Kyorai ,1651-1704,Spring,"花盛り 【はなざかり】 hanazakari, peak blossom (mid spring).",,,The day before yesterday I crossed that mountain—now at peak blossom. Journey to the blossoms.,,,,,,,,,,,,,,,,,,,
Edo,郭公（ほととぎす）なくや雲雀と十文字,"hototogisu
naku ya hibari to
jumonji","the cuckoo cries—
crossing paths with the lark
in a cross shape",向井去来,Mukai Kyorai ,1651-1704,Summer,"郭公 【ほととぎす】 hototogisu, little cuckoo (all summer).",,,The cuckoo's cry crossing paths with the skylark's—their flight paths forming a cross (十文字) in the sky.,,,,,,,,,,,,,,,,,,,
Edo,うの花の絶間たゝかん闇の門,"uno hana no
tatema tatakan
yami no kado","in the gap of deutzia
I shall knock—
the gate in darkness",向井去来,Mukai Kyorai ,1651-1704,Summer,"卯の花 【うのはな】 u-no-hana, deutzia flowers (early summer).",,,闇の門 (yami no kado) = gate in darkness. The deutzia flowers glowing white in the dark.,,,,,,,,,,,,,,,,,,,
Edo,湖の水まさりけり五月雨,"mizu no umi
masari keri
samidare","the lake water
has risen—
the long summer rains",向井去来,Mukai Kyorai ,1651-1704,Summer,"五月雨 【さみだれ】 samidare, early summer rains (mid summer).",,,湖 (mizuumi) = lake. The lake level rises with the summer rains.,,,,,,,,,,,,,,,,,,,
Edo,手のうへにかなしく消ゆる螢かな,"te no ue ni
kanashiku kiyuru
hotaru kana","on the palm of my hand
sadly fading out—
a firefly",向井去来,Mukai Kyorai ,1651-1704,Summer,"蛍 【ほたる】 hotaru, firefly / fireflies (mid summer).",,,手のうへ (te no ue) = on the palm. A firefly fading out on the palm—pathos of transient light.,,,,,,,,,,,,,,,,,,,
Edo,螢火や吹きとばされて鳰のやみ,"hotaruhi ya
fuki tobasarete
niwa no yami","firefly light—
blown away
into the garden's dark",向井去来,Mukai Kyorai ,1651-1704,Summer,"蛍 【ほたる】 hotaru, firefly / fireflies (mid summer).",,,鳰 (nio) = grebe. Firefly blown into the dark waters of the grebe's lake.,,,,,,,,,,,,,,,,,,,
Edo,石も木も眼にひかる暑さかな,"ishi mo ki mo
me ni hikaru
atsusa kana","stones and trees alike
glittering to the eye—
the heat",向井去来,Mukai Kyorai ,1651-1704,Summer,"暑さ 【あつさ】 atsusa, heat (all summer).",,,Stones and trees glittering in the heat. Everything radiant with the summer sun's intensity.,,,,,,,,,,,,,,,,,,,
Edo,魂棚の奥なつかしや親の顔,"tamadana no
oku natsukashi ya
ota no kao","in the depths of the spirit shelf—
how dear to me:
father's face",向井去来,Mukai Kyorai ,1651-1704,Autumn,"魂棚 【たまだな】 tama-dana, spirit shelf (mid autumn).",,,魂棚の奥 (tamadana no oku) = in the depths of the spirit shelf. Father's face seen in the offerings—Bon festival mourning.,,,,,,,,,,,,,,,,,,,
Edo,いなづまやどの傾城とかり枕,"inazuma ya
dono keisei to
kari makura","lightning flash—
which courtesan
borrowed pillow?",向井去来,Mukai Kyorai ,1651-1704,Autumn,"稲妻 【いなずま】 inazuma, lightning (all autumn).",,,傾城 (keisei) = a courtesan. Lightning flash—which courtesan shares this borrowed pillow tonight?,,,,,,,,,,,,,,,,,,,
Edo,稲妻のかきまぜて行くやみよかな,"inazuma no
kakimazete yuku
yami yo kana","the lightning stirs
and stirs as it passes—
the dark night",向井去来,Mukai Kyorai ,1651-1704,Autumn,"稲妻 【いなずま】 inazuma, lightning (all autumn).",,,掻き交ぜて (kakimazete) = stirring up. Lightning stirs up the darkness as it passes through.,,,,,,,,,,,,,,,,,,,
Edo,岩端や爰（ここ）にもひとり月の客,"iwa hana ya
koko ni mo hitori
tsuki no kyaku","ledge of rock—
here too is one
guest of the moon",向井去来,Mukai Kyorai ,1651-1704,Autumn,"月 【つき】 tsuki, moon (mid autumn).",,,"岩端 (iwa-hana) = rocky ledge. Even here, alone on a rock ledge, one is a guest of the autumn moon.",,,,,,,,,,,,,,,,,,,
Edo,あき風やしら木の弓に弦はらん,"aki kaze ya
shira ki no yumi ni
tsuru haran","autumn wind—
I shall string the bow
of pale birch wood",向井去来,Mukai Kyorai ,1651-1704,Autumn,"秋風 【あきかぜ】 akikaze, autumn breeze / autumn wind [carries with it the sound of rustling leaves] (all autumn).",,,白木の弓 (shiraki no yumi) = bow of unfinished/pale wood. Stringing the white-wood bow in the autumn wind.,,,,,,,,,,,,,,,,,,,
Edo,雁がねの竿になる時尚さびし,"karigane no
sao to naru toki
nao sabishi","when the wild geese
form their pole formation—
still more lonely",向井去来,Mukai Kyorai ,1651-1704,Autumn,"雁 【かり】 kari, (wild) goose/geese [usually Anser species, though Branta are included] (late autumn).",,,"竿 (sao) = pole. When the geese form a pole-like line, loneliness deepens.",,,,,,,,,,,,,,,,,,,
Edo,故郷も今はかり寝や渡鳥,"furusato mo
ima wa kari ne ya
watari dori","even home
is now a borrowed sleep—
the migrating bird",向井去来,Mukai Kyorai ,1651-1704,Autumn,"渡り鳥 【わたりどり】 wataridori, migrating bird(s) (mid autumn).",,,Even one's homeland is now just a temporary resting place—like a migrating bird.,,,,,,,,,,,,,,,,,,,
Edo,鳶の羽もかいつくろひぬ初しぐれ,"tobi no hane mo
kaitsu kuroi nu
hatsushigure","even the kite's wings
have been preened and smoothed—
the season's first rain",向井去来,Mukai Kyorai ,1651-1704,Winter,"初時雨 【はつしぐれ】 hatsushigure, first winter shower (early winter).",,,鳶 (tobi) = black kite (bird). Even the kite preens its wings in the first winter rain.,,,,,,,,,,,,,,,,,,,
Edo,いそがしや沖の時雨の眞帆片帆,"isogashi ya
oki no shigure no
maho kataho","so busy:
the winter squall at sea
full sail, half sail",向井去来,Mukai Kyorai ,1651-1704,Winter,"時雨 【しぐれ】 shigure, (winter) shower/drizzle (early winter).",,,The winter squall at sea—full sail and half sail tacking in the busy storm.,,,,,,,,,,,,,,,,,,,
Edo,こがらしの地にも落さぬしぐれかな,"kogarashi no
chi ni mo otosanu
shigure kana","the wintry blast—
not even letting it fall to earth,
this winter rain",向井去来,Mukai Kyorai ,1651-1704,Winter,"木枯らし 【こがらし】 kogarashi, wintry gust / cold blast (early winter).",,,"The wintry blast—not even letting leaves reach the ground, carrying them off instead.",,,,,,,,,,,,,,,,,,,
Edo,鴨啼くや弓矢を捨てて十余年,"kamo naku ya
yumiya wo sute te
juyo nen","ducks are calling—
been ten-odd years
since I laid down bow and arrow",向井去来,Mukai Kyorai ,1651-1704,Winter,"鴨 【かも】 kamo, wild duck(s) (all winter).",,,Ducks calling—it has been over ten years since Kyorai abandoned the martial arts. Peaceful acceptance.,,,,,,,,,,,,,,,,,,,
Edo,荒磯やはしり馴れたる友千鳥,"araiso ya
hashiri nare taru
tomo chidori","the rocky shore—
accustomed to running there,
flocks of plovers",向井去来,Mukai Kyorai ,1651-1704,Winter,"千鳥 【ちどり】 chidori, plover(s) (all winter).",,,荒磯 (araiso) = rocky seashore. Plovers accustomed to running along the rough shore.,,,,,,,,,,,,,,,,,,,
Edo,応々といへどたゝくや雪の門,"o-o to
iedo tataku ya
yuki no kado","""Yes, yes,"" I call out—
but they keep knocking
at the snow-covered gate",向井去来,Mukai Kyorai ,1651-1704,Winter,"雪 【ゆき】 yuki, snow (all winter).",,,"""Yes, yes""—calling out repeatedly while someone keeps knocking at the snow-covered gate.",,,,,,,,,,,,,,,,,,,
Edo,尾頭の心もとなき海鼠かな,"odono no
kokoromotonaki
namako kana","head and tail
both uncertain—
the sea cucumber",向井去来,Mukai Kyorai ,1651-1704,Winter,"海鼠 【なまこ】 namako, sea cucumber (all winter).",,,The sea cucumber with no clear head or tail—complete uncertainty of direction. Comic winter image.,,,,,,,,,,,,,,,,,,,
Edo,浪うつてよせ来る勢子や花薄,"• 
• 
• ","beating waves
the hunter boy press near
flowering pampas",服部嵐雪,Hattori Ransetsu ,1654-1707,Autumn,"花薄 【はなすすき】 hana-susuki, pampas grass in bloom (mid autumn).",,,勢子 (seko) = beaters in a hunt. Waves beating in like hunt beaters; pampas grass waving like prey flushed out.,,,,,,,,,,,,,,,,,,,
Edo,,"• 
• 
• ","hearth coal
placed; spirit good
New Year’s bells",服部嵐雪,Hattori Ransetsu ,1654-1707,,,,,,,,,,,,,,,,,,,,,,,,
Edo,,"• 
• 
• ","trolling to 
dark Ox Inland
moon viewing boat",服部嵐雪,Hattori Ransetsu ,1654-1707,,,,,,,,,,,,,,,,,,,,,,,,
Edo,"• 
• 
• ","• 
• 
• ","light snow
falling also is tea ceremony
flower
",服部嵐雪,Hattori Ransetsu ,1654-1707,,,,,,,,,,,,,,,,,,,,,,,,
Edo,"• 
• 
• ","• 
• 
• ","basket fire
threading through the reed gaps
cormorant boat:
",服部嵐雪,Hattori Ransetsu ,1654-1707,,,,,,,,,,,,,,,,,,,,,,,,
Edo,"• 
• 
• ","• 
• 
• ","bright moon-
ant climbing along
a fence next door
",服部嵐雪,Hattori Ransetsu ,1654-1707,,,,,,,,,,,,,,,,,,,,,,,,
Edo,"• 
• 
• ","• 
• 
• ","quietness-
not stirring the blossoms
the bell voice
",服部嵐雪,Hattori Ransetsu ,1654-1707,,,,,,,,,,,,,,,,,,,,,,,,
Edo,,"• 
• 
• ","the sedge hat’s
shadow even warps
in the heat:
",服部嵐雪,Hattori Ransetsu ,1654-1707,,,,,,,,,,,,,,,,,,,,,,,,
Edo,,,"dripping-
even 
small
",服部嵐雪,Hattori Ransetsu ,1654-1707,,,,,,,,,,,,,,,,,,,,,,,,
Edo,,,"withering wind-
seeing through to the 
Jyomeiji Temple
",服部嵐雪,Hattori Ransetsu ,1654-1707,,,,,,,,,,,,,,,,,,,,,,,,
Edo,名月や煙這いゆく水のうへ,"meigetsu ya
kemuri hai yuku
mizu no ue","harvest moon—
smoke crawls and drifts
along the surface of the water",服部嵐雪,Hattori Ransetsu ,1654-1707,Autumn,"名月 【めいげつ】 meigetsu, harvest moon [literally ""famous moon""; all these kigo refer to the full moon of the eighth lunar month, usually in September] (mid autumn).",,,Smoke crawling along the water surface beneath the harvest moon—atmospheric perspective.,,,,,,,,,,,,,,,,,,,
Edo,黄菊白菊其外の名はなくもがな,"kigiku shiragiku
sono hoka no na wa
naku mo ga na","yellow chrysanthemum, white chrysanthemum—
beyond these names
I wish there were none",服部嵐雪,Hattori Ransetsu ,1654-1707,Autumn,"菊 【きく】 kiku, chrysanthemums (all autumn).",,,A wish to have only yellow and white chrysanthemums—to simplify the world of chrysanthemum names.,,,,,,,,,,,,,,,,,,,
Edo,凩の吹きゆくうしろすがたかな,"kogarashi no
fuki yuku ushiro
sugata kana","the wintry gust:
blowing along, seen
only from behind",服部嵐雪,Hattori Ransetsu ,1654-1707,Winter,"木枯らし 【こがらし】 kogarashi, wintry gust / cold blast (early winter).",,,The wintry gust seen only from behind as it blows away—like a retreating figure.,,,,,,,,,,,,,,,,,,,
Edo,ふとん着て寐たる姿や東山,"futon kite
netaru sugata ya
Higashiyama","wrapped in quilts
lying there—the shape of
the Eastern Hills",服部嵐雪,Hattori Ransetsu ,1654-1707,Winter,"ふとん 【ふとん】 futon, quilts / bedding (winter).",,,東山 (Higashiyama) = Eastern Hills of Kyoto. The rounded hills resemble a sleeping figure under quilts.,,,,,,,,,,,,,,,,,,,
Edo,名月や煙這いゆく水のうへ,"meigetsu ya
kemuri hai yuku
mizu no ue","harvest moon—
smoke creeps along
over the water",服部嵐雪,Hattori Ransetsu ,1654-1707,Autumn,"名月 【めいげつ】 meigetsu, harvest moon [literally ""famous moon""; all these kigo refer to the full moon of the eighth lunar month, usually in September] (mid autumn).",,,Variant of Row 255.,,,,,,,,,,,,,,,,,,,
Edo,元日やはれて雀のものがたり,"ganjitsu ya
harete suzume no
monogatari","New Year's Day—
the sky clears and sparrows
chattering away",服部嵐雪,Hattori Ransetsu ,1654-1707,New Year,"元日 【がんじつ】 ganjitsu, New Year's Day (New Year).",,,"New Year's sky clears; sparrows chattering—a lively, auspicious opening to the year.",,,,,,,,,,,,,,,,,,,
Edo,出替りや幼な心に物あはれ,"degawari ya
osana kokoro ni
mono aware","the servants change posts—
in a child's heart
a sudden sadness",服部嵐雪,Hattori Ransetsu ,1654-1707,Spring,"出替り 【でがわり】 degawari, servants' change of employment (all spring).",,,出替り = the biannual servant-change season in Edo. A child's heart moved by the servant leaving—物哀れ.,,,,,,,,,,,,,,,,,,,
Edo,うまず女の雛かしづくぞ哀れなる,"umazu onna no
hina kashizuku zo
aware naru","a childless woman
tending her doll with care—
how moving",服部嵐雪,Hattori Ransetsu ,1654-1707,Spring,"雛 【ひな】 hina, （ひいな）, (ceremonial) doll(s) [specifically, dolls representing the Heian court, typically displayed in homes with female children during the ""Doll Festival"", 3 March (formerly observed on the third day of third lunar month, late spring)] (mid spring).",,,A childless woman tending her hina doll—pathos of maternal longing at the Dolls' Festival.,,,,,,,,,,,,,,,,,,,
Edo,竹の子や兒（ちご）の歯ぐきのうつくしき,"take no ko ya
chigo no haguki no
utsukushiki","bamboo shoots—
like the gums of a young child,
so beautiful",服部嵐雪,Hattori Ransetsu ,1654-1707,Summer,"竹の子 【たけのこ】 takenoko, bamboo shoots (mid summer).",,,Bamboo shoots likened to a baby's pink gums—innocent and beautiful.,,,,,,,,,,,,,,,,,,,
Edo,角力とり並ぶや秋のから錦,"sumo tori
narabu ya aki no
kara nishiki","sumo wrestlers
standing in rows—autumn
Chinese brocade",服部嵐雪,Hattori Ransetsu ,1654-1707,Autumn,"相撲 【すもう】 sumō, sumo wrestling (all autumn).",,,唐錦 (kara nishiki) = Chinese/foreign brocade. Sumo wrestlers lined up like the rich patterns of autumn brocade.,,,,,,,,,,,,,,,,,,,
Edo,真夜中やふりかはりたる天の川,"mayonaka ya
furi kawari taru
amano gawa","midnight—
and the Milky Way
has shifted overhead",服部嵐雪,Hattori Ransetsu ,1654-1707,Autumn,"天の川 【あまのがわ】 ama-no-gawa, Milky Way (mid autumn).",,,At midnight the Milky Way has shifted position overhead—subtle observation of the night sky's movement.,,,,,,,,,,,,,,,,,,,
Edo,名月や烟這ひゆく水のうへ,"meigetsu ya
kemuri hoi yuku
mizu no ue","bright harvest moon—
smoke drifting and crawling
across the water",服部嵐雪,Hattori Ransetsu ,1654-1707,Autumn,"名月 【めいげつ】 meigetsu, harvest moon [literally ""famous moon""; all these kigo refer to the full moon of the eighth lunar month, usually in September] (mid autumn).",,,Variant of Rows 255/259. Different kigo spelling (烟 vs 煙).,,,,,,,,,,,,,,,,,,,
Edo,黄菊白菊その外はなくもがな,"kigiku shiragiku
sono hoka wa
naku mo ga na","yellow and white chrysanthemums—
beyond these names
I wish for none other",服部嵐雪,Hattori Ransetsu ,1654-1707,Autumn,"菊 【きく】 kiku, chrysanthemums (all autumn).",,,Variant of Row 256.,,,,,,,,,,,,,,,,,,,
Edo,はぜ釣るや水村山廓酒旗の風,"haze tsuru ya
suison sankaku
shuki no kaze","fishing for goby—
water village, mountain pass,
flag wine in the wind",服部嵐雪,Hattori Ransetsu ,1654-1707,Autumn,"鯊 【はぜ】 haze, goby [Acanthogobius flavimanus] (all autumn).",,,"水村山廓 (suison sankaku) = water village, mountain fortress—a Chinese literary landscape formula.",,,,,,,,,,,,,,,,,,,
Edo,凩の吹きゆくうしろすがたかな,"kogarashi no
fukiyuku ushiro
sugata kana","the cold winter blast:
blowing past, leaving only
a retreating figure",服部嵐雪,Hattori Ransetsu ,1654-1707,Winter,"木枯らし 【こがらし】 kogarashi, wintry gust (early winter).",,,Variant of Row 257.,,,,,,,,,,,,,,,,,,,
Edo,ふとん着て寐たる姿や東山,"futon kite
netaru sugata ya
Higashiyama","quilts pulled over—
sleeping in that shape:
the Eastern Hills",服部嵐雪,Hattori Ransetsu ,1654-1707,Winter,"ふとん 【ふとん】 futon, quilts / bedding (winter).",,,Variant of Row 258.,,,,,,,,,,,,,,,,,,,
Edo,うめ一輪一りんほどのあたたかさ,"ume ichi rin
ichirin hodo no
atatakasa","one plum blossom—
one blossom's worth
of warmth",服部嵐雪,Hattori Ransetsu ,1654-1707,Winter,"梅 【うめ】 ume, （sometimes むめ mume）, plum (blossoms) [technically, the ""Japanese apricot"", Prunus mume; but this has almost always been translated ""plum"" for literary purposes] (early spring).",,,梅一輪 (ume ichi rin) = one plum blossom. Even a single blossom brings exactly one blossom's worth of warmth.,,,,,,,,,,,,,,,,,,,
Edo,布団着て寝たる姿や東山,"futon kite   shape of a man 
netaru sugata  ya  sleeping covered with a blanket—
higashiyama   Mt. East
","• 
• 
• ",服部嵐雪　,Hattori Ransetsu,1654-1707,Winter,"ふとん 【ふとん】 futon, quilts / bedding (winter).",,,Variant of Rows 258/270.,,,,,,,,,,,,,,,,,,,
Edo,うめ一輪一輪ほどのあたたかさ,"ume ichirin   a blanch of plum
 ichirin hodo no  one branch worth of
 atatakasa   warmth
","• 
• 
• ",服部嵐雪　,Hattori Ransetsu,1654-1707,Winter,"梅 【うめ】 ume, （sometimes むめ mume）, plum (blossoms) [technically, the ""Japanese apricot"", Prunus mume; but this has almost always been translated ""plum"" for literary purposes] (early spring).",,,Variant of Row 271.,,,,,,,,,,,,,,,,,,,
Edo,十団子も小粒になり秋の風,"tōdango mo   the Tōdango dumplings too
kotsubu ni nari  have goten smaller
aki no kaze   autumn wind
","• 
• 
• ","森川許六
",Morikawa Kyoriku ,1656~1715 ,Autumn,"秋の風 【あきのかぜ】 aki no kaze, autumn wind (all autumn).",,,"十団子 (tōdango) = ten-dango, rice dumplings sold at Satta Pass on the Tōkaidō. Growing small as autumn passes.",,,,,,,,,,,,,,,,,,,
Edo,それも応これも応なり老の春,sore mo ō/ kore mo ō nari/ oi no haru,"  “yes” to this,
   “ Fine” to that question,
  old man's spring",岩田涼菟,Iwata Ryōto,1659  –  1717,New Year,"老の春 【おいのはる】 oi no haru, spring of old age / an elder's spring (New Year).",,,"それも応これも応 = ""yes to that, yes to this""—the acceptance and contentment of old age at New Year.",,,,,,,,,,,,,,,,,,,
Edo,鐘ひとつ賣れぬ日はなし江戸の春 ,"kane hitotsu 
urenu hi wa nashi 
Edo no haru ","Springtime in Edo,
Not a day passes without
A temple bell sold.",宝井其角,1661～1707,1661-1707,New Year,"江戸の春 【えどのはる】 Edo no haru, Edo's spring / New Year in Edo (New Year).",Gogenshū,"ＮKBZ 近世俳句俳文集, p. 124",鐘一つ (kane hitotsu) = a single bell. Not one day passes without a bell being sold in Edo's bustling spring commerce.,,,,,,,,,,,,,,,,,,"Springtime in Edo,
Not a day passes without
A temple bell sold.",
Edo,鴬の身をさかさまに初音かな,"uguisu no
mi wo sakasama ni
hatsune kana","the warbler—
turning itself upside down
for its first song",宝井其角,1661～1707,1661-1707,New Year,"初音 【はつね】 hatsune, first song (of the bush warbler) (New Year / early spring).",,,The warbler upside-down for its first song of the year—a contortionist of joy at the New Year.,,,,,,,,,,,,,,,,,,,
Edo,鷹の目の枯野にすわる嵐かな,"taka no me no   
kareno ni suwaru
arashi kana","the falcon’s eyes
perched in the withered field 
a storm",宝井其角,Takarai Kikaku,1661-1707,Autumn,"鷹 【たか】 taka, hawk / falcon (all autumn).",,,The hawk's fierce gaze in the withered fields; the storm seated in the desolation—fierce autumn landscape.,,,,,,,,,,,,,,,,,,,
Edo,草の戸に我は蓼食う蛍かな,"kusa no to ni   I’m a firefly
ware wa tada kuu  who chumps on nettles 
hotaru kana   in a grass hut
","in a brushwood cottage
I too eat smartweed—
the firefly",宝井其角,Takarai Kikaku,1661-1707,Summer,"蛍 【ほたる】 hotaru, firefly (mid summer).",,,蓼 (tade) = water pepper/smartweed. Reference to the proverb: even worms that eat smartweed have their preferences.,,,,,,,,,,,,,,,,,,,
Edo,声かれて猿の歯白し峰の月," koe karete   with wizen voice
 saru no ha shiroshi  the monkey’s white teeth
 mine no tsuki   moon of the peak
","voice gone hoarse
the monkey's teeth flash white—
the peak in moonlight",宝井其角,1661～1707,1661-1707,Autumn,"月 【つき】 tsuki, moon (mid autumn).",,,"The monkey's voice gone hoarse, its white teeth gleaming in the moonlight of the peak.",,,,,,,,,,,,,,,,,,,
Edo,手を延べて折り行く春の草木かな,te wo nobete/ ori-yuku haru no/ kusaki kana,"  reach out,
    go along picking the grasses
  and boughs of spring",斯波 園女 ,Shiba Sonome ,1664–1726 ,Spring,"春の草木 【はるのくさき】 haru no kusaki, spring vegetation (all spring).",,,手を延べて (te wo nobete) = extending one's hand. Reaching out as one walks through the spring vegetation.,,,,,,,,,,,,,,,,,,,
Edo,春雨や枕崩るるうたひ本,"harusame ya   spring rains—
 makura kuzururu  the pillow of song books
 utaihon    collapses 
","spring rain—
the pillow dissolves
into the chant book",各務支考,Kagami Shikō ,1665 - 1731,Spring,"春雨 【はるさめ】 harusame, spring rain (all spring).",,,枕崩るる (makura kuzururu) = the pillow crumbles. Spring rain causing the paper pillow to soften while chanting from a songbook.,,,,,,,,,,,,,,,,,,,
Edo,船頭の耳の遠さよ桃の花,"sendo no
mimi no tosa ya
momo no hana","the boatman's
hearing so dull—
peach blossoms",各務支考,Kagami Shikō,1665 - 1731,Spring,"桃の花 【もものはな】 momo no hana, peach blossoms (early spring).",,,The boatman's deafness contrasted with the delicate peach blossoms.,,,,,,,,,,,,,,,,,,,
Edo,馬の耳すぼめて寒し梨の花,"uma no mimi
subomete samushi
nashi no hana","the horse tucks in
its ears in the cold—
pear blossoms",各務支考,Kagami Shikō,1665 - 1731,Spring,"梨の花 【なしのはな】 nashi no hana, pear blossoms (mid spring).",,,The horse tucks in its ears in the cold beside the pale pear blossoms. Coolness of early spring.,,,,,,,,,,,,,,,,,,,
Edo,食堂（じきだう）に雀啼くなり夕時雨,"jikido ni
suzume naku nari
yushigure","in the refectory
a sparrow is crying—
evening winter rain",各務支考,Kagami Shikō,1665 - 1731,Winter,"夕時雨 【ゆうしぐれ】 yūshigure, evening winter drizzle (early winter).",,,食堂 (jikidō) = a Buddhist refectory. A sparrow crying in the refectory in the evening drizzle—desolate quiet.,,,,,,,,,,,,,,,,,,,
Edo,呵（しか）られて次の間へ出る寒さかな,"shikarare te
tsugi no ma e deru
samusa kana","scolded out—
shuffling to the next room
in the cold",各務支考,Kagami Shikō,1665 - 1731,Winter,"寒さ 【さむさ】 samusa, coldness of weather (all winter).",,,"Scolded out of the main room, shuffling in the cold to the next room—domestic comedy of winter discomfort.",,,,,,,,,,,,,,,,,,,
Edo,歌書よりも軍書にかなし吉野山,"utasho yori mo
gunsho ni kanashi
Yoshino yama","more than poetry books
the war chronicles sadden:
Mount Yoshino",各務支考,Kagami Shikō,1665 - 1731,Spring,"花 【はな】 hana, (cherry) blossoms [in haiku and haikai the simple word hana 花 refers to cherry blossoms, as do all kigo listed here; but note that in Manyōshū and some other early poetry hana was understood as referring to ume 梅【うめ】plum blossoms, an early spring topic] (late spring).",,,吉野山 (Yoshino-yama) = famous cherry-blossom mountain. War chronicles sadden more than poetry books.,,,,,,,,,,,,,,,,,,,
Edo,夏立つや衣桁にかはる風の色,"natsu tatsu ya
iko ni kawaru
kaze no iro","summer begins-
on the clothes rack, changing
the wind's color",横井也有,Yokoi Yayū,1702 - 1783,Summer,立夏  Rikka  [Summer / Season],My English Saijiki,,,,,,,,,,,,,,,,,,,,,1
Edo,漏る雨を人と語るや春の宵,"moru ame wo
hito to kataru ya
haru no yoi        ","talking about 
the leaking rain with someone
on a spring evening",炭太祇,Tan Taigi,1709 – 1771,Spring,"Spring evening
春の宵 haru no yoi
",,英訳saijiki,,,,,,,,,,,,,,,,,,,,
Edo,東風吹くと語りもぞ行く主と従者,"kochi fuku to
katari mo zo yuku
nushi to jūsha","“the east wind blows,”
lord and retainer
say on their way",炭太祇,Tan Taigi,1709 – 1771,Spring,"East wind
東風 kochi
",My English Saijiki,英訳saijiki,,,,,,,,,,,,,,,,,,,,
Edo,公達に狐化けたり宵の春,"kindachi ni
kitsune bake tari
yoi no haru","into a young nobleman,
the fox has transformed himself
on a spring evening",与謝 蕪村 ,Yosa Buson ,1715 – 1784,Spring,"Spring evening
春の宵 haru no yoi
",,英訳saijiki,,,,,,,,,,,,,,,,,,,,
Edo,筋違にふとん敷きたり宵の春,"sujikai ni
futon shiki tari
yoi no haru        ","at a slant,
the bedding is laid out
on a spring evening",与謝 蕪村 ,Yosa Buson ,1715 – 1784,Spring,"Spring evening
春の宵 haru no yoi
",,英訳saijiki,,,,,,,,,,,,,,,,,,,,
Edo,にほひある衣も畳まず春の暮,"nioi aru
kinu mo tatamazu
haru no kure","the perfumed 
robe, left unfolded;
spring dusk",与謝 蕪村 ,Yosa Buson ,1715 – 1784,Summer,"Spring dusk 
春の暮 haru no kure
",My English Saijiki,,,,,,,,,,,,,,,,,,,,,
Edo,のうれんに東風吹くいせの出店かな,"nōren ni
kochi fuku ise no
dedana kana","through the curtains
the east wind blows, Ise
shop-stalls",与謝 蕪村 ,Yosa Buson ,1715 – 1784,Spring,"東風 【こち】 kochi, east wind (all spring).",,,のれん (noren) = shop curtain. The east wind blowing the curtain of an Ise shop—branch-store atmosphere.,,,,,,,,,,,,,,,,,,,
Edo,春雨や小磯の小貝ぬるるほど,"harusame ya
koiso no kogai
nururu hodo","spring rain―
until little shells on the beach
are moist",与謝 蕪村 ,Yosa Buson ,1715 – 1784,Spring,"春雨 【はるさめ】 harusame, spring rain (all spring).",My English Saijiki,,"Spring rain just enough to wet the small shells on the small beach—delicate, precise sensory detail.",,,,,,,,,,,,,,,,,,,
Edo,折り釘に烏帽子かけたり春の宿,"ori kugi ni e
boshi kake tari
haru no yado","on a bent nail 
a court-cap hangs;
a lodging in spring",与謝 蕪村 ,Yosa Buson ,1716 – 1784 ,Spring,"春の宿 【はるのやど】 haru no yado, spring lodging (all spring).",My English Sai,,折り釘 (orikugi) = a bent nail-hook. An eboshi (court cap) hanging on the nail—a visitor's spring lodging.,,,,,,,,,,,,,,,,,,,
Edo,指南車を胡地に引去る霞かな ,"shinansha o 
kochi ni hikisaru 
kasumi kana ","the guide-cart of heaven
dragged off to the northern lands
beyond the haze",与謝 蕪村 ,Yosa Buson ,1716 – 1784 ,Spring,"霞 【かすみ】 kasumi, (spring) mist [frequently translated ""haze""; see note ""On Haze, Mist, Fog""] (all spring).",,etext.lib.virginia.edu,,,,,,,,,,,,,,,,,,,"a guided coach
withdrawn into an old place--
this mistiness (UVA)",
Edo,春の日や門ゆく梵論の影法師,"haru no hi ya
 kado yuku bonro no
kage-boshi                ","a spring dayー
the shadow of a lay priest
pases by the gate ",大島 蓼太,Oshima Ryōta,1718 – 1787,spring,"Spring day
春の日 haru no hi
",,英訳saijiki,,,,,,,,,,,,,,,,,,,,
Edo,痩馬のあはれ機嫌や秋高し,"• 
• 
• ","the lean horse—
what wistful good spirits!
the sky is high",川上不白,Kawakami Fuhaku,1719-1807,Autumn,"秋高し 【あきたかし】 aki takashi, the sky is high in autumn (all autumn).",,,痩馬 (yasuma) = lean horse. The horse in wistful good spirits despite its thinness—autumn sky expansive.,,,,,,,,,,,,,,,,,,,
Edo,花散るや耳ふつて馬のおとなしき,"• 
• 
• ","blossoms scatter—
twitching its ears
the docile horse",川上不白,Kawakami Fuhaku,1719-1807,Spring,"花 【はな】 hana, (cherry) blossoms [in haiku and haikai the simple word hana 花 refers to cherry blossoms, as do all kigo listed here; but note that in Manyōshū and some other early poetry hana was understood as referring to ume 梅【うめ】plum blossoms, an early spring topic] (late spring).",,,花散る (hana chiru) = blossoms scattering. The horse twitching its ears at the falling blossoms—docile and gentle.,,,,,,,,,,,,,,,,,,,
Edo, 蛤に雀の斑あり哀れかな,"• 
• 
• ","on the clamshell
a sparrow's dappled spots—
how touching",川上不白,Kawakami Fuhaku,1719-1807,Winter,"蛤 【はまぐり】 hamaguri, cherrystone clam (all spring).",,,雀の斑 (suzume no madara) = sparrow-spotted dappling on the shell. Pathos of the small sparrow-marked clamshell.,,,,,,,,,,,,,,,,,,,
Edo,己が影を慕うて這へる,"• 
• 
• ","following its own shadow
crawling forward—
the snail",川上不白,Kawakami Fuhaku,1719-1807,Summer,"蝸牛 【かたつむり】 katatsumuri, snail / land snail (all summer).",,,The snail following its own shadow as it crawls forward. Philosophical self-pursuit.,,,,,,,,,,,,,,,,,,,
Edo,野を焼くやぽつん╲/雨到る,"• 
• 
• ","burning the fields—
plip-plop the rain
arrives",川上不白,Kawakami Fuhaku,1719-1807,Spring,"野焼き 【のやき】 noyaki, burning the fields (early spring).",,,"野を焼く (no wo yaku) = burning the fields. Suddenly rain comes, plopping down—the field-burning interrupted.",,,,,,,,,,,,,,,,,,,
Edo,冬蜂の死にどころなく歩きけり,"• 
• 
• ","a winter bee
with nowhere to die
still walking",川上不白,Kawakami Fuhaku,1719-1807,Winter,"冬蜂 【ふゆばち】 fuyubachi, winter bee (all winter).",,,死にどころなく (shini dokoro naku) = with no place to die. The winter bee wandering without finding its death-place.,,,,,,,,,,,,,,,,,,,
Edo,ゆさ╲/と大枝ゆるゝ桜かな,"• 
• 
• ","swaying and swaying—
the great bough shakes
under the cherry blossoms",川上不白,Kawakami Fuhaku,1719-1807,Spring,"桜 【さくら】 sakura, cherry blossom(s) (mid spring).",,,ゆさゆさ (yusa yusa) = swaying back and forth. A heavy branch swaying under the weight of blossoms.,,,,,,,,,,,,,,,,,,,
Edo,鷹のつらきびしく老いて哀れなり,"• 
• 
• ","• 
• 
• ",川上不白,Kawakami Fuhaku,1719-1807,Autumn,"鷹 【たか】 taka, hawk / falcon (all autumn).",,,老いて哀れ (oite aware) = aged and pitiable. The hawk's fierce face grown old—pathos in the diminishment of a once-proud bird.,,,,,,,,,,,,,,,,,,,
Edo,今朝秋や見入る鏡に親の顔,"• 
• 
• ","• 
• 
• ",川上不白,Kawakami Fuhaku,1719-1807,Autumn,"今朝の秋 【けさのあき】 kesa no aki, first morning of autumn (early autumn).",,,親の顔 (oya no kao) = parent's face. Looking in the mirror on the first morning of autumn—seeing one's parent's face.,,,,,,,,,,,,,,,,,,,
Edo,獅子舞や花の下影濃きところ,"• 
• 
• ","• 
• 
• ",川上不白,Kawakami Fuhaku,1719-1807,Spring,"花 【はな】 hana, (cherry) blossoms [in haiku and haikai the simple word hana 花 refers to cherry blossoms, as do all kigo listed here; but note that in Manyōshū and some other early poetry hana was understood as referring to ume 梅【うめ】plum blossoms, an early spring topic] (late spring).",,,獅子舞 (shishi-mai) = lion dance. The lion dance in the deep shadow of the cherry blossoms.,,,,,,,,,,,,,,,,,,,
Edo,夏草に這上りたる捨蚕かな,"• 
• 
• ","• 
• 
• ",川上不白,Kawakami Fuhaku,1719-1807,Summer,"夏草 【なつくさ】 natsukusa, summer grasses (all summer).",,,"捨蚕 (sutekaiko) = discarded silkworm cocoon. A silkworm cast aside, crawling up into the summer grass.",,,,,,,,,,,,,,,,,,,
Edo,あら野行く我が影もなき暑さ哉,"• 
• 
• ","crossing a withered moor
I have no shadow
in the heat:
",川上不白,Kawakami Fuhaku,1719-1807,Summer,"暑さ 【あつさ】 atsusa, heat (all summer).",,,荒野 (ara no) = rough plain. Walking across the desolate plain in such heat that even one's own shadow disappears.,,,,,,,,,,,,,,,,,,,
Edo,永き日や絵馬をみてゐる旅の人,nagaki│hi│ya│ema│wo│miteiru│tabi│no│hito,"on a long day-
viewing the horse-pictures
the traveling man
",川上不白,Kawakami Fuhaku,1719-1807,Spring,"永き日 【ながきひ】 nagaki hi, long day(s) (all spring).",,,絵馬 (ema) = votive picture tablet. A traveler gazing at the ema on a long spring day—slow time at a shrine.,,,,,,,,,,,,,,,,,,,
Edo,あさ風やかもの川原の洗ひ葱,"asakaze ya
kamo kawara no 
arai negi        ","a morning breezeー
at the Kamo Riverbed 
washing Welsh onions",大伴大江丸,Ōtomo Ōemaru,1722 – 1805 ,Winter,"Welsh onion
negi 葱
",,英訳Saijiki,,,,,,,,,,,,,,,,,,,,
Edo,春の宵寝ぬ鳥あらば月に鳴け        ,"haru no yoi
nenu tori araba
tsuki ni nake","spring evening
if there bird that’s not sleeping,
let it sing at the moon!","高桑蘭更,6.",Takakuwa Rankō,1726 – 1798,Spring,"Spring evening
春の宵 haru no yoi",,,,,,,,,,,,,,,,,,,,,,
Edo,夏の夕吹き倒さるる風もがな,"natsu no yu
fuki taosaruru
kaze mo ga na","summer dusk
O, for a breeze
to blow me over",高桑蘭更,Takakuwa Rankō,1726 – 1798,Summer,夏  Natsu  [Summer / Season],,英訳Saijiki,,,,,,,,,,,,,,,,,,,,1
Edo,行きとどく春の日影や虫の穴,"yuki-todoku
haru no hikage ya
mushi no ana","snow melting,
spring sun shadow―
holes of insects",高桑蘭更,Takakuwa Rankō,1726 – 1798,Spring,"Insects awake
啓蟄 keichitsu
",,英訳Saijiki,also listed in eiyaku saijiki under spring day  ,,,,,,,,,,,,,,,,,,"the light of a 
        spring day reaches even to
        the holes of insects
",
Edo,橋守の銭かぞへけり春夕,"hashi-mori no
zeni kazoe keri
haru yūbe","the bridge keeper
counts up the coins,
spring dusk 
",黒柳召波 ,Kuroyanagi Shōha,1727-1771 ,Spring,"Spring dusk 
春の暮 haru no kure
",,英訳Saijiki,,,,,,,,,,,,,,,,,,,,
Edo,春立つや静かに鶴の一歩より,"haru tatsu ya
shizukani tsuru no
ippo yori","spring begins―
quietly with a single step
of a crane
",黒柳召波 ,Kuroyanagi Shōha,1727-1771 ,Spring,Beginning of spring,,英訳Saijiki,,,,,,,,,,,,,,,,,,,,
Edo,海は帆に埋もれて春の夕かな,"umi wa ho ni
umorete haru no
yūbe kana","the ocean…
covered in sails,
spring dusk",吉分大魯,Yoshiwake Tairo,Yoshiwake Tairo,1730 - 1778,"Spring dusk 
春の暮 haru no kure
",,英訳Saijiki,,,,,,,,,,,,,,,,,,,,
Edo,来て見れば霞の松に日暮れたり,"kite mireba 
kasumi no matsu ni 
hi kuretari ","coming to look:
the pines wrapped in haze
and day has ended",久村暁台,Kato Gyōdai,1732～1792,Spring,"霞 【かすみ】 kasumi, (spring) mist [frequently translated ""haze""; see note ""On Haze, Mist, Fog""] (all spring).",,etext.lib.virginia.edu,,,,,,,,,,,,,,,,,,,"when I come to look:
the misty pine the sun
is setting in (UVA)",
Edo,夏はただ昼寝むしろに夜の月,"natsu wa tada
hiru ne mushiro ni
yoru no tsuki","summer is just
a mat to nap on &
moon at night",夏目成美,Natsume Seibi,1749 – 1816,Summer,夏  Natsu  [Summer / Season],,英訳Saijiki,,,,,,,,,,,,,,,,,,,,2
Edo,夏めきて人顔見ゆるゆふべかな,"atsu mekite
hito-gao miyuru
yube kana","the summer-like 
faces of the people
in the evening.",夏目成美,Natsume Seibi,1749 – 1816,Summer,"夏めくnatsu meku 
Summery or summer-like
",,,,,,,,,,,,,,,,,,,,,,1
Edo,閑さを我が相手なり冬ごもり,"shizukasa wo
waga aite nari
Fuyugomori","stillness itself
is my companion—
winter confinement",定雅,Teiga,1755—1825,Winter,"冬籠り 【ふゆごもり】 fuyugomori, winter seclusion (all winter).",,,Included in a haiga,,,,,,,,,,,,,,,,,,"Making quietude
My only companion:
Winter seclusion.
Blyth, Haiku vol. 4 intro ",
Edo,,,,成田蒼穹,Narita Sokyu,fl. 1800s,,,,,,,,,,,,,,,,,,,,,,,,
Edo,,,,成田蒼穹,Narita Sokyu,fl. 1800s,,,,,,,,,,,,,,,,,,,,,,,,
Edo,菜の花にくるりくるりと入る日哉,"na no hana ni
kururi kururi to
iru hi kana","into the rape blossoms
roundly, roundly
the sun enters",成田蒼穹,Narita Sokyu,fl. 1800s,Spring,"菜の花 【なのはな】 na-no-hana, rape flowers / mustard flowers [technically, Brassica rapa, the plant from which canola oil derives; one may prefer to translate with the closely related ""mustard"" in English; the image is of a field covered with the yellow flowers] (late spring).",,,The sun rolling down into the rape blossoms roundly—vivid image of sunset into a field of yellow flowers.,,,,,,,,,,,,,,,,,,,
Edo,時鳥啼くや夜汐のひたひたと,"hototogisu
naku ya yoshio no
hitahita to","the cuckoo calls—
the night tide
laps and laps",成田蒼穹,Narita Sokyu,fl. 1800s,Summer,"時鳥 【ほととぎす】 hototogisu, little cuckoo (all summer).",,,夜汐 (yoshi-o) = night tide. The cuckoo's cry over the lapping night tide—sound and water combined.,,,,,,,,,,,,,,,,,,,
Edo,すずしさや根笹に牛もとながれて,"suzushisa ya
ne zasa ni ushi mo
moto nagarete","coolness—
even the ox by the root-bamboo
drifts along",成田蒼穹,Narita Sokyu,fl. 1800s,Summer,"涼しさ 【すずしさ】 suzushisa, coolness (all summer).",,,根笹 (ne-zasa) = root bamboo. Coolness: even the ox drifts along by the root bamboo in the stream.,,,,,,,,,,,,,,,,,,,
Edo,江のひかり柱に来たりけさのあき,"e no hikari
hashira ni kitari
kesa no aki","the river's light
coming to the pillar—
autumn this morning",成田蒼穹,Narita Sokyu,fl. 1800s,Autumn,"秋 【あき】 aki, autumn.",,,柱 (hashira) = pillar. The river's light on the pillar—autumn arriving this morning seen in the quality of the light.,,,,,,,,,,,,,,,,,,,
Edo,我たつるけむりは人の秋の暮,"ware tatsu ru
kemuri wa hito no
aki no kure","the smoke I raise
is another person's
autumn dusk",成田蒼穹,Narita Sokyu,fl. 1800s,Autumn,"秋の暮 【あきのくれ】 aki no kure, autumn dusk (all autumn).",,,我たつる煙 = the smoke I raise. My smoke is another person's autumn dusk—shared atmosphere across distance.,,,,,,,,,,,,,,,,,,,
Edo,鈴鴨の虚空に消ゆる日和哉,"suzugamo no
koku ni kiyuru
hiyori kana","the goldeneye ducks
disappearing into the void—
fine weather",成田蒼穹,Narita Sokyu,fl. 1800s,Winter,"鈴鴨 【すずがも】 suzugamo, goldeneye duck (all winter).",,,虚空 (kokū) = the void / empty sky. Goldeneye ducks vanishing into the void—fine winter weather.,,,,,,,,,,,,,,,,,,,
Edo,春の雨鳥の足に泡のつく,"haru no ame
karasu no ashi ni
awa no tsuku        ","spring rain…
on the crow’s feet,
some bubbles",藤森素檗,Fujimori Sobaku,1758-1821 ,Spring,"春の雨 【はるのあめ】 haru no ame, spring rain (all spring).",,,鳥の足 (tori no ashi) = bird's feet. Spring rain forming bubbles on a bird's feet—delicate observation.,,,,,,,,,,,,,,,,,,,
Edo,初夏や木屋が掃除の行きわたる,"hatsu natsu ya
kiya ga soji no
yuki watari        ","early summer-
the wood shed is cleaned
thorough",鈴木道彦,Suzuki Michihiko ,1757 – 1819,summer,初夏 shoka Early summer,,英訳saijiki,,,,,,,,,,,,,,,,,,,,1
Edo,長閑さにおさへ歩行や膝の皿,"nodokasa ni
osae ariku ya
hiza no sara","in the tranquil
bracing to walking  
kneecaps ",田川鳳朗,Tagawa Hōrō,1762 – 1845,Spring,"長閑 【のどか】 nodoka, calm/tranquil/serene [of weather] (all spring).",鳳朗発句集,ＮKBZ 近世俳句俳文集,,,,,,,,,,,,,,,,,,,,
Edo,暮遅き加茂の川添下りけり,"kure osoki
Kamo no kawazoe
kudari keri","slow to darken—
along the Kamo riverbank
descending",田川鳳朗,Tagawa Hōrō,1762 – 1845,Spring,暮遅き,鳳朗発句集,ＮKBZ 近世俳句俳文集,加茂の川添 (Kamo no kawazoe) = along the Kamo River in Kyoto. Walking alongside the Kamo on a slow-darkening spring evening.,,,,,,,,,,,,,,,,,,,
Edo,うぐひすに踏まれてうくや竹江杓,"uguisu ni
fumarete uku ya
takejaku","trodden by the warbler
and floating up—
the bamboo ladle",田川鳳朗,Tagawa Hōrō,1762 – 1845,Spring,"鶯 【うぐいす】 uguisu, bush warbler [Cettia diphone; sometimes translated as ""nightingale"" (Luscinia megarhynchos), since it is a small songbird and occupies a position in Japanese literature similar to that of the nightingale in European literature] (all spring).",鳳朗発句集,ＮKBZ 近世俳句俳文集,,,,,,,,,,,,,,,,,,,,
Edo,深山木の底に水澄む五月かな,"miyama ki no
soko ni mizu sumu
satsuki kana","at the foot of deep mountain trees
water runs clear—
the fifth month",田川鳳朗,Tagawa Hōrō,1762 – 1845,summer,"皐月 【さつき】 satsuki, Fifth (lunar) Month [approximately June, Gregorian; note: in haikai, in compounds this prounciation is often given to 五月, referring to events that normally take place in June, as in 五月雨【さつきあめ】 satsukiame (= samidare), midsummer rain, while in others 五月【ごがつ】 gogatsu retains its modern pronunciation and meaning, May, Gregorian; see note on months] (mid summer).",鳳朗発句集,ＮKBZ 近世俳句俳文集,,,,,,,,,,,,,,,,,,,,
Edo,日の前の雲すわりけり花樗,"hi no mae no
kumo suwari keri
hana afochi","before the sun
clouds have settled—
the chinaberry blossoms",田川鳳朗,Tagawa Hōrō,1762 – 1845,summer,花樗,鳳朗発句集,ＮKBZ 近世俳句俳文集,,,,,,,,,,,,,,,,,,,,
Edo,きらきらと音に日のさす鳴子哉,"kirakira to
oto ni hi no sasu
naru ko kana","glittering and bright
the sun shines through the sound—
bird-scarer rattles",田川鳳朗,Tagawa Hōrō,1762 – 1845,Autumn,鳴子,鳳朗発句集,ＮKBZ 近世俳句俳文集,,,,,,,,,,,,,,,,,,,,
Edo,物しばし匂うて止みぬ枯野原,"mono shibashi
niou te yami nu
kare no hara","something briefly
fragrant, then still—
the withered moor",田川鳳朗,Tagawa Hōrō,1762 – 1845,winter,"枯野 【かれの】 kareno, withered field (all winter).",鳳朗発句集,ＮKBZ 近世俳句俳文集,,,,,,,,,,,,,,,,,,,,
Edo,下駄の歯を蹴欠いて戻る師走かな,"geta no ha wo
kekake te modoru
shiwasu kana","kicking loose a clog tooth
and heading home—
year's end",田川鳳朗,Tagawa Hōrō,1762 – 1845,winter,師走,鳳朗発句集,ＮKBZ 近世俳句俳文集,,,,,,,,,,,,,,,,,,,,
Edo,元日や人の妻子の美しき,"ganjitsu ya
hito no tsumako no
utsukushiki","New Year’s Day—
the neighborhood wives 
looks so lovely ",桜井梅室,Sakurai Baishitsu,1769-1852 ,New year,#ERROR!,Baishitsu Personal Collection,ＮKBZ 近世俳句俳文集,,,,,,,,,,,,,,,,,,,,
Edo,寝勝手のよさに又見る柳かな,"nekatte no
yoki ni mata miru 
yanagi kana","turning to get comfortable 
for my nap, again I see 
the willow:",桜井梅室,Sakurai Baishitsu,1769-1852 ,Spring,"柳 【やなぎ】 yanagi, willow(s) / weeping willow(s) (late spring).",Baishitsu Personal Collection,ＮKBZ 近世俳句俳文集,,,,,,,,,,,,,,,,,,,,
Edo,けしの散る光ひまなし枕元,"keshi no chiru
hikaru hima nashi
makura moto","the scattering poppy—
its light so busy
at my pillow",桜井梅室,Sakurai Baishitsu,1769-1852 ,Summer,"芥子の花 【けしのはな】 keshi no hana, poppy/poppies.",Baishitsu Personal Collection,ＮKBZ 近世俳句俳文集,,,,,,,,,,,,,,,,,,,,
Edo,桐の木や雨のながるる蝉の腹,"kiri no ki ya
ame no ngaruru
semi no hara","paulownia tree—
the flowing rainwater 
on the cicada's belly ",桜井梅室,Sakurai Baishitsu,1769-1852 ,summer,"蝉 【せみ】 semi, cicada / locust (late summer).",Baishitsu Personal Collection,ＮKBZ 近世俳句俳文集,,,,,,,,,,,,,,,,,,,,
Edo,名月や草木に劣る人のかげ,"meigetsu ya
kusa ki ni otoru
hito no kage","harvest moon—
the shadows of people
inferior to grass and trees",桜井梅室,Sakurai Baishitsu,1769-1852 ,Autumn,"名月 【めいげつ】 meigetsu, harvest moon [literally ""famous moon""; all these kigo refer to the full moon of the eighth lunar month, usually in September] (mid autumn).",Baishitsu Personal Collection,ＮKBZ 近世俳句俳文集,,,,,,,,,,,,,,,,,,,,
Edo,門ありて国分寺はなし草の花,"mon arite
kokubun ji wa nashi
kusa no hana","the gate remains
but the temple is gone—
grass flowers",桜井梅室,Sakurai Baishitsu,1769-1852 ,Autumn,"草の花 【くさのはな】 kusa no hana, (autumn) wildflowers [note: ""grass flowers"" is not a good translation, as 草 includes forbs and herbs] (all autumn).",Baishitsu Personal Collection,ＮKBZ 近世俳句俳文集,,,,,,,,,,,,,,,,,,,,
Edo,糊の干ぬ行灯ともす寒さかな,"nori no hinu
andon tomosu
samusa kana","the paste not yet dry
and lighting the paper lamp—
the cold",桜井梅室,Sakurai Baishitsu,1769-1852 ,winter,"寒さ 【さむさ】 samusa, coldness [of weather, air, and the like].",Baishitsu Personal Collection,ＮKBZ 近世俳句俳文集,,,,,,,,,,,,,,,,,,,,
Edo,ふゆの夜や針うしなうておそろしき,"fuyu no yo ya
hari ushinaute
Osoroshiki","on a winter's night
how frightful it is
to drop a sewing needle",桜井梅室,Sakurai Baishitsu,1769-1852 ,winter,ふゆの夜,Baishitsu Personal Collection,ＮKBZ 近世俳句俳文集,,,,,,,,,,,,,,,,,,,,
Edo,大蛇や恐れながらと穴を出る,"ōhebi ya
osore nagara to
ana wo deru","a large snake―
says, “pardon me” and
exists his hole",小林一茶,Kobayashi Issa,1763 – 1827,Spring,"Insects awake
啓蟄 keichitsu
",,英訳saijiki,,,,,,,,,,,,,,,,,,,,
Edo,春の日や水さへあれば暮れ残り,"haru no hi ya
mizu sae areba
kure-nokori        ","a spring dayー
where there’s water
dusk lingers on
",小林一茶,Kobayashi Issa,1763 – 1827,Spring,"Spring day
春の日 haru no hi
",,英訳saijiki,,,,,,,,,,,,,,,,,,,,
Edo,小酒屋の出現したり春の山,"ko-zakeya no
shutsugen shitari
haru no yama","a small sake stall
has appeared on
the spring mountain ",小林一茶,Kobayashi Issa,1763 – 1827,Spring,"春の山 【はるのやま】 haru no yama, spring mountain (all spring).",,,小酒屋 (ko-sakaya) = small sake shop. A small tavern suddenly appearing on the spring mountain.,,,,,,,,,,,,,,,,,,,
Edo,子らや子ら子等が手をとる躑躅かな ,"ko ra ya ko ra
kora ga te wo toru
tsutsuji kana","children, oh children—
children clasping hands
among the azaleas",良　寛 ,Ryōkan,1758-1831,Spring,"躑躅 【つつじ】 tsutsuji, azalea(s) (late spring).",,『増殖する俳句歳時記』,"子らや子ら (ko ra ya ko ra) = children, oh children! Ryōkan's famous poem of play and joy, children hand-in-hand among the azaleas.",,,,,,,,,,,,,,,,,,,
Edo,夏浅し水を離るる蓮巻葉,"natsu asashi
mizu wo hanaruru
hasu maki-ba","shallow summer
leaving the water
furled lotus leaves",天高,Tenko,,Summer,"夏浅し 【なつあさし】 natsu asashi, early summer / shallow summer (early summer).",,,蓮巻葉 (hasu no makiba) = the furled leaf of the lotus. Water leaving the tightly furled lotus leaf—early summer.,,,,,,,,,,,,,,,,,,,1
Edo,,"mimi tojite
hana wo kokoro ni
hirune kana","I will shut my ears
And, thinking only of blossoms,
Enjoy my nap.",,Torigoe Tōsai,1803 – 1890,,,,Keene Dawn,,,,,,,,,,,,,,,,,,,,
Edo,啓蟄や光り流るる厨水,"keichitsu no
ari ga hayahiku
jimushi kana                ","insects awake
ants already dragging
a grub",吐天,Toten,,Spring,"Insects awake
啓蟄 keichitsu
",,,,,,,,,,,,,,,,,,,,,,
Edo,はるののゆき扇ではらふ　衣紋かな,"harunono yuki
ōgi de harau
eimon kana","spring-field snow —
brushing it off with a fan:
straightening the robe",久村暁台,Kato Gyōdai,1732～1792,Spring,"春の雪 【はるのゆき】 haru no yuki, spring snow (spring).",,,,,,,,,,,,,,,,,,,,,,
Edo,薫の梅が香ふく　板戸ころかな,"kaoru ume ga ka
fuku itado
koro kana","the fragrant plum's scent blowing —
a wooden shutter
rolling",久村暁台,Kato Gyōdai,1732～1792,Spring,"梅 【うめ】 ume, plum blossoms (spring).",,,,,,,,,,,,,,,,,,,,,,
Edo,宿々は皆新茶なり麦の秋,"shukushuku wa
mina shin cha nari
mugi no aki","all the inns
serve new tea
wheat's autumn",許六,Kyoriku,1656 - 1715,Summer,麦の秋 mugi no aki,,,,,,,,,,,,,,,,,,,,,,1
Edo,病人の駕も過けり麥の秋,"byonin no
kago mo sugi keri
mugi no aki","a sick man's
palanquin also pass by
wheat's autumn",蕪村,Buson,1716 - 1783,Summer,麦の秋 mugi no aki,,,,,,,,,,,,,,,,,,,,,,2
Edo,麦秋や 子を負いながら いわし売り,"mugi aki ya
ko wo oi nagara
iwashi uri","autumn of wheat-
with a child on her back
sardine peddler",一茶,Issa,1763 - 1828,Summer,麦の秋 mugi no aki,,,,,,,,,,,,,,,,,,,,,,3
Edo,夏の日や広葉柏に移りそめ,"natsu no hi ya
hiro-ba kashiwa ni
utsuri some","the summer sunー
tingeing the broad leaves
of the oak",蘭更,Ranko,1726 - 1798,Summer,夏の日　natsu no hi,,,,,,,,,,,,,,,,,,,,,,1
Edo,夏の夜や崩れて明けしひやし物,"natsu no yo ya
kazurete akeshi
hiyashi mono","a summer nightー
light breaks over
chilled dishes",芭蕉,Basho,1644 - 1694,Summer,夏の夜 natsu no yo,,,,,,,,,,,,,,,,,,,,,,1
Edo,なつの夜やまだ舌にある唐がらし,"natsu no yo ya
mada shita ni aru
to garashi","a summer night
still on my tongue
taste of red pepper",大江丸,Oemaru,1722 - 1805,Summer,夏の夜 natsu no yo,,,,,,,,,,,,,,,,,,,,,,2
Edo,人声に子を引きかくす女鹿かな,"Hito goe ni
ko wo hiki kakusu
mejika kana","At people’s voices
mother deer draws fawn to her
and hides it.",一茶,Issa,1763 - 1828,Summer,鹿の子 Kanoko — Fawn [Summer Dobutsu],,,,,,,,,,,,,,,,,,,,,,1
Edo,かはぼりやむかひの女房こちを見る,"Kawahori ya
mukai no nyobo
kochi wo miru","Bats —
the wife across the street
looks this way.",蕪村,Buson,1716 - 1783,Summer,蝙蝠 Komori — Bat [Summer Dobutsu],,,"They may both have been watching the bats on this warm evening and by chance, their eyes met in a charming moment.",,,,,,,,,,,,,,,,,,,1
Edo,かはぼりや月のほとりを立ちさらず,"Kawahori ya
tsuki no hotori wo
tachi sarazu","Bats —
they don’t leave the vicinity
of the moon.",暁台,Gyodai,1732 - 1792,Summer,蝙蝠 Komori — Bat [Summer Dobutsu],,,,,,,,,,,,,,,,,,,,,,2
Edo,我が宿に一夜たのむぞ蚊喰鳥,"Waga yado ni
hitoyo tanomu zo
kakuidori","To my house,
please come a night!
Bird that eats mosquitoes.",一茶,Issa,1763 - 1828,Summer,蝙蝠 Komori — Bat [Summer Dobutsu],,,,,,,,,,,,,,,,,,,,,,3
Edo,雨蛙芭蕉にのりてそよぎけり,"Amagaeru
basho ni norite
soyogi keri","A rain frog
got onto a plantain leaf,
and swayed.",其角,Kikaku,1661 - 1707,Summer,雨蛙 Amagaeru — Rain Frog [Summer Dobutsu],,,,,,,,,,,,,,,,,,,,,,1
Edo,麦藁の家してやらん雨蛙,"Mugewara no
ie shite yaran
amagaeru","Let me make you
a wheat-straw house,
oh rain frog.",智月,Chigetsu,c.1634 - 1718,Summer,雨蛙 Amagaeru — Rain Frog [Summer Dobutsu],,,,,,,,,,,,,,,,,,,,,,2
Edo,鳴きて知りぬ石蕗の若葉の雨蛙,"Nakite shirinu
tsuwano wakaba no
amagaeru","Crying, it was known —
the rain frog on
young silver-leaf.",素丸,Somaru,1712 - 1795,Summer,雨蛙 Amagaeru — Rain Frog [Summer Dobutsu],,,,,,,,,,,,,,,,,,,,,,3
Edo,這いでよ飼屋が下の蟾の響,"Hai ideyo
kaiya ga shita no
hiki no koe","Come on out!
From under the coop
a toad’s voice.",芭蕉,Basho,1644 - 1694,Summer,蟇 Hikigaeru — Toad [Summer Dobutsu],,,,,,,,,,,,,,,,,,,,,,1
Edo,思ふことだまってるか蟇,"Omou koto
damatte iru ka
hikigaeru","Will you not say
what you’re thinking?
Oh, toad.",曲翠,Kyokusui,d. 1717,Summer,蟇 Hikigaeru — Toad [Summer Dobutsu],,,,,,,,,,,,,,,,,,,,,,2
Edo,月の句を吐いてへらさん蟾の腹,"Tsuki no ku wo
haite herasan
hiki no hara","If he’d spit out
a ku on the moon, the toad’s belly
might shrink.",蕪村,Buson,1716 - 1783,Summer,蟇 Hikigaeru — Toad [Summer Dobutsu],,,,,,,,,,,,,,,,,,,,,,3
Edo,蟾どのの妻や待つらん子鳴らん,"Hiki dono no
tsuma ya matsuran
ko nakuran","Mr. Toad’s
wife must be waiting,
his child, crying.",一茶,Issa,1763 - 1828,Summer,蟇 Hikigaeru — Toad [Summer Dobutsu],,,,,,,,,,,,,,,,,,,,,,4
Edo,はつ声を聞かまほしきに時鳥,"Hatsu koe wo
kikama hoshiki ni
hototogisu","Wishing to hear / your first song, / little cuckoo —",,,,Summer,時鳥 Hototogisu — Little Cuckoo [Summer Dobutsu],,,,,,,,,,,,,,,,,,,,,,1
Edo,夜深く目をもさましつるかな,"Yo fukaku me wo mo
samashitsuru kana","How late I’ve stayed / up till, tonight!  —  Poet unknown, Tai waka collection",,,,Summer,時鳥 Hototogisu — Little Cuckoo [Summer Dobutsu],,,,,,,,,,,,,,,,,,,,,,2
Edo,ほととぎす大竹藪を漏る月夜,"Hototogisu
o takeyabu wo
moru tsukiyo","Little cuckoo — / through a large bamboo grove, / the moonnight.",芭蕉,Basho,1644 - 1694,Summer,時鳥 Hototogisu — Little Cuckoo [Summer Dobutsu],,,,,,,,,,,,,,,,,,,,,,3
Edo,ほととぎす鳴いて行方や島一つ,"Hototogisu
naite yukue ya
shima hitotsu","Little cuckoo — / in the direction it faces, / an island.",芭蕉,Basho,1644 - 1694,Summer,時鳥 Hototogisu — Little Cuckoo [Summer Dobutsu],,,,,,,,,,,,,,,,,,,,,,4
Edo,ほととぎす鳴くや五月の雨の中,"Hototogisu
naku ya gogatsu no
ame no naka",The little cuckoo / cries — in the fifth month / rain.,其角,Kikaku,1661 - 1707,Summer,時鳥 Hototogisu — Little Cuckoo [Summer Dobutsu],,,,,,,,,,,,,,,,,,,,,,5
Edo,ほととぎすまたぬ方より初音かり,"Hototogisu
matanu kata yori
hatsune kari","Little cuckoo — / from an unexpected direction, / the first song.",荷兮,Kakei,1648 - 1716,Summer,時鳥 Hototogisu — Little Cuckoo [Summer Dobutsu],,,,,,,,,,,,,,,,,,,,,,6
Edo,鶯や竹の子藪に老を鳴く,"Uguisu ya
take no ko yabu ni
oi wo naku","The bush warbler —
in a grove of bamboo shoots,
sings of old age.",芭蕉,Basho,1644 - 1694,Summer,老鶯 Oi uguisu — Old Bush Warbler [Summer Dobutsu],,,,,,,,,,,,,,,,,,,,,,1
Edo,能なしの寝むたし我をぎやうぎやうし,"No nashi no
nemutashi ware wo
gyogyoshi","To sleepy me,
with no abilities, it sings —
reed warbler.",芭蕉,Basho,1644 - 1694,Summer,葦切 Yoshikiri — Reed Warbler [Summer Dobutsu],,,,,,,,,,,,,,,,,,,,,,1
Edo,かはせみや絵の具を流すおのが影,"Kawasemi ya
enogu wo nagasu
onoga kage","The kingfisher —
making watercolours flow,
his reflection.",馬光,Bako,,Summer,翡翠 Kawasemi — Kingfisher [Summer Dobutsu],,,,,,,,,,,,,,,,,,,,,,1
Edo,かはせみや羽をよそほふ水鏡,"Kawasemi ya
hane wo yosohou
mizu kagami","The kingfisher —
it dresses its feathers
in a water mirror.",露川,Rosen,,Summer,翡翠 Kawasemi — Kingfisher [Summer Dobutsu],,,,,,,,,,,,,,,,,,,,,,2
Edo,翡翠やぬれ羽にうつる夕日影,"Kawasemi ya
nureba ni utsuru
yu hikage","Kingfisher —
on its wet feathers
the dusk sunlight.",桃李,Tori,,Summer,翡翠 Kawasemi — Kingfisher [Summer Dobutsu],,,,,,,,,,,,,,,,,,,,,,3
Edo,水鶏啼くと人へいへばや佐屋泊り,"Kuina naku to
hito no ie baya
Saya domari","“A water-rail sings,”
as someone said,
stop at Saya.",芭蕉,Basho,1644 - 1694,Summer,水鶏 Kuina — Water-Rail [Summer Dobutsu],,,"Although he hadn’t planned to stop at Saya, because a disciple invited him, saying he could hear a water-rail, he did. Saya is in Amagun, Aichi prefecture.",,,,,,,,,,,,,,,,,,,1
Edo,馬洗ふ川すそ闇き水鶏かな,"Uma arau
kawa suso kuraki
kuina kana","Washing the horse
at a dark river-mouth,
a water-rail.",北枝,Hokushi,d. 1718,Summer,水鶏 Kuina — Water-Rail [Summer Dobutsu],,,,,,,,,,,,,,,,,,,,,,2
Edo,聞くうちにすゑまぼろしの水鶏かな,"Kiku uchi ni
sue maboroshi no
kuina kana","While listening,
it ended like a phantom —
the water-rail.",青羅,Seira,,Summer,水鶏 Kuina — Water-Rail [Summer Dobutsu],,,,,,,,,,,,,,,,,,,,,,3
Edo,水鶏啼いて星うく草のはやまかな,"Kuina naite
hoshi uku kusa no
hayama kana","A water-rail calls,
and stars float —
grassy hill.",澄翠,Chosui,,Summer,水鶏 Kuina — Water-Rail [Summer Dobutsu],,,,,,,,,,,,,,,,,,,,,,4
Edo,釣竿に鮎のあはれや水はなれ,"Tsuri zao ni
ayu no aware ya
mizu banare","On the pole,
the ayu pathetic —
leaving the water.",北枝,Hokushi,d. 1718,Summer,鮎 Ayu — Sweet-Fish [Summer Dobutsu],,,,,,,,,,,,,,,,,,,,,,1
Edo,滝水の中をながるる蜩の声,"Takimizu no
naka yo nagaruru
semi no koe",In the waterfall,維然,Izen,1648 - 1711,Summer,滝 Taki,,,"the cicada voices
seem to flow",,,,,,,,,,,,,,,,,,,1
Edo,くつさめのあとしづかなり夏の山,"Kutsusame no
ato shizuka nari
natsu no yama","A sneeze —
then all is quiet;
summer mountain",野水,Yasui,1658 - 1743,Summer,夏の山 Natsu no yama — Summer Mountain [Summer Kigo],,,,,,,,,,,,,,,,,,,,,,1
Edo,夏山や一足づつに海見ゆる,"Natsu yama ya
hito ashi zutsu ni
umi miyuru","Summer mountain —
with each step
the ocean in view",一茶,Issa,1763 - 1828,Summer,夏の山 Natsu no yama — Summer Mountain [Summer Kigo],,,,,,,,,,,,,,,,,,,,,,2
Edo,馬ぼくぼく我を絵に見る夏野かな,"Uma bokuboku
ware wo e ni miru
natsu no kana","The horse, clop... clop...
I see myself in a picture,
summer fields.
A ku of 1682. As the country horse walks slowly in the hot weather, the writer imagines they must appear like a picture.",芭蕉,Basho,1644 - 1694,Summer,夏野  Natsuno  [Summer / Chiri],,,,,,,,,,,,,,,,,,,,,,1
Edo,月の頃は寝に行く夏の川辺かな,"Tsuki no koro wa
ne ni yuku natsu no
kawabe kana","When there's a moon,
I go to sleep by a summer
riverside.",杉風,Sanpu,1647 - 1732,Summer,夏の川  Natsu no kawa  [Summer / Chiri],,,,,,,,,,,,,,,,,,,,,,1
Edo,夏川の音に宿かる木曽路かな,"Natsu gawa no
oto ni yadokaru
Kisoji kana","Where a summer river
murmurs, take an inn.
Kiso road.",重五,Jugo,,Summer,夏の川  Natsu no kawa  [Summer / Chiri],,,,,,,,,,,,,,,,,,,,,,2
Edo,夏川を越すうれしさよ手に草履,"Natsu gawa wo
kosu ureshisa yo
te ni zori","How joyful to cross
a summer river!
Sandals in hand.",蕪村,Buson,1716 - 1783,Summer,夏の川  Natsu no kawa  [Summer / Chiri],,,,,,,,,,,,,,,,,,,,,,3
Edo,島々や千々に砕けて夏の海,"Shimajima ya
chijini kudakete
natsu no umi","Island after island —
into a myriad, crumbled,
the summer ocean.
A ku about Matsushima, a series of numberless small islands, which Basho described as amazing, and a wondrous work of heaven's creation. Pine trees grow on each little island.",芭蕉,Basho,1644 - 1694,Summer,夏の海  Natsu no umi  [Summer / Chiri],,,,,,,,,,,,,,,,,,,,,,1
Edo,夏海や碁盤の石のかいつぶり,"Natsu umi ya
goban no ishi no
kaitsubari","The summer ocean —
like 'go' stones on a board,
the grebes.",野坡,Yaba,1662 - 1740,Summer,夏の海  Natsu no umi  [Summer / Chiri],,,,,,,,,,,,,,,,,,,,,,2
Edo,松風を中に青田のそよぎかな,"Matsu kaze wo
naka ni aota no
soyogi kana","The wind of pine trees in them,
green ricefields rustle.",大草,Joso,1662 - 1704,Summer,青田  Aota  [Summer / Chiri],,,,,,,,,,,,,,,,,,,,,,1
Edo,山々を低く覚ゆる青田かな,"Yama yama wo
hikuku oboyuru
aota kana","All the mountains
seem lower, by
green ricefields.",蕪村,Buson,1716 - 1783,Summer,青田  Aota  [Summer / Chiri],,,,,,,,,,,,,,,,,,,,,,2
Edo,傘さしてふかれに出でし青田かな,"Kasa sashite
fukare ni ideshi
aota kana","With a parasol,
I went out to be blown —
green ricefields.",白雄,Shirao,1738 - 1791,Summer,青田  Aota  [Summer / Chiri],,,,,,,,,,,,,,,,,,,,,,3
Edo,掬ぶよりはや歯にひびく泉かな,"Musubu yori
haya ha ni hibiku
izumi kana","Just by scooping,
a sting to the teeth —
the spring.",芭蕉,Basho,1644 - 1694,Summer,泉  Izumi  [Summer / Chiri],,,,,,,,,,,,,,,,,,,,,,1
Edo,緑わく夏山陰の泉かな,"Midori waku
natsu yama kage no
izumi kana","Green wells up —
the spring of a summer
mountain shade.",蕉太,Ryota,,Summer,泉  Izumi  [Summer / Chiri],,,,,,,,,,,,,,,,,,,,,,2
Edo,さざれ蟹足這いのぼる清水かな,"Sazare gani
ashi hai noboru
shimizu kana","A little crab
crawls up my foot —
pure water.",芭蕉,Basho,1644 - 1694,Summer,清水  Shimizu  [Summer / Chiri],,,,,,,,,,,,,,,,,,,,,,1
Edo,源は氷か雪か苔清水,"Minamoto wa
kori ka yuki ka
koke shimizu","Is its source
ice, or snow?
Moss pure water.",太無,Taimu,,Summer,清水  Shimizu  [Summer / Chiri],,,,,,,,,,,,,,,,,,,,,,2
Edo,出て見せつ隠れつ雲の皐月不二,"Dete mesetsu
kakuretsu kumo no
Satsuki Fuji","It shows itself,
then hides — Fifth month Fuji
in clouds.",鳥酔,Chosui,1701 - 1769,Summer,五月富士  Satsuki Fuji  [Summer / Chiri],,,,,,,,,,,,,,,,,,,,,,1
Edo,胴亀や昨日植ゑたる田の濁り,"Dogame ya
kino uetaru
ta no nigori","A salt-marsh turtle —
the muddiness of a paddy
planted yesterday.",許六,Kyoroku,1656 - 1715,Summer,植田  Ueta  [Summer / Chiri],,,,,,,,,,,,,,,,,,,,,,1
Edo,我かものに植田の蛙鳴つのる,"Waga mono ni
ueta no kawazu
naki tsunoru","As if their own
planted ricefields, frogs'
loud songs.",暁台,Gyodai,1732 - 1792,Summer,植田  Ueta  [Summer / Chiri],,,,,,,,,,,,,,,,,,,,,,2
Edo,植ゑつけし夜は三日月の門田かな,"Uetsukeshi
yo wa mikazuki no
kakota kana","The night they were planted,
a crescent moon —
gate ricefields.",青羅,Seira,,Summer,植田  Ueta  [Summer / Chiri],,,,,,,,,,,,,,,,,,,,,,3
Edo,ひとつ脱でうしろに負いぬ更衣,"Hitetsu nuide
ushiro ni oi nu
koromogae","Took off a layer,
flung it on my back —
change of garment.
During a journey, not having a summer garment, he merely took off a layer of the clothes he was wearing.",芭蕉,Basho,1644 - 1694,Summer,更衣  Koromogae  [Summer / Jinji],,,,,,,,,,,,,,,,,,,,,,1
Edo,更衣野路の人はつかに白し,"Koromogae
noji no hito wazu
kani shireshi","Change of garments —
on field paths people
look whiter.",蕪村,Buson,1716 - 1783,Summer,更衣  Koromogae  [Summer / Jinji],,,,,,,,,,,,,,,,,,,,,,2
Edo,羅に遮る蓮のにほひかな,"Usumono ni
saegiru hasu no
nioi kana","By a thin silk
kimono screened, the
scent of lotus.",蕪村,Buson,1716 - 1783,Summer,羅  Usumono  [Summer / Jinji],,,,,,,,,,,,,,,,,,,,,,1
Edo,山を庭に動き入るるや夏座敷,"Yama mo niwa ni
ugoki iruruya
natsu zashiki","Even the mountain
seems to move into the garden —
summer parlour.",芭蕉,Basho,1644 - 1694,Summer,夏座敷  Natsuzashiki  [Summer / Jinji],,,,,,,,,,,,,,,,,,,,,,1
Edo,行く雲を寝ておゐて見るや夏座敷,"Yuku kumo wo
niteite miru ya
natsu zashiki","Lie down, and
watch the clouds roll by —
summer parlour.",野坡,Yaba,1662 - 1740,Summer,夏座敷  Natsuzashiki  [Summer / Jinji],,,,,,,,,,,,,,,,,,,,,,2
Edo,松陰や寝茣蓙一つの夏座敷,"Matsu kage ya
negoza hitotsu no
natsu zashiki","The shade of pine trees —
one rush mat to sleep on,
summer parlour.",一茶,Issa,1763 - 1828,Summer,夏座敷  Natsuzashiki  [Summer / Jinji],,,,,,,,,,,,,,,,,,,,,,3
Edo,水紋を織得て清し簟,"Suimon wo
oriete kiyoshi
takamushiro","Water patterns
woven into it, a pure
bamboo mat.",舎羅,Shara,,Summer,簟  Takamushiro  [Summer / Jinji],,,,,,,,,,,,,,,,,,,,,,1
Edo,細脛に夕風さはるたかむしろ,"Hoso hagi ni
yu kaze sawaru
takamushiro","On the thin legs
a dusk breeze —
bamboo mat.",蕪村,Buson,1716 - 1783,Summer,簟  Takamushiro  [Summer / Jinji],,,,,,,,,,,,,,,,,,,,,,2
Edo,昼寝して手のうごきやむうちは哉,"Hirune shite
te no ugoki yamu
uchiwa kana","Dozing off,
the hand stops moving —
round fan.",杉風,Sanpu,1647 - 1732,Summer,団扇  Uchiwa  [Summer / Jinji],,,,,,,,,,,,,,,,,,,,,,1
Edo,後家の君たそがれ顔のうちはかな,"Goke no kimi
tasogare gao no
uchiwa kana","The widow —
her face at dusk, behind
a round fan.",蕪村,Buson,1716 - 1783,Summer,団扇  Uchiwa  [Summer / Jinji],,,,,,,,,,,,,,,,,,,,,,2
Edo,大猫のどさりと寝たる団かな,"O neko no
dosari to netaru
uchiwa kana","The big cat,
with a thud, lay on it,
round fan.",一茶,Issa,1763 - 1828,Summer,団扇  Uchiwa  [Summer / Jinji],,,,,,,,,,,,,,,,,,,,,,4
Edo,風鈴や花にはつらき風ながら,"Furin ya
hana seiun tsuraki
kaze nagare","Windbells —
though for flowers the
wind was cruel.",蕪村,Buson,1716 - 1783,Summer,風鈴  Furin  [Summer / Jinji],,,,,,,,,,,,,,,,,,,,,,1
Edo,見る人も廻り灯籠に廻りけり,"Miru hito mo
mawari-toro ni
mawari keri","The man looking at
revolving lamps also
went round.",其角,Kikaku,1661 - 1707,Summer,走馬灯  Somato  [Summer / Jinji],,,,,,,,,,,,,,,,,,,,,,1
Edo,山を見る二階なりけり土用ぼし,"Yama wo miru
nikai nari keri
doyo boshi","On the second floor,
where you can see mountains —
hot day's airing.",涼菟,Ryoto,,Summer,虫干  Mushiboshi  [Summer / Jinji],,,,,,,,,,,,,,,,,,,,,,1
Edo,虫干に猫も干されて居たりけり,"Mushiboshi ni
neko mo hosarete
itari keri","For insect airing
the cat, too,
being aired.",一茶,Issa,1763 - 1828,Summer,虫干  Mushiboshi  [Summer / Jinji],,,,,,,,,,,,,,,,,,,,,,2
Edo,風流の初やおくの田植うた,"Furyu no
hajime ya oku no
taue uta","The source of sweet simplicity —
a north province's
rice-plant song.",芭蕉,Basho,1644 - 1694,Summer,田植  Taue  [Summer / Jinji],,,,,,,,,,,,,,,,,,,,,,1
Edo,遠里や二筋三すぢ田うゑ笠,"To zato ya
futasuji misuji
taue gasa","A remote village —
two, three lines of
rice-plant hats.",蕉太,Ryota,,Summer,田植  Taue  [Summer / Jinji],,,,,,,,,,,,,,,,,,,,,,2
Edo,蕗の葉にいわしを配る田植かな,"Fuki no ha ni
iwashi wo kubaru
taue kana","In butterbur leaves,
sardines passed around —
rice-planting.",一茶,Issa,1763 - 1828,Summer,田植  Taue  [Summer / Jinji],,,,,,,,,,,,,,,,,,,,,,3
Edo,皿鉢もほのかに闇の宵涼み,"Sara hachi mo
honoka ni yami no
yoi suzumi","Plates and bowls
faint, feel cool on
a dark evening.",芭蕉,Basho,1644 - 1694,Summer,納涼  Suzumi  [Summer / Jinji],,,,,,,,,,,,,,,,,,,,,,1
Edo,夕涼みあぶなき石にのぼりけり,"Yu suzumi
abunaki ishi ni
nobori keri","Seeking dusk coolness,
a dangerous rock
was climbed.",野坡,Yaba,1662 - 1740,Summer,納涼  Suzumi  [Summer / Jinji],,,,,,,,,,,,,,,,,,,,,,2
Edo,つつ立て帆になる袖や涼みぶね,"Tsutsu tatete
ho ni naru sode ya
suzumi-bune","Stand up suddenly,
the sleeves turn into sails!
Boat for cooling.",大草,Joso,1662 - 1704,Summer,納涼  Suzumi  [Summer / Jinji],,,,,,,,,,,,,,,,,,,,,,3
Edo,花火尽て美人は酒に身投げけむ,"Hanabi tsukite
bijin wa sake ni
minagekemu","The fireworks done,
the beautiful lady,
sunk in drinking.
While watching the display of fireworks, the beautiful lady had sat by his side, pouring rice wine for him, but when the display ended, she disappeared. Worried, on looking around the boat, he discovered she was herself drinking now.",几董,Kito,1741 - 1789,Summer,花火  Hanabi  [Summer / Jinji],,,,,,,,,,,,,,,,,,,,,,1
Edo,川面や花火のあとの楫の音,"Kawa omo ya
hanabi no ato no
kaji no oto","On the river —
after the fireworks,
rudder sounds.",白雄,Shirao,1738 - 1791,Summer,花火  Hanabi  [Summer / Jinji],,,,,,,,,,,,,,,,,,,,,,2
Edo,星一つ残して落つる花火かな,"Hoshi hitotsu
nokoshite otsuru
hanabi kana","One star
was left, after
the fireworks fell.",抱一,Hoitsu,1761 - 1829,Summer,花火  Hanabi  [Summer / Jinji],,,,,,,,,,,,,,,,,,,,,,3
Edo,夏痩のわが骨探る寝覚かな,"Natsu yase no
waga hone saguru
nezame kana","The summer thin
pries his bones,
awakening.",蕉太,Ryota,,Summer,夏痩  Natsu yase  [Summer / Jinji],,,,,,,,,,,,,,,,,,,,,,1
Edo,夏痩や西日さし込む竹格子,"Natsu yase ya
nishibi sashikomu
take koshi","Summer thinness —
the western sun comes through
a bamboo lattice.",大江丸,Oemaru,1722 - 1805,Summer,夏痩  Natsu yase  [Summer / Jinji],,,,,,,,,,,,,,,,,,,,,,2
Edo,四辻や匂ひ吹きみつあやめの日,"Yotsu tsuji ya
nioi fukimitsu
ayame no hi","A crossroad —
the wind brings their fragrance,
blue flags day.",蘭更,Ranko,1726 - 1798,Summer,端午  Tango  [Summer / Jinji],,,,,,,,,,,,,,,,,,,,,,1
Edo,鱠にも響くまつりの太鼓かな,"Namasu ni mo
hibiku matsuri no
taiko kana","Even to the salad
vibrates the festival
big drum.",樗良,Chora,1729 - 1780,Summer,祭  Matsuri  [Summer / Jinji],,,,,,,,,,,,,,,,,,,,,,1
Edo,鉾処にに夕風そよぐ囃子かな,"Hoko shosho ni
yu kaze soyogu
hayashi kana","Halberds here and there,
sway in the dusk breeze —
festival music.",太祇,Taiqi,1709 - 1771,Summer,祇園会  Gione  [Summer / Jinji],,,,,,,,,,,,,,,,,,,,,,1
Edo,祇園会や京は日傘の下を行く,"Gion e ya
kyo wa higasa no
shita wo yuku","Gion festival —
in the capital they go
under parasols.",蕉太,Ryota,,Summer,祇園会  Gione  [Summer / Jinji],,,,,,,,,,,,,,,,,,,,,,2
Edo,吹く風の中を魚飛ぶ御祓かな,"Fuku kaze no
naka wo uo tobu
misogi kana","In the breeze
fish are jumping,
purification.",芭蕉,Basho,1644 - 1694,Summer,夏越  Nagoshi  [Summer / Jinji],,,,,,,,,,,,,,,,,,,,,,1
Edo,一番に乙鳥のくぐるちのわ哉,"Ichiban ni
tsubame no kuguru
chinowa kana","First of all,
a swallow went through,
lalong wreath.",一茶,Issa,1763 - 1828,Summer,夏越  Nagoshi  [Summer / Jinji],,,,,,,,,,,,,,,,,,,,,,2
Edo,僧達の袂を染むる新茶かな,"So tachi no
tameto wo somuru
shincha kana","The monks
get their sleeves dyed again,
new tea.
A monk's garment of black was referred to as being dyed with Chinese ink.",支考,Shiko,1665 - 1731,Summer,新茶  Shincha  [Summer / Jinji],,,,,,,,,,,,,,,,,,,,,,1
Edo,新茶の香真昼の眠気転じたり,"Shincha no ka
ma hiru no nemuke
tenji tari","The scent of new tea —
noon-time sleepiness
has gone away.",一茶,Issa,1763 - 1828,Summer,新茶  Shincha  [Summer / Jinji],,,,,,,,,,,,,,,,,,,,,,2
Edo,道ばたに繭干すかぜのあつさかな,"Michibata ni
mayu hosu kaze no
atsusa kana","By a roadside
cocoons dry, the wind
is hot.",許六,Kyoroku,1656 - 1715,Summer,繭  Mayu  [Summer / Jinji],,,,,,,,,,,,,,,,,,,,,,1
Edo,鵜のつらに篝こぼれて憐れなり,"U no tsura ni
kagari koborete
aware nari","On a cormorant's face
a torch flame spills,
pathetic.",荷兮,Kakei,1648 - 1716,Summer,鵜飼  Ukai  [Summer / Jinji],,,,,,,,,,,,,,,,,,,,,,2
Edo,つかれ鵜の腮に月のしづくかな,"Tsukare u no
agito ni tsuki no
shizuku kana","On a tired cormorant's
chin, moonlit
waterdrops.",大江丸,Oemaru,1722 - 1805,Summer,鵜飼  Ukai  [Summer / Jinji],,,,,,,,,,,,,,,,,,,,,,3
Edo,蚊やりして師の坊を待つ端居かな,"Kayari shite
shino bo wo matsu
hashi-i kana","With mosquito punk,
I wait for a monk,
sitting on the veranda.",太鳥,Tairo,,Summer,端居  Hashi-i  [Summer / Jinji],,,,,,,,,,,,,,,,,,,,,,1
Edo,さをとめや汚れぬ顔は朝ばかり,"Saotome ya
yogorenu kao wa
asa bakari","Rice-planting girls —
unsoiled faces, only
in the morning.",其角,Kikaku,1661 - 1707,Summer,早乙女  Saotome  [Summer / Jinji],,,,,,,,,,,,,,,,,,,,,,1
Edo,早乙女の祭りのやうに揃ひ出る,"Saotome no
matsuri no yo ni
soroi deru","Rice-planting girls —
like a festival parade,
come out in a row.",涼菟,Ryoto,,Summer,早乙女  Saotome  [Summer / Jinji],,,,,,,,,,,,,,,,,,,,,,2
Edo,早乙女の下りたつあの田この田かな,"Saotome no
oritatsu ano ta
kono ta kana","Rice-planting girls
step down, stand in that
field and this.",太祇,Taigi,1709 - 1771,Summer,早乙女  Saotome  [Summer / Jinji],,,,,,,,,,,,,,,,,,,,,,3
Edo,貝吹いて雪踏み分けよ花の跡,"Kai fuite
yuki fumi wake yo
hana no ato","Blow the conch shell,
make way through snow!
After the flowers.",青羅,Seira,,Summer,峯入  Mine iri  [Summer / Shukyo],,,,,,,,,,,,,,,,,,,,,,1
Edo,峯入やおもへば深き芳野山,"Mine iri ya
omoeba fukaki
Yoshino yama","Entering the peak —
when you think of it, Yoshino
mountain is deep.",白雄,Shirao,1738 - 1791,Summer,峯入  Mine iri  [Summer / Shukyo],,,,,,,,,,,,,,,,,,,,,,2
Edo,峯入や鳥さへ知らぬ花を今日,"Mine iri ya
tori sae shiranu
hana wo kyo","Entering the peak —
today, flowers even birds
don't know of.",梅舎,Baisha,,Summer,峯入  Mine iri  [Summer / Shukyo],,,,,,,,,,,,,,,,,,,,,,3
Edo,灌仏の皺手合はする数珠の音,"Kanbutsu no
shiwa te awasuru
juzu no oto","Bathed the Buddha —
wrinkled hands together,
rub the rosary.",芭蕉,Basho,1644 - 1694,Summer,仏生会  Busshoe  [Spring / Shukyo],,,,,,,,,,,,,,,,,,,,,,1
Edo,山寺や五色にあまる花み堂,"Yamadera ya
goshiki ni amaru
hana mido","Mountain temple —
more than five colours,
the flowery pavilion.",蕉太,Ryota,,Summer,仏生会  Busshoe  [Spring / Shukyo],,,,,,,,,,,,,,,,,,,,,,2
Edo,灌仏の御指の先や暮の月,"Kanbutsu no
oyubi no saki ya
kure no tsuki","At the bathed
Buddha's august finger-tip,
the dusk moon.",一茶,Issa,1763 - 1828,Summer,仏生会  Busshoe  [Spring / Shukyo],,,,,,,,,,,,,,,,,,,,,,3
Edo,目には青葉山郭公初鰹,"Me ni wa aoba
yama hototogisu
hatsugatsuo","Green leaves to see,
the mountain little cuckoo,
and first bonito.",素堂,Sodo,1642 - 1716,Summer,初鰹 Hatsugatsuo — First Bonito,,,"This ku was made in Kamakura, famous for bonito; it was also the seat of the first shogunate. The senses of sight, sound and taste are amply satisfied.",,,,,,,,,,,,,,,,,,,1
Edo,鎌倉を生きて出でけん　初鰹,"Kamakura wo
ikite ideken
hatsugatsuo","They must have
left Kamakura alive,
the first bonito.",芭蕉,Basho,1644 - 1694,Summer,初鰹 Hatsugatsuo — First Bonito,,,,,,,,,,,,,,,,,,,,,,2
Edo,くれなゐは　花にかぎらじ　初鰹,"Kurenai wa
hana ni kagiraji
hatsugatsuo","Scarlet is
not limited to flowers —
the first bonito.",蕉太,Ryota,,Summer,初鰹 Hatsugatsuo — First Bonito,,,,,,,,,,,,,,,,,,,,,,3
Edo,夏虫の　碁にこがれたる　命かな,"Natsu mushi no
go ni kogaretaru
inochi kana","Summer insects —
by ""go"" being scorched,
their lives.",其角,Kikaku,1661 - 1707,Summer,夏の虫 Natsu no mushi — Summer Insects [Summer / Dobutsu],,,,,,,,,,,,,,,,,,,,,,1
Edo,夏虫も　火を守る　宇治の　網代かな,"Natsu mushi mo
hi wo moru Uji no
ajiro kana","Summer insects, too,
guard the fires — Uji's
fish weirs.",越人,Etsujin,1656 - 1739,Summer,夏の虫 Natsu no mushi — Summer Insects [Summer / Dobutsu],,,,,,,,,,,,,,,,,,,,,,2
Edo,片羽もえて　這ひ歩きけり　夏の虫,"Kata ha moete
hai aruki keri
natsu no mushi","A wing scorched,
it crawled on —
summer insect.",関更,Ranko,1726 - 1798,Summer,夏の虫 Natsu no mushi — Summer Insects [Summer / Dobutsu],,,,,,,,,,,,,,,,,,,,,,3
Edo,筆とめて　打ち払ひけり　火取虫,"Fude tomete
uchi harai keri
hitori mushi","Stop writing,
to wave them away —
light-drawn insects.",関更,Ranko,1726 - 1798,Summer,"火取虫 Hitori mushi — Light-Drawn Insects, Moths [Summer / Dobutsu]",,,,,,,,,,,,,,,,,,,,,,1
Edo,行灯に　はかなき影や　火取虫,"Andon ni
hakanaki kage ya
hitori mushi","By the paper lamp
their fleeting shadows —
light-drawn insects.",青羅,Seira,,Summer,"火取虫 Hitori mushi — Light-Drawn Insects, Moths [Summer / Dobutsu]",,,,,,,,,,,,,,,,,,,,,,2
Edo,朝風に　毛を吹かれ居る　毛虫かな,"Asa kaze ni
ke wo fukare iru
kemushi kana","In the morning breeze
its fur being blown —
caterpillar.",蕪村,Buson,1716 - 1783,Summer,毛虫 Kemushi — Caterpillar [Summer / Dobutsu],,,,,,,,,,,,,,,,,,,,,,1
Edo,祭り見に　ぶらぶら下がる　毛虫かな,"Matsuri mi ni
burabura sagaru
kemushi kana","To see the festival,
it strolls down —
caterpillar.",一茶,Issa,1763 - 1828,Summer,毛虫 Kemushi — Caterpillar [Summer / Dobutsu],,,,,,,,,,,,,,,,,,,,,,2
Edo,頓て死ぬ　けしきは見えず　蝉の声,"Yagate shinu
keshiki wa miezu
semi no koe","Soon to die,
it does not seem —
the cicada's voice.",芭蕉,Basho,1644 - 1694,Summer,蝉 Semi — Cicada [Summer / Dobutsu],,,,,,,,,,,,,,,,,,,,,,1
Edo,閑さや　岩にしみ入る　蝉の声,"Shizukasa ya
iwa ni shimi iru
semi no koe","The stillness —
into boulders sink
cicada voices.",芭蕉,Basho,1644 - 1694,Summer,蝉 Semi — Cicada [Summer / Dobutsu],,,,,,,,,,,,,,,,,,,,,,2
Edo,蝉鳴いて　杉にも脂の　流れけり,"Semi naite
sugi ni mo yani no
nagare keri","Cicadas singing,
even from cedars,
resin flowed.",関更,Ranko,1726 - 1798,Summer,蝉 Semi — Cicada [Summer / Dobutsu],,,,,,,,,,,,,,,,,,,,,,3
Edo,梢より　あだに落ちけり　蝉のから,"Kozue yori
ada ni ochikeri
semi no kara","From tree-top
in vain it fell,
a cicada shell.",芭蕉,Basho,1644 - 1694,Summer,空蝉 Utsusemi — Cicada Shell [Summer / Dobutsu],,,,,,,,,,,,,,,,,,,,,,1
Edo,わくらばに　取り付いて　蝉の　もぬけかな,"Wakuraba ni
tori tsuite semi no
monuke kana","Clinging to a
worm-eaten leaf, a cicada's
discarded shell.",蕪村,Buson,1716 - 1783,Summer,空蝉 Utsusemi — Cicada Shell [Summer / Dobutsu],,,,,,,,,,,,,,,,,,,,,,2
Edo,蓋すれば　出て行く　蠅の羽音かな,"Futa sureba
dite yuku hae no
haoto kana","Putting on the cover,
it left —
the fly's wing sounds.",牧童,Bokudo,,Summer,蠅 Hae — Flies [Summer / Dobutsu],,,,,,,,,,,,,,,,,,,,,,1
Edo,蠅散って　且う　白しや　盆の糊,"Hae chitte
katsu shiroshi ya
bon no nori","The flies scatter,
for a moment white —
the tray's starch.",蕪村,Buson,1716 - 1783,Summer,蠅 Hae — Flies [Summer / Dobutsu],,,,,,,,,,,,,,,,,,,,,,2
Edo,やれうつな　蠅は手をする　足をする,"Yare utsuna
hae wa te wo suru
ashi wo suru","Don't swat it!
The fly rubs its hands,
its feet.",一茶,Issa,1763 - 1828,Summer,蠅 Hae — Flies [Summer / Dobutsu],,,"To put the hands together and rub them is a sign of reverence and prayers. When the fly does this, we should feel pity for it. Issa shows his deep sympathy for all living things.",,,,,,,,,,,,,,,,,,,3
Edo,わが宿は　蚊のちいさきを　馳走也,"Waga yado wa
ka no chiisaki wo
chiso nari","My house —
tiny mosquitoes
are the treat.",芭蕉,Basho,1644 - 1694,Summer,蚊 Ka — Mosquito [Summer / Dobutsu],,,,,,,,,,,,,,,,,,,,,,1
Edo,蚊ばしらの　際ほのぼのと　三日の月,"Kabashira no
kiwa honobono to
mika no tsuki","A swarm of mosquitoes —
at their edge, dimly,
a crescent moon.",牧童,Bokudo,,Summer,蚊 Ka — Mosquito [Summer / Dobutsu],,,,,,,,,,,,,,,,,,,,,,2
Edo,昼の蚊を　後にかくす　仏かな,"Hiru no ka wo
ushiro ni kakusu
hotoke kana","A daytime mosquito,
the Buddha hides it
behind him.",一茶,Issa,1763 - 1828,Summer,蚊 Ka — Mosquito [Summer / Dobutsu],,,,,,,,,,,,,,,,,,,,,,3
Edo,蟻の道　雲の峰より　つづきけん,"Ari no michi
kumo no mine yori
tsuzukiken","A road of ants —
from a cloud peak,
continuing.",蕉,Joso (attr.),,Summer,蟻 Ari — Ants [Summer / Dobutsu],,,,,,,,,,,,,,,,,,,,,,1
Edo,なめくぢり　這ひて光るや　古具足,"Namekujiri
haite hikaru ya
furu gusoku","The slug
crawling, its old
armour shines.",嵐雪,Ransetsu,1654 - 1707,Summer,蛞蝓 Namekuji — Slug [Summer / Dobutsu],,,,,,,,,,,,,,,,,,,,,,1
Edo,何事を　壁に書きてや　蛞蝓,"Nanigoto wo
kabe ni kakite ya
namekujiri","It's written
something on the wall —
the slug.",春波,Shunpa,,Summer,蛞蝓 Namekuji — Slug [Summer / Dobutsu],,,,,,,,,,,,,,,,,,,,,,2
Edo,かたつぶり　角ふりわけよ　須磨明石,"Katatsuburi
tsuno furiwake yo
Suma Akashi","Oh, snail,
wave your horns apart,
Suma, Akashi.",芭蕉,Basho,1644 - 1694,Summer,蝸牛 Katatsumuri — Snail [Summer / Dobutsu],,,"Suma and Akashi are two townships west of Kobe City. In the Genji Monogatari, chapter on Suma, it says, ""Akashi bay is at a distance to which one can crawl,"" meaning very near. The word relates the snail to Suma and Akashi.",,,,,,,,,,,,,,,,,,,1
Edo,今朝見れば　夜の歩や　かたつぶり,"Kesa mireba
yoru no ayumi ya
katatsubari","In the morning see
its walk of last night —
the snail.",太祇,Taigi,1709 - 1771,Summer,蝸牛 Katatsumuri — Snail [Summer / Dobutsu],,,,,,,,,,,,,,,,,,,,,,2
Edo,点滴に　うたれて籠る　蝸牛,"Tenteki ni
utarete komoru
katatsumuri","Hit by a drop
of water, the snail withdraws
from the world.",蕪村,Buson,1716 - 1783,Summer,蝸牛 Katatsumuri — Snail [Summer / Dobutsu],,,,,,,,,,,,,,,,,,,,,,3
Edo,なつかしや　若葉に残る　花の蕊,"Natsukashi ya
wakaba ni nokoru
hana no shibe","How endearing!
Among young leaves, remnants of
flower pistils.",蝶夢,Chomu,1732 - 1796,Summer,余花 Yoka — Remnants of Flowers [Summer / Shokubutsu],,,,,,,,,,,,,,,,,,,,,,1
Edo,古庭に　蟻　来たりたる　牡丹哉,"Furu niwa ni
ari kitaritaru
botan kana","To an old garden
the ants have come —
peonies in bloom.",嵐雪,Ransetsu,1654 - 1707,Summer,牡丹 Botan — Peony [Summer / Shokubutsu],,,,,,,,,,,,,,,,,,,,,,1
Edo,牡丹散りて　うちかさなりぬ　二三片,"Botan chirite
uchi kasanarinu
ni san ben","A peony scatters —
one on another, two,
three petals.",蕪村,Buson,1716 - 1783,Summer,牡丹 Botan — Peony [Summer / Shokubutsu],,,,,,,,,,,,,,,,,,,,,,2
Edo,飛ぶ蝶を　喰はんとしたる　牡丹哉,"Tobu cho wo
kuwan to shitaru
botan kana","A flitting butterfly
it's about to swallow —
the peony.",抱一,Hoitsu,1761 - 1829,Summer,牡丹 Botan — Peony [Summer / Shokubutsu],,,,,,,,,,,,,,,,,,,,,,3
Edo,白牡丹　崩れんとして　二日見る,"Shiro botan
kuzuren to shite
futsuka miru","A white peony,
about to crumble,
for two days.",成美,Seibi,1749 - 1816,Summer,牡丹 Botan — Peony [Summer / Shokubutsu],,,,,,,,,,,,,,,,,,,,,,4
Edo,針ありと　蝶に知らせん　花薔薇,"Hari ari to
cho ni shirasen
hana sobi","There are thorns;
Butterflies should be warned,
rose flowers.",乙由,Otsuyu,,Summer,薔薇 Bara — Rose [Summer / Shokubutsu],,,,,,,,,,,,,,,,,,,,,,1
Edo,駿河路や　花橘も　茶の匂ひ,"Suruga-ji ya
Hana tachibana mo
cha no nioi","The road through Suruga —
even the citrus flowers
have the scent of tea.",芭蕉,Basho,1644 - 1694,Summer,花橘 Hana tachibana — Citrus Flower [Summer / Shokubutsu],,,"Suruga is the old name for Shizuoka prefecture, famous for both citrus flowers and tea bushes, which flourish around the same time.",,,,,,,,,,,,,,,,,,,1
Edo,橘や　下に落ちたる　鳥の糞,"Tachibana ya
shita ni ochitaru
tori no fun","Citrus flowers —
under them has fallen
bird dung.",桃隣,Torin,,Summer,花橘 Hana tachibana — Citrus Flower [Summer / Shokubutsu],,,,,,,,,,,,,,,,,,,,,,2
Edo,世に薫る　花橘やちる跡も,"Yo ni kaoru
hana tachibana ya
chiru ato mo","A citrus flower
perfumes the world,
even after scattering.",羽女,Ukijo,,Summer,花橘 Hana tachibana — Citrus Flower [Summer / Shokubutsu],,,,,,,,,,,,,,,,,,,,,,3
Edo,あぢさゐの　花や手鞠の　染めかへし,"Ajisai no
hana ya temari no
some kaeshi","Hydrangea
flowers — like hand-balls
re-dyed.",北枝,Hokushi,d. 1718,Summer,紫陽花 Ajisai — Hydrangea [Summer / Shokubutsu],,,,,,,,,,,,,,,,,,,,,,1
Edo,紫陽花や　寄れば　蚊の鳴く　花の裏,"Ajisai ya
yoreba ka no naku
hana no ura","Hydrangeas —
if you get close, mosquitoes hum
behind the flowers.",暁台,Gyodai,1732 - 1792,Summer,紫陽花 Ajisai — Hydrangea [Summer / Shokubutsu],,,,,,,,,,,,,,,,,,,,,,2
Edo,紫陽花の　末　一色と　なりにけり,"Ajisai no
sue iashoku to
nari ni keri","The end of
hydrangeas — all became
one colour.",一茶,Issa,1763 - 1828,Summer,紫陽花 Ajisai — Hydrangea [Summer / Shokubutsu],,,,,,,,,,,,,,,,,,,,,,3
Edo,うれしさは　葉がくれ　梅の　ひとつかな,"Ureshisa wa
hagakure ume no
hitotsu kana","The joy —
to find a plum
hidden in leaves!",杜国,Tokoku,1658 - 1690,Summer,青梅 Ao ume — Green Plums [Summer / Shokubutsu],,,,,,,,,,,,,,,,,,,,,,1
Edo,青梅に　眉　あつめたる　美人哉,"Ao ume ni
mayei atsume taru
bijin kana","At the green plum
her eyebrows gathered,
a beautiful woman.",蕪村,Buson,1716 - 1783,Summer,青梅 Ao ume — Green Plums [Summer / Shokubutsu],,,,,,,,,,,,,,,,,,,,,,2
Edo,青梅や　酸い顔もせず　男の童,"Ao ume ya
sui gao mo sezu
o no warawa","Green plums —
the little boy doesn't make
a sour face.",蕭山,Shoran,,Summer,青梅 Ao ume — Green Plums [Summer / Shokubutsu],,,,,,,,,,,,,,,,,,,,,,3
Edo,青梅に　手をかけて寝る　蛙かな,"Ao ume ni
te wo kakete neru
kawazu kana","On a green plum
its hand placed,
the frog asleep.",一茶,Issa,1763 - 1828,Summer,青梅 Ao ume — Green Plums [Summer / Shokubutsu],,,,,,,,,,,,,,,,,,,,,,4
Edo,先づ頼む　椎の木もあり　夏木立,"Mazu tanomu
shii no ki mo ari
natsu kodachi","First, a pasania
tree to rely on,
summer grove.",芭蕉,Basho,1644 - 1694,Summer,夏木立 Natsu kodachi — Summer Grove [Summer / Shokubutsu],,,"A ku of 1690, made on settling briefly in a hut called Genjuan (Abide in Transience Hut), after a long journey. The pasania is a solid evergreen that can grow to 20 meters in height.",,,,,,,,,,,,,,,,,,,1
Edo,甘き香は　何の花ぞも　夏木立,"Amaki ka wa
nan no hana zo mo
natsu kodachi","The sweet scent —
what flower could it be?
Summer grove.",太祇,Taigi,1709 - 1771,Summer,夏木立 Natsu kodachi — Summer Grove [Summer / Shokubutsu],,,,,,,,,,,,,,,,,,,,,,2
Edo,塔ばかり　見えて東寺は　夏木立,"To bakari
miete Toji wa
natsu kodachi","Only a pagoda
can be seen, the East Temple,
a summer grove.",一茶,Issa,1763 - 1828,Summer,夏木立 Natsu kodachi — Summer Grove [Summer / Shokubutsu],,,,,,,,,,,,,,,,,,,,,,3
Edo,嵐山　薮の茂りや　風の筋,"Arashiyama
yabu no shigeri ya
kaze no suji","Arashi mountain —
through the luxuriance of groves
a line of the wind.",芭蕉,Basho,1644 - 1694,Summer,茂 Shigeri — Luxuriant Growth [Summer / Shokubutsu],,,,,,,,,,,,,,,,,,,,,,1
Edo,光り合ふ　二つの山の　茂りかな,"Hikari au
futatsu no yama no
shigeri kana","Reflecting their lustre:
the luxuriant growth of
two mountains.",去来,Kyorai,1651 - 1704,Summer,茂 Shigeri — Luxuriant Growth [Summer / Shokubutsu],,,,,,,,,,,,,,,,,,,,,,2
Edo,山深く　しげりに入りぬ　夕がらす,"Yama fukaku
shigeri ni irimu
yu garasu","Deep into a mountain's
luxuriant growth,
a dusk crow.",紫暁,Shigyo,,Summer,茂 Shigeri — Luxuriant Growth [Summer / Shokubutsu],,,,,,,,,,,,,,,,,,,,,,3
Edo,須磨寺や　吹かぬ笛聞く　木下闇,"Suma dera ya
fukanu fue kiku
Koshita yami","Suma temple —
an unblown flute heard,
under-trees darkness.",芭蕉,Basho,1644 - 1694,Summer,木下闇 Ko no shita yami — Under-Trees Darkness [Summer / Shokubutsu],,,"Suma temple has among its treasures a flute called Aoba (Green Leaf) that belonged to Taira Atsumori (1169–84). He was beheaded in the battle of Ichi no Tani by Kumagaya Naozane, an episode reproduced in Kabuki and Noh drama. Basho felt as though he heard the flute in the wind through the lonely, deep grove.",,,,,,,,,,,,,,,,,,,1
Edo,霧雨に　木の下闇の　紙帳かな,"Kirisame ni
ko no shita yami no
shicho kana","In misty rain
the under-trees darkness
mosquito net.",嵐雪,Ransetsu,1654 - 1707,Summer,木下闇 Ko no shita yami — Under-Trees Darkness [Summer / Shokubutsu],,,,,,,,,,,,,,,,,,,,,,2
Edo,下闇に　乾かぬ　関伽の　しづくかな,"Shita yami ni
kawakanu aka no
shizuku kana","In under-trees darkness
lustral water doesn't dry,
water drops.",蕉太,Ryota,,Summer,木下闇 Ko no shita yami — Under-Trees Darkness [Summer / Shokubutsu],,,,,,,,,,,,,,,,,,,,,,3
Edo,不二ひとつ　うづみ残して　わかばかな,"Fuji hitotsu
uzumi nokoshite
wakaba kana","Only Mt. Fuji
left uncovered —
young leaves.",蕪村,Buson,1716 - 1783,Summer,"若葉・青葉 Wakaba, Aoba — Young Leaves / Green Leaves [Summer / Shokubutsu]",,,,,,,,,,,,,,,,,,,,,,2
Edo,里の灯を　ふくみて　雨の若葉かな,"Sato no hi wo
fukumite ame no
wakaba kana","The village lamps
shine in them,
young leaves in the rain.",蕉太,Ryota,,Summer,"若葉・青葉 Wakaba, Aoba — Young Leaves / Green Leaves [Summer / Shokubutsu]",,,,,,,,,,,,,,,,,,,,,,3
Edo,三井寺や　日は午にせまる　若楓,"Miidera ya
hi wa go ni semaru
waka kaede","Mii temple —
the sun presses on to noon,
young maple leaves.",蕪村,Buson,1716 - 1783,Summer,若楓 Waka kaede — Young Maple Leaves [Summer / Shokubutsu],,,,,,,,,,,,,,,,,,,,,,1
Edo,清滝や　波に散り込む　青松葉,"Kiyotaki ya
nami ni chiri komu
ao matsuba","Kiyotaki —
into its waves scatter
green pine needles.",芭蕉,Basho,1644 - 1694,Summer,常緑木落葉 Tokiwagi ochiba — Evergreens' Fallen Leaves [Summer / Shokubutsu],,,"Kiyotaki river is the upper stream of Arashiyama in Kyoto, and runs into Oi river.",,,,,,,,,,,,,,,,,,,1
Edo,卯の花をかざしに　関の晴着かな,"Uno hana wo
kazashi ni seki no
haregi kana","Deutzia flowers
in the hair, our fine dress
at the barrier.",曽良,Sora,1649 - 1710,Summer,卯の花 Unohana — Deutzia Flowers [Summer / Shokubutsu],,,"A ku of 1689, on a journey to the northern provinces with Basho, at Shirakawa barrier. Old poets wrote of this custom and of the deutzia at this barrier. The writers, being poor pilgrims, could only wear deutzia boughs as hair ornaments.",,,,,,,,,,,,,,,,,,,1
Edo,うの花に　芦毛の馬の　夜明かな,"Uno hana ni
ashige no uma no
yo ake kana","Among deutzia flowers,
on a chestnut horse
dawn comes.",許六,Kyoroku,1656 - 1715,Summer,卯の花 Unohana — Deutzia Flowers [Summer / Shokubutsu],,,"He started his journey before the sun rose. As the light of daybreak broadened, the deutzia along the road increasingly added their whiteness.",,,,,,,,,,,,,,,,,,,2
Edo,卯の花の中に崩れし　庵かな,"Uno hana no
naka ni kuzure shi
iori kana","Among deutzia
flowers, a tumbled-down
hut.",樗良,Chora,1729 - 1780,Summer,卯の花 Unohana — Deutzia Flowers [Summer / Shokubutsu],,,The remains of a broken down hut where deutzia bloom in confusion makes the writer wonder who might have lived there before.,,,,,,,,,,,,,,,,,,,3
Edo,花と針の　心問ひたき　茨かな,"Hana to hari no
kokoro toitaki
ibara kana","Would like to ask,
why thorns with these flowers?
field roses.",千代女,Chiyojo,1703 - 1775,Summer,茨の花 Ibara no hana — Field Rose [Summer / Shokubutsu],,,,,,,,,,,,,,,,,,,,,,1
Edo,茨さくや　茶碗の欠けも　散りまじり,"Ibara saku ya
chawan no kake mo
chiri majiri","Field roses bloom —
chips of a tea cup
also scattered.",素れ,Somaru,,Summer,茨の花 Ibara no hana — Field Rose [Summer / Shokubutsu],,,,,,,,,,,,,,,,,,,,,,2
Edo,花茨　灯かげに　針の　かくれけり,"Hana ibara
hikage ni
hari no
kakuru ken","Field rose flowers —
by lamplight the thorns
were hidden.",蕪山,Shazan,,Summer,茨の花 Ibara no hana — Field Rose [Summer / Shokubutsu],,,,,,,,,,,,,,,,,,,,,,3
Edo,若竹や　竹より出でて　青き事,"Wakatake ya
take yori idete
aoki koto","Young bamboo —
coming out from bamboo,
so green!",北枝,Hokushi,d. 1718,Summer,若竹 Waketake — Young Bamboo [Summer / Shokubutsu],,,,,,,,,,,,,,,,,,,,,,1
Edo,若竹や　煙のいづる　庫裏の窓,"Wake take ya
kemuri no izuru
kuri no mado","Young bamboo —
the smoke from the temple
kitchen window.",曲翠,Kyokusui,d. 1717,Summer,若竹 Waketake — Young Bamboo [Summer / Shokubutsu],,,,,,,,,,,,,,,,,,,,,,2
Edo,白芥子や　時雨の花の　咲きつらん,"Shira geshi ya
shigure no hana no
saki tsuran","White poppies —
as though flowers of joy rain
have bloomed.",芭蕉,Basho,1644 - 1694,Summer,罌粟の花 Keshi no hana — Poppy Flowers [Summer / Shokubutsu],,,,,,,,,,,,,,,,,,,,,,1
Edo,あるとなきと　二本さしけり　けしの花,"Aru to naki to
nihon sashi keri
keshi no hana","One with petals,
one without — two were arranged,
poppy flowers.",智月,Chigetsu,c.1634 - 1718,Summer,罌粟の花 Keshi no hana — Poppy Flowers [Summer / Shokubutsu],,,,,,,,,,,,,,,,,,,,,,2
Edo,僧となる　子のうつくしや　けしの花,"So to naru
ko no utsukushi ya
keshi no hana","The child who's
to be a monk, beautiful!
Poppy flowers.",一茶,Issa,1763 - 1828,Summer,罌粟の花 Keshi no hana — Poppy Flowers [Summer / Shokubutsu],,,,,,,,,,,,,,,,,,,,,,3
Edo,杜若　べたりと　鳶のたれてける,"Kakitsubate
betari to tobi no
tarete keru","Flower de luce —
""plop"", a kite dropped
his dung.",蕪村,Buson,1716 - 1783,Summer,杜若 Kakitsubata — Flower De Luce [Summer / Shokubutsu],,,,,,,,,,,,,,,,,,,,,,1
Edo,ことぶきや　亀のひたいの　花あやめ,"Kotobuki ya
kame no hitai no
hana ayame","Auspicious!
By the turtle's forehead,
a blue flag.",樗良,Chora,1729 - 1780,Summer,あやめ Ayame — Blue Flag [Summer / Shokubutsu],,,,,,,,,,,,,,,,,,,,,,1
Edo,あやめ草　足にむすばん　草靴の緒,"Ayama gusa
ashi ni musuban
waraji no o","Acorus grass,
I'll tie on my feet,
as sandal straps.",芭蕉,Basho,1644 - 1694,Summer,菖蒲 Shobu — Acorus [Summer / Shokubutsu],,,He received two pairs of straw sandals on leaving on a walking tour of the northern provinces; acorus will help give him a safe journey.,,,,,,,,,,,,,,,,,,,1
Edo,玉水の　菖蒲を走る　匂ひかな,"Tama mizu no
shobu wo hashiru
nioi kana","Pure water drops
rush through the acorus —
the perfume.",蕉太,Ryota,,Summer,菖蒲 Shobu — Acorus [Summer / Shokubutsu],,,,,,,,,,,,,,,,,,,,,,2
Edo,湯上りの　尻にべったり　菖蒲かな,"Yu agari no
shiri ni bettari
shobu kana","On the rump
just out of the bath,
an acorus leaf.",一茶,Issa,1763 - 1828,Summer,菖蒲 Shobu — Acorus [Summer / Shokubutsu],,,,,,,,,,,,,,,,,,,,,,3
Modern,,"hototogisu
koi ni nenu yo no
wakakarishi",,穂積永機,Hozumi Eiki,1823-1904,Summer,"時鳥 【ほととぎす】 hototogisu, little cuckoo [kanji literally ""bird of time""] (all summer).",,Keene Dawn,,,,,,,,,,,,,"The nightingales—
When I was young it was love
That kept me awake. ",,,,,,,
Modern,,"chi wo nagasu
ame ya orifushi
hototogisu",,穂積永機,Hozumi Eiki,1823-1905,Summer,"時鳥 【ほととぎす】 hototogisu, little cuckoo [kanji literally ""bird of time""] (all summer).",,Keene Dawn,血が洗われる (chi ga arawareru) = blood washed away. The rain washes away blood. Hototogisu sings at a moment of violence.,,,,,,,,,,,,"Rain washes away
The blood: just at that moment
A nightingale sings.",,,,,,,
Modern,糸瓜咲いて痰のつまりし仏かな,"hechima saite
tan no tsumarishi
hotoke kana",,正岡子規,Masaoka Shiki,1864―1902,Autumn,"糸瓜 【へちま】 hechima, sponge gourd / luffa (all autumn).",,Keene Dawn,"Shiki's famous deathbed poem. The sponge gourd blooms outside; he lies inside choking. Composed three days before his death, Sep 18, 1902.",,,,,,,,,,,,"The sponge-gourd has flowered!
Look at the Buddha
Choked with phlegm.",,,,,,,
Modern,鶏頭の十四五本もありぬべし,"keitō no
jūshigo hon mo
arinu beshi",test trans,正岡子規,Masaoka Shiki,1864―1902,Autumn,"鶏頭 【けいとう】 keitō, cockscomb(s) (all autumn).",,Keene Dawn,One of Shiki's most debated poems. Obsessively precise realist count of 14 or 15 cockscomb stalks.,test text,check,,,,,,,,,,"Cockscomb—
I'm sure there are at least 
Fourteen or fifteen stalks.",,,,,,,
Modern,低く飛ぶ畦のいなごや日の弱り,"hikuku tobu
aze no inago ya
hi no yowari ",,正岡子規,Masaoka Shiki,1864―1902,Autumn,locust,,Keene Dawn,日の弱り (hi no yowari) = the sun weakening. Locusts flying low; the autumn sun waning—precise observation of season's decline.,,,,,,,,,,,,"See how low it flies.
That locust on the paddy walk—
The sunshine weakens.",,,,,,,
Modern,,"akikane ni 
koborete akashi
hamigakiko""",,正岡子規,Masaoka Shiki,1864―1902,,,,Keene Dawn,,,,,,,,,,,,,"Spilling over 
In the spring breeze, how red—
My tooth powder!",,,,,,,
Modern,,"ikutabi mo
yuki no fukasa wo
tazunekeri",,正岡子規,Masaoka Shiki,1864―1902,,,,Keene Dawn,,,,,,,,,,,,,"Again and again
I asked the others how much
Snow had fallen.",,,,,,,
Modern,,"nagaki hi ya                                                                                         
roba wo oiyuku                                                                                    
muchi no kage",,正岡子規,Masaoka Shiki,1864―1902,,,,Keene Dawn,,,,,,,,,,,,,"The long days—
the shadow of a lash
Chases a donkey.",,,,,,,
Modern,,"hatsuaki no
ishidan takashi
sugi kodachi",,正岡子規,Masaoka Shiki,1864―1902,Autumn,early autumn,,Keene Dawn,,,,,,,,,,,,,"The stone flight of steps
Looms high in early autumn 
Amidst the cedars.",,,,,,,
Modern,山の湯泉や裸の上の天の川,"yama no yu ya
hadaka no ue no
ama-no-gawa",,正岡子規,Masaoka Shiki,1864―1902,Summer,"天の川 【あまのがわ】 ama-no-gawa, Milky Way (mid autumn).",,"Modern Japanese Haiku, Ueda",Hot-spring bathers naked under the Milky Way—a boldly physical juxtaposition of the earthly and celestial.,,,,,,,,,,"Hot spring in the mountains:
high above the naked bathers
the River of Heaven.",,,,,,,,,
Modern,妹に群書よまする夜長かな,"imotō ni
gunsho yomasuru
yonaga kana",,正岡子規,Masaoka Shiki,1864―1902,Autumn,"夜長 【よなが】 yonaga, long night (all autumn).",,"Modern Japanese Haiku, Ueda",群書 (gunsho) = ancient war chronicles. Young sister reading aloud on the long autumn night—domestic intimacy of a sick man.,,,,,,,,,,"My young sister
reads me an ancient war epic
this endless night.",,,,,,,,,
Modern,秋寒し眼の光る鬼女の面,"aki samushi
manako no hikaru
kijo no men",,正岡子規,Masaoka Shiki,1864―1902,Autumn,"秋寒し 【あきさむし】 aki samushi, autumn chill (all autumn).",,"Modern Japanese Haiku, Ueda","鬼女の面 (kijo no men) = demon-woman Noh mask. In the autumn chill, the mask's glaring eyes seem terrifyingly alive.",,,,,,,,,,"Autumn chill:
with eyes glaring, there hangs
the mask of a demoness.",,,,,,,,,
Modern,蛇逃げて山静かなり百合の花,"hebi nigete
yama shizuka-nari
yuri no hana",,正岡子規,Masaoka Shiki,1864―1902,Summer,"百合の花 【ゆりのはな】 yuri no hana, lily (all summer).",,"Modern Japanese Haiku, Ueda",蛇逃げて (hebi nigete) = after the snake flees. The forest suddenly silent after the snake vanishes; the lily presides.,,,,,,,,,,"After the snake flees,
how quiet the forest is!
A lily flower.",,,,,,,,,
Modern,絶えず人いこふ夏野の石一つ,"taezu hito
ikou natsuno no
ishi hitotsu",,正岡子規,Masaoka Shiki,1864―1902,Summer,"夏野 【なつの】 natsuno, summer field(s) (all summer).",,"Modern Japanese Haiku, Ueda",絶えず (taezu) = ceaselessly. People rest on a single stone in the summer field—the stone as timeless witness.,,,,,,,,,,"Unceasingly 
this stone on the summer moor
rests people.",,,,,,,,,
Modern,,"ganjitsu ya
karegiku nokoru
niwa nosaki",,正岡子規,Masaoka Shiki,1864―1902,New Year,"元日 【がんじつ】 ganjitsu, New Year's Day (New Year).",,"Modern Japanese Haiku, Ueda",枯菊 (karegiku) = withered chrysanthemum. New Year's Day: dead chrysanthemums from autumn linger at the garden's edge.,,,,,,,,,,"New Year’s Day:
dead chrysanthemums remain
at the garden’s edge.",,,,,,,,,
Modern,蜘殺すあとのさびしき夜寒かな,"kumo korosu
ato no sabishiki
yosamu kana",,正岡子規,Masaoka Shiki,1864―1902,Autumn,"夜寒 【よさむ】 yosamu, night chill (late autumn).",,"Modern Japanese Haiku, Ueda","蜘 (kumo) = spider. After killing a spider, loneliness descends—unexpected pathos of a small act of violence.",,,,,,,,,,"After killing
a spider how lonely I feel
in the cold of night!",,,,,,,,,
Modern,馬下りて川の名問へば秋の風,"uma orite
kawa no na toeba
aki no kaze",,正岡子規,Masaoka Shiki,1864―1902,Autumn,"秋風 【あきかぜ】 akikaze, autumn breeze / autumn wind [carries with it the sound of rustling leaves] (all autumn).",,"Modern Japanese Haiku, Ueda",Getting off the horse to ask a river's name; an autumn wind blows—the query unanswered by the landscape.,,,,,,,,,,"I get down from my horse 
and ask the name of the river—
an autumnal wind.",,,,,,,,,
Modern,木の影や我が影動く冬の月,"ki no kage ya
waga kage ugoku
fuyu no tsuki",,正岡子規,Masaoka Shiki,1864―1902,Winter,"冬の月 【ふゆのつき】 fuyu no tsuki, winter moon (all winter).",,"Modern Japanese Haiku, Ueda",木の影 (ki no kage) = shadows of trees. Tree shadows and the speaker's own shadow waver together in the winter moonlight.,,,,,,,,,,"Shadows of the trees:
my shadow wavers with them
in the winter moonlight. ",,,,,,,,,
Modern,凩や鐘引きすてて道の端,"The wintry gust:
they have left a temple bell
by the roadside. ",,正岡子規,Masaoka Shiki,1864―1902,Winter,"木枯らし 【こがらし】 kogarashi, wintry gust (early winter).",,"Modern Japanese Haiku, Ueda",A temple bell left abandoned by the roadside; the cold wind blows. Ref. to the Noh play Dōjōji.,,,,,,,,,,"The wintry gust:
they have left a temple bell
by the roadside.",,,,,,,,,
Modern,砂浜にきららの光る春日なか,"sunahama ni
kirata no hikaru
haru hinaka",,正岡子規,Masaoka Shiki,1864―1902,Spring,"春日 【はるひ】 haruhi, a day in spring / spring day / spring sun [either or both meanings simultaneously, depending on context] (all spring).",,"Modern Japanese Haiku, Ueda",砂浜 (sunahama) = sandy beach. きらら (kirara) = glittering mica. Spring sunlight glittering on the sand.,,,,,,,,,,"On a sandy beach
glassy chips sparkle
in the spring sunshine.",,,,,,,,,
Modern,花散って水は南へ流れけり,"hana chitte 
mizu wa minami e
nagare-keri",,正岡子規,Masaoka Shiki,1864―1902,Spring,"落花 【らっか】 rakka, （らくくわ）, falling (cherry) blossoms (late spring).",,"Modern Japanese Haiku, Ueda",水は南へ (mizu wa minami e) = the water flows south. Cherry petals fall; the water carries them southward.,,,,,,,,,,"Blossoms have fallen
and the water is flowing
towards the south.",,,,,,,,,
Modern,看護婦やうたた寝さめて蠅を打つ,"kangofu ya
utatane samete
hae wo utsu",,正岡子規,Masaoka Shiki,1864―1902,Summer,"蠅 【はえ】 hae, fly / flies (all summer).",,"Modern Japanese Haiku, Ueda","看護婦 (kangofu) = nurse. A nurse dozing off, waking to swat a fly—wartime hospital reality, quiet irony.",,,,,,,,,,"My nurse,
awakening from a nap,
swats a fly.",,,,,,,,,
Modern,雲の峰硯に蟻の上りけり,"kumo no mine
suzuri ni ari no 
nobori-keri",,正岡子規,Masaoka Shiki,1864―1902,Summer,"雲の峰 【くものみね】 kumo no mine, towering summer clouds (mid summer).",,"Modern Japanese Haiku, Ueda",Thunderheads rising; an ant crawls up onto the inkstone—the monumental and the minute side by side.,,,,,,,,,,"A column of cloud—
onto my inkstone, an ant
has climbed.",,,,,,,,,
Modern,世をいとふ心薊を愛すかな,"yo wo itou
kokoro azami wo
aisu kana",,正岡子規,Masaoka Shiki,1864―1902,Autumn,"薊 【あざみ】 azami, thistle (late spring).",,"Modern Japanese Haiku, Ueda",世をいとふ (yo wo itou) = to loathe the world. The one who hates the world loves thistles—prickly beauty as consolation.,,,,,,,,,,"The heart that loathes 
this world thinks lovingly
of a thistle. ",,,,,,,,,
Modern,雪解や竹はね返る日の表,"yukidoke ya
take hanekaeru
hi no omote",,正岡子規,Masaoka Shiki,1864―1902,Spring,"雪解 【ゆきどけ】 yukidoke, snowmelt (mid spring).",,"Modern Japanese Haiku, Ueda",竹はね返る (take hanekuru) = bamboo snapping back. Snow melting; bamboo springs back into the sunlight.,,,,,,,,,,"The snow melts:
bamboos uncoil themselves
where the sunlight falls. ",,,,,,,,,
Modern,ある僧の月を待たずに帰りけり,"aru sō no
tsuki wo matazu ni
kaeri-keri",,正岡子規,Masaoka Shiki,1864―1902,Autumn,"月 【つき】 tsuki, moon (mid autumn).",,"Modern Japanese Haiku, Ueda",ある僧 (aru sō) = a certain monk. The monk leaves without waiting for the moon to rise—enigmatic departure.,,,,,,,,,,"A Buddhist monk
without waiting  for the moonrise
takes his leave.",,,,,,,,,
Modern,愛憎は蠅打って蟻に与へけり,"aizō wa
hae utte ari ni
atae-keri",,正岡子規,Masaoka Shiki,1864―1902,Summer,"蠅 【はえ】 hae, fly (all summer).",,"Modern Japanese Haiku, Ueda",愛憎 (aizō) = love and hate. Swatting a fly and giving it to an ant—the dialectic of love and hate enacted on insects.,,,,,,,,,,"For love and for hate
I swat a fly and offer it
to an ant.",,,,,,,,,
Modern,初暦五月の中に死ぬ日あり,"hatsugoyomi
gogatsu no naka ni
shinu hi ari",,正岡子規,Masaoka Shiki,1864―1902,New Year,"初暦 【はつごよみ】 hatsugoyomi, new calendar [literally ""first (use of the new) calendar""] (New Year).",,"Modern Japanese Haiku, Ueda","Looking through the new year's calendar—finding a day in May marked for death. Shiki's premonition, written while ill.",,,,,,,,,,"New year’s calendar:
in the month of May there is 
a day for dying. ",,,,,,,,,
Modern,棚の糸瓜思ふ所へぶら下がる,"tana no hechima
omou tokoro e
burasagaru",,正岡子規,Masaoka Shiki,1864―1902,Autumn,"糸瓜 【へちま】 hechima, sponge gourd / luffa (all autumn).",,"Modern Japanese Haiku, Ueda",棚の糸瓜 (tana no hechima) = the gourd on the shelf. The gourd dangles where it wants to—the sick man finds comfort in its self-determination.,,,,,,,,,,"From the trellis
sponge gourds dangle down, each one
where it pleases. ",,,,,,,,,
Modern,ある僧の月を待たずの帰りけり,"aru sō no
tsuki wo matazu no
kaeri keri",,正岡子規,Masaoka Shiki,1864―1902,Autumn,"月 【つき】 tsuki, moon (mid autumn).",,21st Century,Variant of Row 27. ある僧の月を待たずの帰りけり.,,,,,,,,,,,,,,,,,"A certain monk
has gone without waiting
for the moon to rise",,
Modern,いくたびも雪の深さを尋ねけり,"ikutabi mo
yuki no fukusa wo
tazune keri",,正岡子規,Masaoka Shiki,1864―1902,Winter,"雪 【ゆき】 yuki, snow (all winter).",,21st Century,"いくたびも (iku tabi mo) = again and again. Shiki bedridden, repeatedly asking how deep the snow has fallen—yearning for the outside world.",,,,,,,,,,,,,,,,,"How many times
I asked how deep
the snow was",,
Modern,柿食えば鐘が鳴るなり法隆寺,"kaki kueba   
kane ga naru nari  
hōryūji    ","I bite the persimmon 
and the bell starts booming
Hōryūji Temple",正岡 子規,Masaoka Shiki ,1864―1902,Autumn,persimmon,,,法隆寺 (Hōryūji). Eating a persimmon; the bell of Hōryūji tolls—one of Shiki's most celebrated poems.,,,,,,,,,,,,,,,,,,"As I eat a persimmon
I hear the temple bell toll:
Hōryūji. Keene Dawn
",
Modern,,"gantan ya
fudoshi tatande
makuragami",,村上鬼城,Murakami Kijyō,1865-1938,,,,Keene Dawn,,,,,,,,,,,,,"It’s New Year’s morning!
A neatly folded loincloth
Above my pillow.
",,,,,,,
Modern,,"jirōshu no
you hodo mo naku
samenikeri",,村上鬼城,Murakami Kijyō,1865-1938,,,,Keene Dawn,,,,,,,,,,,,,"Before I could get drunk
On that sake that cures deafness
I was sober again. ",,,,,,,
Modern,,"hyakushō ni
hibari agatte
yo aketari",,村上鬼城,Murakami Kijyō,1865-1938,,,,Keene Dawn,,,,,,,,,,,,,"A skylark soars,
And for the farmers
The day has dawned.",,,,,,,
Modern,冬蜂の死にどころなく歩きけり,"fuyu hachi no
shini dokoro naku
aruki keri",,村上鬼城,Murakami Kijyō,1865-1938,winter,cold bee,鬼城句集,"21st Century, momoko",Kijo was deaf and struggled in life so he may have seen himself in the bee,,,,,,,,,,"A bee in winter
without anywhere to die
goes wandering on",,,,,,,,"The bee in winter
Walks around,nowhere for him
To lay  down and die. Keene,Dawn",
Modern,夏草を這ひ上りたる捨子かな,"natsu kusa wo
haiagari-taru
sutego kana",,村上鬼城,Murakami Kijyō,1865-1939,Summer,"夏草 【なつくさ】 natsukusa, summer grasses (all summer).",,"Modern Japanese Haiku, Ueda",捨子 (sutego) = abandoned child. A child crawling up through summer grass—Kijō's characteristic pathos for the helpless.,,,,,,,,,,"Crawling up and up
on a blade of summer grass
an abandoned silkworm.",,,,,,,,,
Modern,今朝秋や見入る鏡に親の顔,"kesa aki ya
miiru kagami ni
oya no kao",,村上鬼城,Murakami Kijyō,1865-1940,Autumn,"今朝の秋 【けさのあき】 kesa no aki, first morning of autumn (early autumn).",,"Modern Japanese Haiku, Ueda",親の顔 (oya no kao) = parent's face. Looking in the mirror on the first autumn morning—seeing one's parent's aging face.,,,,,,,,,,"First autumn morning:
the mirror I stare into
shows my father’s face.",,,,,,,,,
Modern,小春日や石を嚙み居る赤蜻蛉,"koharubi ya
ishi wo kami iru
akatonbo",,村上鬼城,Murakami Kijyō,1865-1941,Autumn,"小春 【こはる】 koharu, Indian summer / little spring (early winter).",,"Modern Japanese Haiku, Ueda",赤蜻蛉 (aka tombo) = red dragonfly. An autumn dragonfly biting a stone in the warm late-season sun.,,,,,,,,,,"Balmy autumn day:
on a stone, biting it,
a red dragonfly.",,,,,,,,,
Modern,冬の日や前に塞がる己が影,"fuyu no hi ya
mae ni fusagaru 
ono ga kage",,村上鬼城,Murakami Kijyō,1865-1942,Winter,"冬の日 【ふゆのひ】 fuyu no hi, winter sun (all winter).",,"Modern Japanese Haiku, Ueda",己が影 (onore ga kage) = one's own shadow. The winter sun casts the shadow directly in the path forward—inescapable self.,,,,,,,,,,"The winter sun:
blocking the way ahead of me,
my own shadow.",,,,,,,,,
Modern,己が影を慕ふて這へる地虫かな,"ono ga kage wo
shitōte haeru
jimushi kana",,村上鬼城,Murakami Kijyō,1865-1943,Spring,"地虫 【じむし】 jimushi, grub / earthworm (spring).",,"Modern Japanese Haiku, Ueda","己が影を慕ふて (onore ga kage wo shitaite) = yearning after one's own shadow. A grub following its own shadow—self-pursuit, loneliness.",,,,,,,,,,"Yearning towards
its own shadow, there creeps
a grab.",,,,,,,,,
Modern,世を恋うて人をおそるる余寒かな,"yo wo kōte 
hito wo osoruru
jimushi kana",,村上鬼城,Murakami Kijyō,1865-1944,Spring,"余寒 【よかん】 yokan, remaining cold (early spring).",,"Modern Japanese Haiku, Ueda",世を恋うて (yo wo koute) = loving the world. Loving the world yet fearing people—social anxiety in the lingering cold.,,,,,,,,,,"I long to go out,
yet I am fearful of people—
cold season lingers.",,,,,,,,,
Modern,春の夜や灯を囲み居る盲者達,"haru no yo ya
hi wo kakomi iru 
mekura-tachi",,村上鬼城,Murakami Kijyō,1865-1945,Spring,"春の夜 【はるのよ】 haru no yo, spring night (all spring).",,"Modern Japanese Haiku, Ueda",盲者達 (mōsha-tachi) = blind people. Blind people gathered around a lamp on a spring night—Kijō's sympathy for the handicapped (he was deaf).,,,,,,,,,,"Spring night:
sitting around a lamp, relax
blind men in a group.",,,,,,,,,
Modern,さみだれや起き上がりたる根無し草,"samidare ya 
okiagari-taru 
nenashi-gusa",,村上鬼城,Murakami Kijyō,1865-1946,Summer,"五月雨 【さみだれ】 samidare, early summer rains (mid summer).",,"Modern Japanese Haiku, Ueda",根無し草 (ne-nashi-gusa) = rootless grass. Rising up in the summer rains—the uprooted person finds unexpected energy.,,,,,,,,,,"Long rainy days:
a weed. cut at the root,
raises its head.",,,,,,,,,
Modern,しらしらと人踏まで暮るる落花かな,"shira-shira to
hito fumade kururu
rakka kana",,村上鬼城,Murakami Kijyō,1865-1947,Spring,"落花 【らっか】 rakka, （らくくわ）, falling (cherry) blossoms (late spring).",,"Modern Japanese Haiku, Ueda","人踏まで (hito fumade) = untrodden by people. Blossoms falling white and white in the evening, no one walking on them.",,,,,,,,,,"How white they are!
It darkens, no one trampling
the fallen blossoms.",,,,,,,,,
Modern,浮草や蜘蛛渡りゐて水平ら,"ukikusa ya
kumo watari-ite
mizu taira",,村上鬼城,Murakami Kijyō,1865-1948,Summer,"浮草 【うきくさ】 ukikusa, duckweed (all summer).",,"Modern Japanese Haiku, Ueda","蜘蛛渡りゐて (kumo watariite) = a spider crossing. A spider walking across duckweed, the water perfectly flat beneath.",,,,,,,,,,"Floating duckweed:
a spider passes over it
the water, calm.",,,,,,,,,
Modern,御仏のお顔しみや秋の雨,"mihotoke no
okao no shimi ya
aki no ame",,村上鬼城,Murakami Kijyō,1865-1949,Autumn,"秋の雨 【あきのあめ】 aki no ame, autumn rain (all autumn).",,"Modern Japanese Haiku, Ueda",御仏のお顔 (mihotoke no okao) = the face of the Buddha. Stains on the Buddha's face in the autumn rain—pathos of aged devotional objects.,,,,,,,,,,"On the Buddha’s 
august face some pockmarks show:
autumnal rain.",,,,,,,,,
Modern,水泡の相依れば消ゆ蓮の花,"suihō no 
aiyoreba kiyu
hasu no hana",,村上鬼城,Murakami Kijyō,1865-1950,Summer,"蓮の花 【はすのはな】 hasu no hana, lotus flower (all summer).",,"Modern Japanese Haiku, Ueda",水泡 (suihō) = water bubbles. Water bubbles clinging together then dissolving—Buddhist impermanence at the lotus pond.,,,,,,,,,,"The moment two bubbles
are united, they both vanish.
A lotus blooms.",,,,,,,,,
Modern,冬蜂の死にどころなく歩きかり,"fuyu-bachi no
shinidokoro naku
aruki-keri",,村上鬼城,Murakami Kijyō,1865-1951,Winter,"冬蜂 【ふゆばち】 fuyubachi, winter bee (all winter).",,"Modern Japanese Haiku, Ueda","Variant of Row 37. Winter bee with nowhere to die, still walking.",,,,,,,,,,"A winter hornet
without a place to die
staggers along. ",,,,,,,,,
Modern,水すまし水に跳て水鉄の如し,"mizu-samushi
mizu ni hanete mizu
tetsu no gotoshi",,村上鬼城,Murakami Kijyō,1865-1952,Summer,"水馬 【あめんぼう】 amenbō, water strider(s) [family Gerridae], (all summer).",,"Modern Japanese Haiku, Ueda",水に跳て (mizu ni hane) = leaping on the water. The water strider skips across—quick as iron.,,,,,,,,,,"A water spider
bounces on the water, and
the water is like steel.",,,,,,,,,
Modern,冬川や小さき石に浪の花,"fuyu kawa ya
chiisaki ishi ni
nami no kana",,村上鬼城,Murakami Kijyō,1865-1953,Winter,"冬川 【ふゆかわ】 fuyukawa, winter river (all winter).",,"Modern Japanese Haiku, Ueda",浪の花 (nami no hana) = wave flowers. Small stones in the winter river catching the wave-foam.,,,,,,,,,,"A winter stream:
abloom on a little stone,
blossoms of water.",,,,,,,,,
Modern,春雨やたしかに見たる石の精,"harusame ya
tashika ni mi-taru
ishi no sei",,村上鬼城,Murakami Kijyō,1865-1954,Spring,"春雨 【はるさめ】 harusame, spring rain (all spring).",,"Modern Japanese Haiku, Ueda","石の精 (ishi no sei) = the spirit of the stone. In the spring rain, Kijō sees the stone's spirit clearly.",,,,,,,,,,"Spring rain:
I am certain I saw
the spirits of stones.",,,,,,,,,
Modern,春寒やぶつかり歩く盲犬,"haru-samu ya
butsukari aruku
mekura inu",,村上鬼城,Murakami Kijyō,1865-1955,Spring,"春寒 【はるさむ】 haruzamu, spring cold (early spring).",,"Modern Japanese Haiku, Ueda",盲犬 (mōken) = blind dog. A blind dog bumbling through the spring cold—Kijō's empathy for sightless creatures.,,,,,,,,,,"Cold day in spring:
bumping into this and that,
a blind dog walking.",,,,,,,,,
Modern,静かさに堪へでたにしの移りけり,"shizukasa ni
taede tanishi no
utsuri-keri",,村上鬼城,Murakami Kijyō,1865-1956,Summer,"田螺 【たにし】 tanishi, mud-snail(s)/paddy-snail(s) (all spring).",,"Modern Japanese Haiku, Ueda",静かさに堪へで (shizukasa ni taede) = unable to bear the quiet. The pond snail moves—unable to endure the stillness.,,,,,,,,,,"Not able to bear
the stillness, a mud snail
has moved!",,,,,,,,,
Modern,秋暑し草の実につくむら雀,"aki atsushi 
kusa no mi ni tsuku
mura-suzume",,村上鬼城,Murakami Kijyō,1865-1957,Autumn,"秋暑し 【あきあつし】 aki atsushi, autumn heat (early autumn).",,"Modern Japanese Haiku, Ueda",草の実 (kusa no mi) = grass seeds. Sparrows clinging to grass seeds in the autumn heat.,,,,,,,,,,"Hot autumn day—
swarming to the grass seed,
a flock of sparrows.",,,,,,,,,
Modern,土くれをかかへて死ぬる螽かな,"tsuchikure wo
kakaete shinuru
inago kana",,村上鬼城,Murakami Kijyō,1865-1957,Autumn,"螽 【きりぎりす】 kirigirisu, cricket (all autumn).",,"Modern Japanese Haiku, Ueda",土くれをかかへて (tsuchi kure wo kakaete) = clutching a clod of earth. A cricket dying while clasping a clod of earth—poignant final embrace.,,,,,,,,,,"Clutching a lump
of earth, it lies dying—
a grasshopper. ",,,,,,,,,
Modern,よき衣のつめたき裏や春浅き,"yoki kinu no
tsumetaki ura ya
haru asashi","a fine kimono    
how cool lining feels―    
spring is shallow",村上鬼城,Murakami Kijyō,1865-1957,Spring,Shallow spring,,英訳Saijiki,,,,,,,,,,,,,,,,,,,,
Modern,,"natsu asaki
kusa-bana mise ya
tane mo uru        ","the arboretum
in shallow summerー
seed are also for sale",中村楽天,Nakamura Rakuten,1865 - 1939,summer,春浅し haru asashi,,英訳Saijiki,,,,,,,,,,,,,,,,,,,,
Modern,,"kiri ki naru
ichi ni ugoku ya
kagebōshi",,夏目漱石,Natsume Soseki,1867―1916,,,,Keene Dawn,,,,,,,,,,,,,"See how it hovers
In these streets of yellow fog,
A human shadow.",,,,,,,
Modern,雀来て障子にうごく花の影,"susume kite
shōji ni ugoku
hana no kage",,夏目漱石,Natsume Soseki,1867―1916,Spring,"花の影 【はなのかげ】 hana no kage, blossom shadow (mid spring).",,"Modern Japanese Haiku, Ueda",雀来て (suzume kite) = a sparrow comes. A sparrow lands; its shadow trembles on the shoji screen—delicate visual poetry.,,,,,,,,,,"When a sparrow arrives
they move on the sliding screen,
shadows of the blossoms.",,,,,,,,,
Modern,炭竃に葛這ひ上る枯れながら,"sumigama ni
kazura hai-agaru
kare nagara",,夏目漱石,Natsume Soseki,1867―1916,Winter,"炭竃 【すみがま】 sumigama, charcoal kiln (all winter).",,"Modern Japanese Haiku, Ueda",葛這ひ上る (kuzu hairagaru) = kudzu vines climbing. Kudzu climbing up an old charcoal kiln even as it withers—life in decay.,,,,,,,,,,"Onto a charcoal kiln
a vine keeps climbing, while
being burnt to death.",,,,,,,,,
Modern,時雨るるや泥猫眠る経の上,"shigururu ya
doroneko nemuru
kyō no ue",,夏目漱石,Natsume Soseki,1867―1916,Winter,"時雨 【しぐれ】 shigure, winter drizzle (early winter).",,"Modern Japanese Haiku, Ueda",泥猫 (doro neko) = a muddy cat. A muddy cat sleeping on a sutra—comic juxtaposition of sacred and worldly.,,,,,,,,,,"Is it showering?
A muddy cat is asleep
on a Buddhist sutra.",,,,,,,,,
Modern,秋の空名もなき山の愈高し,"aki no sora
na mo naki yama no
nao takashi",,夏目漱石,Natsume Soseki,1867―1916,Autumn,"秋の空 【あきのそら】 aki no sora, autumn sky (all autumn).",,"Modern Japanese Haiku, Ueda","In the autumn sky, a nameless mountain seems to grow ever taller—the anonymous sublime.",,,,,,,,,,"Against the autumn sky
a nameless mountain towers
higher than ever.",,,,,,,,,
Modern,凩や海夕日を吹き落す,"kogarashi ya 
umi ni yūhi wo 
fuki-otosu",,夏目漱石,Natsume Soseki,1867―1916,winter,wintery gust,漱石俳句集,"Modern Japanese Haiku, Ueda, momoko",wintery gust normally blow leaves off the trees. The metaphor is a bit much but it has a nice impact,,,,,,,,,,"The wintry gust:
it blows the evening sun down
into the ocean.",,,,,,,,,
Modern,烏飛んで夕日に動く冬木かな,"karasu tonde
yūhi ni ugoku 
fuyuki kana",,夏目漱石,Natsume Soseki,1867―1916,Winter,"冬木 【ふゆき】 fuyuki, bare winter tree(s) (all winter).",,"Modern Japanese Haiku, Ueda","烏飛んで (karasu tonde) = a crow flies. A crow flies; in the sunset light, the winter trees seem to move.",,,,,,,,,,"The crow has flown away.
swaying in the evening sun,
a leafless tree.",,,,,,,,,
Modern,元旦に生まれぬ先の親恋し,"ganjitsu ni
umarenu saki no
oya koishi",,夏目漱石,Natsume Soseki,1867―1916,New Year,"元旦 【がんたん】 gantan, New Year's morning (New Year).",,"Modern Japanese Haiku, Ueda",生まれぬ先の親 (umarenu mae no oya) = parents before one was born. New Year's morning brings longing for parents one never knew.,,,,,,,,,,"On New Year’s Day
I long to meet my parents
as they were before my birth.",,,,,,,,,
Modern,梅ちるや月夜に廻る水車,"ume chiru ya
tsukiyo ni mawaru 
mizuguruma",,夏目漱石,Natsume Soseki,1867―1916,Spring,"梅 【うめ】 ume, （sometimes むめ mume）, plum (blossoms) [technically, the ""Japanese apricot"", Prunus mume; but this has almost always been translated ""plum"" for literary purposes] (early spring).",,"Modern Japanese Haiku, Ueda",Plum blossoms scattering in the moonlit night; a water wheel turns—Sōseki's classical lyricism.,,,,,,,,,,"Plum blossoms fall:
turning in the moonlit night,
a water wheel.",,,,,,,,,
Modern,永き日や欠伸うつして別れ行く,"nagaki hi ya
akubi utsushite
wakare-yuku",,夏目漱石,Natsume Soseki,1867―1916,Spring,"永き日 【ながきひ】 nagaki hi, long day(s) (all spring).",,"Modern Japanese Haiku, Ueda","欠伸うつして (akubi utsushite) = yawning contagiously. Parting with a yawn passed back and forth—the languid, endless spring day.",,,,,,,,,,"A long day:
I take over his yawning
when he leaves.",,,,,,,,,
Modern,寂として掾に鋏と牡丹哉,"jaku toshite
en ni hasami to
botan kana",,夏目漱石,Natsume Soseki,1867―1916,Summer,"牡丹 【ぼたん】 botan, tree peony (early summer).",,"Modern Japanese Haiku, Ueda",Scissors and peonies on the sill—stilled life in the quiet spring house.,,,,,,,,,,"It is quiet—
on the veranda, clippers
and peonies.",,,,,,,,,
Modern,落ちざまに蝱を伏せたる椿哉,"ochi-zama ni
abu wo fuse-taru
tsubaki kana",,夏目漱石,Natsume Soseki,1867―1916,Spring,"椿 【つばき】 tsubaki, camellia(s) (all spring).",,"Modern Japanese Haiku, Ueda","蛱 (abu) = horsefly. A camellia falls and pins a horsefly beneath it—sudden, silent violence.",,,,,,,,,,"Falling to the ground 
it has trapped a gadfly,
a camellia flower.",,,,,,,,,
Modern,朧夜や顔に似合ぬ恋もあらん,"oboroyo ni
kao ni niawanu 
koi mo aran",,夏目漱石,Natsume Soseki,1867―1916,Spring,"朧夜 【おぼろよ】 oboroyo, hazy spring night (all spring).",,"Modern Japanese Haiku, Ueda","顔に似合ぬ恋 (kao ni niau nu koi) = a love not suited to one's face. On this hazy night, even ill-suited love is possible.",,,,,,,,,,"Hazy moonlight night:
there must be love for
unlikely faces too.",,,,,,,,,
Modern,菫程小さき人に生れたし,"sumire hodo
chiisaki hito ni
umare-tashi",,夏目漱石,Natsume Soseki,1867―1916,Spring,"菫 【すみれ】 sumire, violet(s) [Viola mandshurica] (all spring).",,"Modern Japanese Haiku, Ueda",小さき人 (chiisaki hito) = a small person. Wishing to be born as small as a violet—Sōseki's longing for insignificance.,,,,,,,,,,"Into a man
as tiny as a violet
may I be reborn!",,,,,,,,,
Modern,有耶無耶の柳近頃緑也,"uyamuya no
yanagi chikagoro
midori nari",,夏目漱石,Natsume Soseki,1867―1916,Spring,"柳 【やなぎ】 yanagi, willow(s) / weeping willow(s) (late spring).",,"Modern Japanese Haiku, Ueda","有耶無耶 (uyamuya) = vague, uncertain. The willow's uncertain green has recently deepened—subtle arrival of spring.",,,,,,,,,,"That inconspicuous
willow tree—of late it has
become green!",,,,,,,,,
Modern,顔洗ふ盥に立つや秋の影,"kao arau
tarai ni tatsu ya
aki no kage",,夏目漱石,Natsume Soseki,1867―1916,Autumn,"秋の影 【あきのかげ】 aki no kage, autumn shadow (all autumn).",,"Modern Japanese Haiku, Ueda",盥 (tarai) = washbasin. Washing the face; the autumn shadow rising in the basin—surprising self-reflection.,,,,,,,,,,"In the basin, 
as I wash my face, there rises
autumn’s shadow.",,,,,,,,,
Modern,眠らざる僧の嚔や夜半の梅,"nemurazaru
sō no kusame ya
yowa no ume",,夏目漱石,Natsume Soseki,1867―1916,Winter,"梅 【うめ】 ume, （sometimes むめ mume）, plum (blossoms) [technically, the ""Japanese apricot"", Prunus mume; but this has almost always been translated ""plum"" for literary purposes] (early spring).",,"Modern Japanese Haiku, Ueda","嚔 (kushami) = sneeze. A monk not sleeping, sneezing in the midnight plum-scented air.",,,,,,,,,,"Not yet asleep,
a Buddhist monk sneezes:
midnight plum blossoms.",,,,,,,,,
Modern,寒徹骨梅を娶ると夢みけり,"kantekkotsu
ume wo metoru to
yumemi-keri",,夏目漱石,Natsume Soseki,1867―1916,Winter,"梅 【うめ】 ume, （sometimes むめ mume）, plum (blossoms) [technically, the ""Japanese apricot"", Prunus mume; but this has almost always been translated ""plum"" for literary purposes] (early spring).",,"Modern Japanese Haiku, Ueda",寒徹骨 (kan tessu kotsu) = cold piercing to the bone. Dreaming of marrying the plum—Sōseki's playful infatuation with the winter plum.,,,,,,,,,,"The piercing cold—
I marry a plum blossom
in a dream.",,,,,,,,,
Modern,肩に来て人なつかしや赤蜻蛉,"kata ni kite
hito natsukakashi ya
aka-tonbo",,夏目漱石,Natsume Soseki,1867―1916,Autumn,"赤蜻蛉 【あかとんぼ】 aka-tombo, red dragonfly (all autumn).",,"Modern Japanese Haiku, Ueda",人なつかしや (hito natsukashi ya) = longing for people. A red dragonfly lands on the shoulder—homesickness for people.,,,,,,,,,,"It comes to my shoulder
longing for human company:
a red dragonfly. ",,,,,,,,,
Modern,別るるや夢一筋の天の川,"wakaruru ya
yume hitosuji no
ama-no-gawa",,夏目漱石,Natsume Soseki,1867―1916,Summer,"天の川 【あまのがわ】 ama-no-gawa, Milky Way (mid autumn).",,"Modern Japanese Haiku, Ueda",別るる (wakaruru) = parting. A dream of parting; a single thread of the Milky Way—elegant grief.,,,,,,,,,,"I take my leave:
in my dream there stretches a streak—
the River of Heaven.",,,,,,,,,
Modern,芝草や陽炎ふひまを犬の夢,"shibakusa ya
kagerou hima wo
inu no yume",,夏目漱石,Natsume Soseki,1867―1916,Summer,"陽炎 【かげろう】 kagerō, （かげろふ）, heat shimmer [visual distortion in the air over a heated surface; sometimes misleadingly translated ""heat waves""] (all spring).",,"Modern Japanese Haiku, Ueda",犬の夢 (inu no yume) = a dog's dream. A dog dozing in the lawn's shimmer—languid summer scene.,,,,,,,,,,"The grassy lawn:
amid the shimmering heat waves
a dog’s dream.",,,,,,,,,
Modern,霜の葱土深々と着たるかな,"shimo no negi
tsuchi fukabaka to
kitaru kana ","frosty green onionsー
deep under a
coat of soil",篠原温亭,Shinohara Ontei,1872 - 1926,winter,green onion,,saijiki,,,,,,,,,,,,,,,,,,,,
Modern,,"ringo wo tsumami
iitsukushitemo
kurikaesaneba naranu","I pick up an apple:
I've said everything that was to be said,
But still must repeat.",河東碧梧桐,Kawahigashi Hekigotō,1873―1937,,,,Keene Dawn,,,,,,,,,,,,,"I pick up an apple:
I've said everything that was to be said,
But still must repeat.",,,,,,,
Modern,,"omowazu mo
hiyoko umarenu
fuyu sōbi","Quite to my surprise 
Some little chicks have been born:
Winter roses.",河東碧梧桐,Kawahigashi Hekigotō,1873―1937,,,,Keene Dawn,,,,,,,,,,,,,"Quite to my surprise 
Some little chicks have been born:
Winter roses.",,,,,,,
Modern,,"onsen no yado ni
uma no ko kaeri
hae no koe","At the hot-spring inn
A baby colt was hatched out:
The buzzing of flies.",河東碧梧桐,Kawahigashi Hekigotō,1873―1937,,,,Keene Dawn,,,,,,,,,,,,,"At the hot-spring inn
A baby colt was hatched out:
The buzzing of flies.",,,,,,,
Modern,行水を捨てて湖水のささ濁り,"gyōzui wo
sutete kosui no
sasanigori","From a bathing tub
I throw water into the lake—
slight muddiness appears.",河東碧梧桐,Kawahigashi Hekigotō,1873―1937,Summer,"行水 【ぎょうずい】 gyōzui, outdoor bathing in a tub (all summer).",,"Modern Japanese Haiku, Ueda",湖水のささ濁り (kōsui no sasa nigori) = the lake slightly clouded. Bathing water thrown out slightly clouds the lake.,,,,,,,,,,,,,,,,,,,
Modern,麦の秋盗人らしきもの通る,"mugi no aki 
nusubito rashiki 
mono tōru","Wheat harvesting time—
a man who looks like a robber 
passes by.",河東碧梧桐,Kawahigashi Hekigotō,1873―1938,Summer,"麦の秋 【むぎのあき】 mugi no aki, wheat harvest (early summer).",,"Modern Japanese Haiku, Ueda",盗人らしきもの (nusutto rashiki mono) = something thief-like. A suspicious figure passing through the wheat fields at harvest.,,,,,,,,,,,,,,,,,,,
Modern,愕然として昼寝さめたる一人哉,"gakuzen to
shite hirune same-taru
hitori kana","Startled
I wake from a midday nap
all alone.",河東碧梧桐,Kawahigashi Hekigotō,1873―1939,Summer,"昼寝 【ひるね】 hirune, midday nap / siesta (all summer).",,"Modern Japanese Haiku, Ueda",愕然として (gakuzen to shite) = with a start. Waking from a midday nap alone—the shock of solitude.,,,,,,,,,,,,,,,,,,,
Modern,泣きやまぬ子に灯ともすや秋の暮,"naki yamanu
ko ni hi tomosu ya
aki no kure","For a baby who
keeps crying she lights a lamp:
evening in autumn.",河東碧梧桐,Kawahigashi Hekigotō,1873―1940,Autumn,"秋の暮 【あきのくれ】 aki no kure, autumn dusk (all autumn).",,"Modern Japanese Haiku, Ueda",Lighting a lamp for the crying child in the autumn dusk.,,,,,,,,,,,,,,,,,,,
Modern,軒落ちし雪窮（港）を塞ぎけり,"noki ochishi
yuki kyūkō wo
fusagi-keri","Fallen off the eaves,
a pile of snow blocks the street
in a slum area.",河東碧梧桐,Kawahigashi Hekigotō,1873―1941,Winter,"雪 【ゆき】 yuki, snow (all winter).",,"Modern Japanese Haiku, Ueda",軒落ちし雪 (noki ochishi yuki) = snow falling from the eave blocks the harbor entrance.,,,,,,,,,,,,,,,,,,,
Modern,断食の恋ふ夜半や稲光,"danjiki no
mizu kou yowa ya
inabikari","A fasting man
craves for water at midnight:
a flash of lightning.",河東碧梧桐,Kawahigashi Hekigotō,1873―1942,Autumn,"稲光 【いなびかり】 inabikari, lightning flash (all autumn).",,"Modern Japanese Haiku, Ueda",断食 (danjiki) = fasting. Yearning in the fasting night—lightning flashes overhead. Asceticism and the violent sky.,,,,,,,,,,,,,,,,,,,
Modern,暴動の後にまたなき月夜かな,"bōdō no
ato ni mata naki
tsukiyo kana","After the riot
an incomparably beautiful
moonlit night.",河東碧梧桐,Kawahigashi Hekigotō,1873―1943,Autumn,"月夜 【つきよ】 tsukiyo, moonlit night (all autumn).",,"Modern Japanese Haiku, Ueda","暴動 (bōdō) = riot. After the riot, an incomparably beautiful moonlit night—the world indifferent to human violence.",,,,,,,,,,,,,,,,,,,
Modern,思はずもヒヨコ生まれぬ冬薔薇,"omowazu mo
hiyoko umarene
fuyu sōbi","Unexpectedly
a chick has hatched—
midwinter rose.",河東碧梧桐,Kawahigashi Hekigotō,1873―1944,Winter,"冬薔薇 【ふゆばら】 fuyu-bara, winter rose (all winter).",,"Modern Japanese Haiku, Ueda","ヒヨコ (hiyoko) = baby chick. A chick born beside a winter rose—startling, incongruous new life.",,,,,,,,,,,,,,,,,,,
Modern,馬ひとり忽と戻りぬ飛ぶ蛍,"uma hitori
kotsu to modorinu
tobu hotaru","The horse alone
has unexpectedly returned—
flitting fireflies",河東碧梧桐,Kawahigashi Hekigotō,1873―1945,Summer,"蛍 【ほたる】 hotaru, firefly (mid summer).",,"Modern Japanese Haiku, Ueda","A horse returns alone suddenly; fireflies around it—mysterious, eerie homecoming.",,,,,,,,,,,,,,,,,,,
Modern,空をはさむ蟹死にをるや雲の峰,"kū wo hasamu
kani shini oru ya
kumo no mine","Clawing the void
lies the corpse of a crab:
mountains of clouds.",河東碧梧桐,Kawahigashi Hekigotō,1873―1946,Summer,"雲の峰 【くものみね】 kumo no mine, towering summer clouds (mid summer).",,"Modern Japanese Haiku, Ueda",空をはさむ蟹 (sora wo hasamu kani) = a crab pinching the sky. A dead crab with claws stretched toward towering clouds—absurdist observation.,,,,,,,,,,,,,,,,,,,
Modern,ほの明けに花白き木や露の原,"honoake ni
hana shiroki ki ya
tsuyu no hara","In the faint light of dawn
a tree blossoming in white,
the field sprinkled with dew.",河東碧梧桐,Kawahigashi Hekigotō,1873―1947,Spring,"花 【はな】 hana, (cherry) blossoms [in haiku and haikai the simple word hana 花 refers to cherry blossoms, as do all kigo listed here; but note that in Manyōshū and some other early poetry hana was understood as referring to ume 梅【うめ】plum blossoms, an early spring topic] (late spring).",,"Modern Japanese Haiku, Ueda",ほの明けに (hono-ake ni) = at the faint dawn. White flowers in the dewy field at first light.,,,,,,,,,,,,,,,,,,,
Modern,寝牛とも石とも見えて草萠る,"ne-ushi to mo
ishi to mo miete
kusa moyuru","A sleeping cow?
A boulder? It could be either.
Grass sprouts out.",河東碧梧桐,Kawahigashi Hekigotō,1873―1948,Spring,"草萠る 【くさもえる】 kusa moeru, grass sprouting (all spring).",,"Modern Japanese Haiku, Ueda",寝牛 (ne ushi) = reclining ox. A reclining ox or perhaps just a stone—the grass sprouting around it either way.,,,,,,,,,,,,,,,,,,,
Modern,相撲乗せし便船のなど時化となり,"sumō noseshi
binsen no nado 
shike to nari","Wrestlers are aboard
the ferry; why has it become 
stormy weather?",河東碧梧桐,Kawahigashi Hekigotō,1873―1949,Autumn,"相撲 【すもう】 sumō, sumo wrestling (all autumn).",,"Modern Japanese Haiku, Ueda",便船 (binsen) = a transport vessel. A ship carrying sumo wrestlers runs into a storm.,,,,,,,,,,,,,,,,,,,
Modern,遠く高き木夏近き立てり畳む屋根に,"tōku takaki
ki natsu chikaki tateri
tatamu yane ni","In the distance
a tall tree
near summertime
stands
above multitudinous roofs.",河東碧梧桐,Kawahigashi Hekigotō,1873―1950,Summer,"夏近き 【なつちかき】 natsu chikaki, summer approaching (late spring).",,"Modern Japanese Haiku, Ueda","A tall, distant tree standing near the arriving summer. Experimental form.",,,,,,,,,,,,,,,,,,,
Modern,蠅打つまで蠅叩きなかりし,"hae utsu 
made hae-tataki
nakarishi","Until I hit the fly
the fly-swatter
did not exist.",河東碧梧桐,Kawahigashi Hekigotō,1873―1951,Summer,"蠅叩き 【はえたたき】 haetataki, fly swatter (summer).",,"Modern Japanese Haiku, Ueda",No fly swatter until you need one—comic frustration.,,,,,,,,,,,,,,,,,,,
Modern,山吹咲く工女が窓々の長屋,"yamabuki saku
kōjo ga 
mado-mado no
nagaya","Mountain roses bloom:
factory girls 
at the windows 
of a tenement house.",河東碧梧桐,Kawahigashi Hekigotō,1873―1952,Spring,"山吹 【やまぶき】 yamabuki, yellow rose / wild yellow rose [literally, ""mountain breath""; Kerria japonica] (late spring).",,"Modern Japanese Haiku, Ueda",工女 (kōjo) = factory girl. Kerria roses blooming at the factory girls' windows.,,,,,,,,,,,,,,,,,,,
Modern,明白む障子の蛾高し,"ake shiramu
shōji no ga
takashi","Whitening with dawn,
the sliding screen:
on it a moth
high up.",河東碧梧桐,Kawahigashi Hekigotō,1873―1953,Autumn,"蛾 【が】 ga, moth (all summer).",,"Modern Japanese Haiku, Ueda",A moth high on the brightening shoji screen—morning light exposing what darkness hid.,,,,,,,,,,,,,,,,,,,
Modern,牡蠣飯冷えたりいつもの細君,"kaki-meshi
hie-tari
itsumo no 
saikun","Oyster stew
has become cold—
same old
wife of mine.",河東碧梧桐,Kawahigashi Hekigotō,1873―1954,Winter,"牡蠣 【かき】 kaki, oyster (all winter).",,"Modern Japanese Haiku, Ueda",細君 (saikun) = one's wife (humble). Oyster rice grown cold—the wife always the same. Wry domestic observation.,,,,,,,,,,,,,,,,,,,
Modern,父はわかつてゐた黙ってゐた庭薄,"chichi ha wakatte-ita
damatte-ita
niwa susuki","Father had known,
didn't say a word:
pampas grass in the garden.",河東碧梧桐,Kawahigashi Hekigotō,1873―1955,Autumn,"薄 【すすき】 susuki, pampas grass (mid autumn).",,"Modern Japanese Haiku, Ueda",父はわかつてゐた黙ってゐた (chichi wa wakatte ita damatte ita) = father understood and kept silent. Pampas grass in the garden as silent witness to unspoken understanding.,,,,,,,,,,,,,,,,,,,
Modern,草をぬく根の白さ深さに堪えぬ,"kusa wo nuku 
ne no shirosa
fukasa ni
taene","I pull out a stalk of grass,
the root’s whiteness
and depth—
I bear with the sight.",河東碧梧桐,Kawahigashi Hekigotō,1873―1956,Spring,"草をぬく 【くさをぬく】 kusa wo nuku, pulling weeds (spring).",,"Modern Japanese Haiku, Ueda",根の白さ深さに堪えぬ (ne no shirosa fukasa ni taenu) = overwhelmed by the whiteness and depth of the root. Pulling weeds; struck by the white depth of the roots.,,,,,,,,,,,,,,,,,,,
Modern,春寒し水田の上の限なし雲,"haru samushi
suiden no ue no
kagiri nashi kumo","Cold spring...
clouds without roots above
the paddy fields",河東碧梧桐,Kawahigashi Hekigotō,1873―1937,Spring,"春寒 【はるさむ】 haruzamu, spring cold (early spring).",,21st Century,"限なし雲 (kagi nashi kumo) = limitless clouds. Spring cold; over the paddy fields, clouds stretch without end.",,,,,,,,,,,,,,,,,,,
Modern,赤い椿白い椿と落ちにけり,"akai tsubaki
shiroi tsubaki tsubaki to
ochi ni keri","A red camellia
then a white camellia
falls down",河東碧梧桐,Kawahigashi Hekigotō,1873―1937,Spring,"椿 【つばき】 tsubaki, camellia(s) (all spring).",,21st Century,One of Hekigotō's most celebrated poems. Red and white camellias falling—minimalist observation of contrasting color.,,,,,,,,,,,,,,,,,,,
Modern,春浅き水を渡るや鷺一つ,"haru asaki
mizu wo wataru ya
sagi hitotsu    ","spring is shallow     
crossing the water―     
a single heron",河東碧梧桐,Kawahigashi Hekigotō,1873―1937,Spring,"春浅き 【はるあさき】 haru asaki, early/shallow spring (early spring).",,英訳saijiki,鷺一つ (sagi hitotsu) = a single heron. A single heron crossing the water in early spring.,,,,,,,,,,,,,,,,,,,
Modern,,"harukaze ya
tōshi idakite
oka ni tatsu","In the spring wind,
Nursing my fighting spirit,
I stand on a hill.",高浜虚子,Takahama Kyoshi,1874―1959,,,,Keene Dawn,,,,,,,,,,,,,,,,,,,,
Modern,,"kamakura wo
odorokashitaru
yokan ari","Cold of winter,
Still lingering, has astonished
All Kamakura.",高浜虚子,Takahama Kyoshi,1874―1959,,,,Keene Dawn,,,,,,,,,,,,,,,,,,,,
Modern,夕立を真横に走る白帆かな,"yūdachi wo
mayoko ni hashiru
shiraho kana","The summer shower—
cutting straight through it, there goes
a white sailboat.",高浜虚子,Takahama Kyoshi,1874―1959,Summer,"夕立 【ゆうだち】 yūdachi, （ゆふだち）, sudden (summer) shower [literally ""evening shower""] (all summer).",,"Modern Japanese Haiku, Ueda",白帆 (shiroho) = white sail. A white-sailed boat running athwart the summer squall.,,,,,,,,,,,,,,,,,,,
Modern,裏戸より借るべき家の菊を見つ,"urado yori
karu-beki ie no
kiku wo mitsu","Through the back gate
of the house I am to rent
chrysanthemums are seen.",高浜虚子,Takahama Kyoshi,1874―1959,Autumn,"菊 【きく】 kiku, chrysanthemums (all autumn).",,"Modern Japanese Haiku, Ueda",Looking through a neighbor's back gate at chrysanthemums—neighborly theft of beauty.,,,,,,,,,,,,,,,,,,,
Modern,遠山に日のあたりたる枯野かな,"tōyama ni 
hi no atari-taru
kareno kana","On the distant hills
the rays of the sun fall…
a withered moor.",高浜虚子,Takahama Kyoshi,1874―1959,winter,withered moor,五百句,"Modern Japanese Haiku, Ueda, momoko",auther walking through the feild. contrast of cold feild with warm sun,,,,,,,,,,,,,,,,,,"In the distant hills
A patch where sunlight touches
The withered meadows. Keene, Dawn",
Modern,桐一葉日当りながら落ちにえり,"kiri hitoha
hi atari  nagara
ochinikeri","A paulownia leaf
basking in the sunlight—
it’s dropped to the ground!",高浜虚子,Takahama Kyoshi,1874―1959,Autumn,"桐一葉 【きりひとは】 kiri hitoha, a single paulownia leaf (early autumn).",,"Modern Japanese Haiku, Ueda",Famous poem. A single paulownia leaf falls in full sunlight—the traditional Japanese sign that summer is over.,,,,,,,,,,,,,,,,,,"A paulownia leaf
Caught all the while in sunlight
Flutters to the ground. Keene, Dawn",
Modern,金亀子＿＿つ闇の深さかな,"koganemushi
nagetsu yami no 
fukasa kana","A gold bug—
I hurl it into the darkness
and feel the depth of the night.",高浜虚子,Takahama Kyoshi,1874―1959,Summer,"金亀子 【こがねむし】 koganemushi, golden beetle / scarab (all summer).",,"Modern Japanese Haiku, Ueda",闇の深さ (yami no fukasa) = depth of darkness. A beetle flies off with a hum—measuring the depth of the dark.,,,,,,,,,,,,,,,,,,,
Modern,蛇逃げて我を見し眼の草に残る,"hebi nigete
ware wo mishi me no 
fukasa kana","After the snake flees
the eyes that glared at me
remain in the grass.",高浜虚子,Takahama Kyoshi,1874―1959,Summer,"蛇 【へび】 hebi, snake (all summer).",,"Modern Japanese Haiku, Ueda",草に残る (kusa ni nokoru) = remaining in the grass. The snake flees but leaves its eyes in the grass.,,,,,,,,,,,,,,,,,,,
Modern,夏の月皿の林檎の紅失す,"natsu no tsuki
sara no ringo
kō shissu","The summer moon—
on the plate lies an apple
with its redness lost.",高浜虚子,Takahama Kyoshi,1874―1959,Summer,"夏の月 【なつのつき】 natsu no tsuki, summer moon (all summer).",,"Modern Japanese Haiku, Ueda","林檎の紅 (ringo no kurenai) = the apple's red. Under the summer moon, the apple's redness fades.",,,,,,,,,,,,,,,,,,,
Modern,秋天の下に野菊の花弁欠く,"shūten no 
shita ni no-giku no
kaben kaku","Under the autumnal
sky, a wild chrysanthemum
lacking a petal.",高浜虚子,Takahama Kyoshi,1874―1959,Autumn,"野菊 【のぎく】 nogiku, wild chrysanthemum(s)/aster(s) [any of several species of wild chrysanthemums or asters with thin-petalled, single white flowers with yellow centers] (mid autumn).",,"Modern Japanese Haiku, Ueda","花弁欠く (kaben kaku) = petals missing. Wild chrysanthemums under the autumn sky, some petals fallen.",,,,,,,,,,,,,,,,,,,
Modern,天日のうつりて暗し＿＿の水,"tenjitsu no
utsurite kurashi 
kato no mizu","The sun in the sky
is mirrored darkly on the water
where tadpoles live.",高浜虚子,Takahama Kyoshi,1874―1959,Autumn,"天日 【てんじつ】 tenjitsu, the sun in the sky (autumn).",,"Modern Japanese Haiku, Ueda",天日のうつりて暗し = the sun shifting and darkening. A moving cloud darkens the water.,,,,,,,,,,,,,,,,,,,
Modern,草を摘む子の野を渡る巨人かな,"kusa wo tsumu
ko no no wo wataru
kyojin kana","Over the children
picking herbs on the fields something
gigantic passes.",高浜虚子,Takahama Kyoshi,1874―1959,Spring,"草を摘む 【くさをつむ】 kusa wo tsumu, gathering herbs (spring).",,"Modern Japanese Haiku, Ueda",野を渡る巨人 (no wo wataru kyojin) = a giant crossing the field. A child gathering herbs—seen as a giant from afar.,,,,,,,,,,,,,,,,,,,
Modern,芽ぐむなる大樹の幹に耳を寄せ,"megumu naru
taiju no miki ni
mimi wo yose","It begins to bud—
close to the trunk of the great tree
I strain my eyes to listen.",高浜虚子,Takahama Kyoshi,1874―1959,Spring,"芽ぐむ 【めぐむ】 megumu, budding (all spring).",,"Modern Japanese Haiku, Ueda",大樹の幹に耳を寄せ (taiju no miki ni mimi wo yose) = placing an ear to the great tree's trunk. Listening for the sap rising in the budding season.,,,,,,,,,,,,,,,,,,,
Modern,流れ行く大根の葉の早さかな,"nagare yuku
daikon no ha no 
hayasa kana","Floating away—
the turnip leaves—and how
swiftly the go!",高浜虚子,Takahama Kyoshi,1874―1959,Winter,"大根 【だいこん】 daikon, daikon [the Japanese white radish, Raphanus sativas, much used in cooking] (all winter).",,"Modern Japanese Haiku, Ueda",流れ行く大根の葉 (nagareyuku daikon no ha) = daikon leaves flowing. The speed of daikon leaves swept along—vivid observation.,,,,,,,,,,,,,,,,,,,
Modern,ぱっと火になりたる蜘蛛や草を焼く,"patto hi ni
nari-taru kumo ya
kusa wo yaku","In an instant
it has become a flame: a spider
in the burning grass.",高浜虚子,Takahama Kyoshi,1874―1959,Spring,"草を焼く 【くさをやく】 kusa wo yaku, burning grass (early spring).",,"Modern Japanese Haiku, Ueda",A spider caught in the grass-burning—sudden transformation.,,,,,,,,,,,,,,,,,,,
Modern,凍蝶の己が魂追うて飛ぶ,"itechō no
onoga tamashii
ōte tobu","A butterfly
in the cold: it flies in pursuit
of its own soul.",高浜虚子,Takahama Kyoshi,1874―1959,Winter,"凍蝶 【いてちょう】 ite-chō, frozen butterfly (all winter).",,"Modern Japanese Haiku, Ueda",己が魂追うて (onore ga tamashii oute) = chasing its own soul. A butterfly frozen in the cold seems to chase its own soul.,,,,,,,,,,,,,,,,,,,
Modern,川を見るバナナ皮は手より落る,"kawa wo miru
banana no kawa wa
te yori ochi","I gaze at the river.
A banana peel I held
slips from my hand.",高浜虚子,Takahama Kyoshi,1874―1959,Summer,"川を見る 【かわをみる】 kawa wo miru, looking at the river (summer).",,"Modern Japanese Haiku, Ueda","バナナ皮 (banana kawa) = banana peel. Distracted by the river, a banana peel slips from the hand.",,,,,,,,,,,,,,,,,,,
Modern,もの置けばそこに生まれぬ秋の蔭,"mono okeba
soko ni umarenu
aki no kage","When I set
something down, there emerges 
autumn’s shadow.",高浜虚子,Takahama Kyoshi,1874―1959,Autumn,"秋の蔭 【あきのかげ】 aki no kage, autumn shadow (all autumn).",,"Modern Japanese Haiku, Ueda",Put something down and immediately an autumn shadow forms around it—the season pressing in.,,,,,,,,,,,,,,,,,,,
Modern,大寒や見舞に行けば死んでをり,"daikan ya
mimai ni yukeba
shinde-ori","Midwinter’s cold:
I go to visit a sick man
—he is already dead!",高浜虚子,Takahama Kyoshi,1874―1959,Winter,"大寒 【だいかん】 daikan, major cold / coldest period (mid winter).",,"Modern Japanese Haiku, Ueda",Going to visit a sick friend during the coldest period—arriving to find them dead.,,,,,,,,,,,,,,,,,,,
Modern,枯菊に尚ほ或物をとどめずや,"kare-giku ni
nao arumono wo
todomezu ya","A dead chrysanthemum
and yet—isn't there still something
remaining in it?",高浜虚子,Takahama Kyoshi,1874―1959,Winter,"枯菊 【かれぎく】 karegiku, withered chrysanthemums (all winter).",,"Modern Japanese Haiku, Ueda",尚ほ或物をとどめずや (nao aru mono wo todomedzu ya) = still retaining something. The withered chrysanthemum retains something—a remnant beauty.,,,,,,,,,,,,,,,,,,,
Modern,彼一語我一語秋深みくも,"kare ichigo
ware ichigo aki
fukami kamo","He says a word,
and I say a word—autumn
is deepening.",高浜虚子,Takahama Kyoshi,1874―1959,Autumn,"秋深み 【あきふかみ】 aki fukami, deepening autumn (late autumn).",,"Modern Japanese Haiku, Ueda","彼一語我一語 (kare ichigo ware ichigo) = his one word, my one word. A quiet conversation deepening like the autumn.",,,,,,,,,,,,,,,,,,,
Modern,去年今年貫く棒の如きもの,"kozo kotoshi
tsuranuku bō no
gotoki mono","Last year and this year—
piercing through the two, something
like a pole.",高浜虚子,Takahama Kyoshi,1874―1959,New Years,"last year, this year",六百五十句,"Modern Japanese Haiku, Ueda",,,,,,,,,,,,,,,,,,,,
Modern,白牡丹といふといへども紅ほのか,"shira-botan
iu to ie domo
beni honoka","Even though
it is called a white peony,
a hint of crimson",高浜虚子,Takahama Kyoshi,1874―1959,Summer,"白牡丹 【しろぼたん】 shiro-botan, white tree peony (early summer).",,21st Century,紅ほのか (kurenai honoka) = a faint redness. The white peony—yet faintly touched with pink. Nuanced color observation.,,,,,,,,,,,,,,,,,,,
Modern,冬日今瞼のありて重たけれ,"fuyubi ima
mabuta no arite
omota keri","Winter sunlight
now lying on my eyelids
seems heavy",高浜虚子,Takahama Kyoshi,1874―1959,Winter,"冬日 【ふゆび】 fuyu-bi, winter sun (all winter).",,21st Century,瞼のありて重たけれ (mabuta no arite omotakere) = the eyelids present and heavy. The winter sun; eyelids heavy—languor of illness.,,,,,,,,,,,,,,,,,,,
Modern,春めきし野山消え去る夕かげり,"haru mekishi
no yama kie saru
yu kageri","the vernal 
fields and mountains fade away
into dusk shadows",高浜虚子,Takahama Kyoshi,1874―1959,Spring,"Vernal signs
春めくharu-meku
",,英訳saijiki,,,,,,,,,,,,,,,,,,,,
Modern,啓蟄の蟻が早引く地虫かな,"keichitsu no
ari ga hayahiku
jimushi kana","insects awake
ants already dragging
a grub",高浜虚子,Takahama Kyoshi,1874―1959,Spring,"Insects awake
啓蟄 keichitsu
",,英訳saijiki,,,,,,,,,,,,,,,,,,,,
Modern,ただ霞む春の山ある遠眼鏡,"tada kasumu
haru no yama aru
Tomegane","only misted 
spring mountains are there
telescope ",高浜虚子,Takahama Kyoshi,1874―1959,Spring,Spring mountain,,英訳Saijiki,,,,,,,,,,,,,,,,,,,,
Modern,花の冷え落柿舎は今西日なる,"hana no hie 
rakushisha wa ima 
nishi-bi naru","chill of flowers
at the Fallen Persimmon Hut now
the sun in the west",西山泊雲,Nishiyama Hakuun,1877-1944,Spring,"Flower chill
花冷 hana-bie
",,英訳Saijiki,,,,,,,,,,,,,,,,,,,,
Modern,藤垂れて立夏の急雨いたりけり,"wisteria droops and
suddenly, a start of summer shower
has arrived","fuji tarete
rikka no kyu-u
itari keri",臼田 亞浪,Usuda Arō,1879 - 1951,summer ,立夏  Rikka  [Summer / Season],,英訳Saijiki,,,,,,,,,,,,,,,,,,,,3
Modern,木より木に通へる風の春浅き,"ki yori ki ni
kayoeru kaze no
haru asaki","from tree to tree    
passes the wind    
spring is shallow",臼田 亞浪,Usuda Arō,1879 - 1951,spring,"Shallow spring
春浅し haru asashi",,英訳Saijiki,,,,,,,,,,,,,,,,,,,,
Modern,病めば蒲団のそと冬海の青きを覚え,"yameba
futon no soto fuyu umi no
aoki wo oboe","When sick, I sense
beyond my futon
wintry blue sea",中塚一碧楼,Nakatsuka Ippekirō,1879-1946,Winter,"冬海 【ふゆうみ】 fuyu-umi, winter sea (all winter).",,21st Century,"病めば蒲団のそと冬海の青きを覚え (yameba futon no soto fuyu-umi no aoki wo oboe) — ill in bed, outside the quilt one becomes aware of the winter sea's blue.",,,,,,,,,,,,,,,,,,,
Modern,もつれつゝとけつゝ春の雨の糸 ,"motsure tsutsu
toke tsutsu haru no
ame no ito","while tangling 
and while untangling  spring's
threads of rain",鈴木花蓑 ,Suzuki Hanamino,1881 – 1942,Spring,"春の雨 【はるのあめ】 haru no ame, rains of spring.",,『増殖する俳句歳時記』,,,,,,,,,,,,,,,,,,,,
Modern,分け入つても分け入つても青い山,"wake-ittemo
wake-ittemo
aoi yama","pushing in
and pushing in
emeral mountaint ",種田 山頭火,Taneda Santōka,1882 - 1940,no-season,(no fixed kigo — jiyūritsu free verse),鉢の子,Momoko,"6-6-5 rhythm, modern words",,,,,,,,,,,,,,,,,,,
Modern,,,,渡辺水巴,Watanabe Suiha ,1882―1946,,,,,,,,,,,,,,,,,,,,,,,,
Modern,,"hito korosu
ware ka mo shirazu
tobu hotaru","Perhaps—I don't know—
I may have killed somebody!
Flitting fireflies. ",前田普羅,Maeda Fura ,1884―1954,,,,Keene Dawn,,,,,,,,,,,,,,,,,,,,
Modern,,"oku shirane
ka no yo no yuki wo
kagayakasu","The depth of Shirane—
The snow sparkles with a light
From another world. ",前田普羅,Maeda Fura ,1884―1954,,,,Keene Dawn,,,,,,,,,,,,,,,,,,,,
Modern,花を見し面を闇に打たせけり,"hana wo mishi
omote wo yami ni
utase keri","Let my face
that saw the cherry blossom
be struck by darkness",前田普羅,Maeda Fura ,1884―1954,Spring,"花 【はな】 hana, (cherry) blossoms [in haiku and haikai the simple word hana 花 refers to cherry blossoms, as do all kigo listed here; but note that in Manyōshū and some other early poetry hana was understood as referring to ume 梅【うめ】plum blossoms, an early spring topic] (late spring).",,21st Century,花を見し面を闇に打たせけり (hana wo mishi omote wo yami ni utasekeri) = the face that saw blossoms struck by darkness. The face that saw blossoms now struck by darkness.,,,,,,,,,,,,,,,,,,,
Modern,,"sara wo      ayumu
rōrō           tsuki hitori","It walks       the heavens
Radiantly    the moon, alone.",荻原井泉水,Ogiwara Seisensui,1884―1976,,,,Keene Dawn,,,,,,,,,,,,,,,,,,,,
Modern,,"chikara ippai naku ko to
naku tori to no asa","Morning with a baby crying with all its might
And a crowing rooster. 
",荻原井泉水,Ogiwara Seisensui,1884―1976,,,,Keene Dawn,,,,,,,,,,,,,,,,,,,,
Modern,,"tsuma no tsuioku no
suppai mikan wo
suute iru","I suck at
The sour tangerine of
Memories of my wife.",荻原井泉水,Ogiwara Seisensui,1884―1976,,,,Keene Dawn,,,,,,,,,,,,,,,,,,,,
Modern,日曜の釣人よ監獄の塀が映る水,"nichiyō no turibito yo
kangoku no hei ga
utsuru mizu","Sunday fisherman!
Prison wall
mirrored in the water",荻原井泉水,Ogiwara Seisensui,1884―1976,no-season,(no fixed kigo — jiyūritsu/free verse),,"Modern Japanese Haiku, Ueda","日曜の釣人 (nichiyō no tsuribito) = a Sunday fisherman. A Sunday fisherman; a prison wall reflected in the water. Free-verse, no fixed kigo.",,,,,,,,,,,,,,,,,,,
Modern,力一ぱいに泣く児と啼く鶏との朝,"chikara ippai ni 
naku ko to 
naku niwatori to no asa","A morning
of babies crying,
of roosters crowing,
with all their might.",荻原井泉水,Ogiwara Seisensui,1884―1977,no-season,(no fixed kigo — jiyūritsu/free verse),,"Modern Japanese Haiku, Ueda",力一ぱいに泣く児と啼く鶏 (chikara ippai ni naku ko to naku niwatori) = a child crying and a rooster crowing with all their might. Morning; child and rooster both crying with all their strength.,,,,,,,,,,,,,,,,,,,
Modern,物売の老いし影夕日に伸びきりたり,"mono-uri no
oishi kage
yūhi ni
nobikiri-tari","Pedlar's
aged shadow
in the setting sun
stretches to its limit.",荻原井泉水,Ogiwara Seisensui,1884―1978,Autumn,"夕日 【ゆうひ】 yūhi, setting sun (all autumn).",,"Modern Japanese Haiku, Ueda",物売の老いし影 (mono uri no oishi kage) = the shadow of an aged peddler. An old peddler's shadow stretched full-length in the setting sun.,,,,,,,,,,,,,,,,,,,
Modern,毬を待つ少女等が手は林なして戦げり,"mari wo matu
otome-ra ga te wa
hayashi nashite
soyogeri","Awaiting the ball,
maidens' arms
form a grove
and sway.",荻原井泉水,Ogiwara Seisensui,1884―1979,Spring,"毬 【まり】 mari, ball (New Year/spring).",,"Modern Japanese Haiku, Ueda",少女等が手は林なして戦げり (shōjo-ra ga te wa hayashi nashite soyogeri) = the girls' hands forming a grove and trembling. Girls' hands trembling like a grove while waiting for the ball.,,,,,,,,,,,,,,,,,,,
Modern,荷がおろされて寒い馬よ雨降る,"ni ga orosarete
samui uma yo
ame furu","The load taken down,
a chilly horse!
It rains.",荻原井泉水,Ogiwara Seisensui,1884―1980,Winter,"寒い 【さむい】 samui, cold (all winter).",,"Modern Japanese Haiku, Ueda","荷がおろされて寒い馬よ (ni ga orosarete samui uma yo) = the horse from which the load has been removed, cold. The horse unloaded—cold, standing in the rain.",,,,,,,,,,,,,,,,,,,
Modern,たんぽぽたんぽぽ砂浜に春が目を開く,"tanpopo tanpopo
sunahama ni
haru ga me wo aku
","Dandelions,
dandelions
on the sandy shore--
spring
opens its eyes.",荻原井泉水,Ogiwara Seisensui,1884―1981,Spring,"たんぽぽ 【たんぽぽ】 tanpopo, dandelion (all spring).",,"Modern Japanese Haiku, Ueda",Dandelions opening eyes in the spring sand dunes.,,,,,,,,,,,,,,,,,,,
Modern,水あれば田に青空が深く鋤かれある,"mizu areba 
ta ni aozora ga 
fukaku sukare aru","As there is water
in the rice paddy,
the blue sky 
is deeply ploughed.",荻原井泉水,Ogiwara Seisensui,1884―1982,Summer,"青空 【あおぞら】 aozora, blue sky (all summer).",,"Modern Japanese Haiku, Ueda","水あれば田に青空が深く鋤かれある (mizu areba ta ni aozora ga fukaku sukikareru) = where there is water, the blue sky is deeply plowed into the paddy. Reflected blue sky plowed deep into the paddy water.",,,,,,,,,,,,,,,,,,,
Modern,空をあゆむ朗々と月ひとり,"sora wo ayumu
rōrō to
tsuki hitori","In the sky
walk
serenely--
the moon alone.",荻原井泉水,Ogiwara Seisensui,1884―1983,Autumn,"月 【つき】 tsuki, moon (mid autumn).",,"Modern Japanese Haiku, Ueda",空をあゆむ朗々と (sora wo ayumu rōrō to) = walking clearly through the sky. The moon walking clearly and alone through the sky.,,,,,,,,,,,,,,,,,,,
Modern,仏を信ず麦の穂の青きしんじつ,"hotoke wo
shinzu mugi no
ho no aoki 
shinjitsu","In Buddha 
I believe:
wheat-ears' green
truth.",荻原井泉水,Ogiwara Seisensui,1884―1984,Summer,"麦の穂 【むぎのほ】 mugi no ho, wheat ear (early summer).",,"Modern Japanese Haiku, Ueda",Believing in the Buddha: the wheat ears are truly blue.,,,,,,,,,,,,,,,,,,,
Modern,夜が氷嚢の白い沈黙でお前と私,"yoru ga hyō no
shiroi chinmoku de
omae to watshi","Night is 
ice-bag's
white silence--
you and I.",荻原井泉水,Ogiwara Seisensui,1884―1985,Winter,"氷嚢 【ひょうのう】 hyōnō, ice bag (winter).",,"Modern Japanese Haiku, Ueda",夜が氷嚢の白い沈黙 (yoru ga hyōnō no shiroi chinmoku) = the night is the white silence of an ice bag. The night as ice bag—white silence between two people.,,,,,,,,,,,,,,,,,,,
Modern,霧に霧をいでてくる友を待ちておる,"kiri ni kiri wo
idete kuru tomo wo
machite oru","In the fog
for a friend to come out of the fog
I keep waiting.",荻原井泉水,Ogiwara Seisensui,1884―1986,Autumn,"霧 【きり】 kiri, autumn mist / fog [see note ""On Haze, Mist, Fog""] (all autumn).",,"Modern Japanese Haiku, Ueda",Waiting for a friend emerging from mist into mist.,,,,,,,,,,,,,,,,,,,
Modern,蝶の羽世にもうるわし蟻らこれを曳く,"chō no hane
yo ni mo uruwashi
ari-ra 
kore wo hiku","Butterfly's wings,
most beautiful in the world;
ants
pull them.",荻原井泉水,Ogiwara Seisensui,1884―1987,Spring,"蝶 【ちょう】 chō, （てふ）, butterfly [the spring butterfly image is typically a cabbage white, white members of the family Pieridae; see also ""summer butterfly"", etc.] (all spring).",,"Modern Japanese Haiku, Ueda",蟻らこれを曳く (ari-ra kore wo hiku) = ants dragging it. A butterfly's wings most beautiful in the world; ants dragging its corpse.,,,,,,,,,,,,,,,,,,,
Modern,花があるのに花をさがしている蝶々,"hana ga aru no ni
hana wo sagashiteiru
chōchō","Flowers are there,
and yet,
looking for flowers,
a butterfly.",荻原井泉水,Ogiwara Seisensui,1884―1988,Spring,"蝶々 【ちょうちょう】 chōchō, butterfly (all spring).",,"Modern Japanese Haiku, Ueda",Flowers present but the butterfly is still searching—the irony of abundance.,,,,,,,,,,,,,,,,,,,
Modern,石のまろさ雪になる,"ishi no marosa
yuki ni naru","Stone's plumpness
turns into snow.",荻原井泉水,Ogiwara Seisensui,1884―1989,Winter,"雪 【ゆき】 yuki, snow (all winter).",,"Modern Japanese Haiku, Ueda",石のまろさ雪になる (ishi no marosa yuki ni naru) = the stone's roundness becomes snow. The stone's roundness transformed by snow.,,,,,,,,,,,,,,,,,,,
Modern,"牡丹一弁一弁の動きつつ開きつつ姿ととのう
","botan
ichiben ichiben no
ugoki-tsutsu hiraki-tsutsu
sugata totonou","Peony:
one petal,
another petal,
moving,
opening,
puts itself in order.",荻原井泉水,Ogiwara Seisensui,1884―1990,Summer,"牡丹 【ぼたん】 botan, tree peony (early summer).",,"Modern Japanese Haiku, Ueda","一弁一弁の動きつつ開きつつ姿ととのう (ichi-ben ichi-ben no ugokitsutsu hirakitsutsu sugata totonō) = each petal moving and opening, the form comes together. The peony opening petal by petal into its full form.",,,,,,,,,,,,,,,,,,,
Modern,石と石月夜寄りそう,"ishi to ishi
tsukiyo
yorisou","A stone
and a stone
in the moonlit night
nestle against one another.",荻原井泉水,Ogiwara Seisensui,1884―1991,Autumn,"月夜 【つきよ】 tsukiyo, moonlit night (all autumn).",,"Modern Japanese Haiku, Ueda",石と石月夜寄りそう (ishi to ishi tsukiyo yorisou) = stones lean toward each other in the moonlight. Two stones leaning together in moonlight.,,,,,,,,,,,,,,,,,,,
Modern,うちの蝶としてとんでいるしばらく,"uchi no cho toshite
tondeiru
shibaraku","As the butterfly of my house,
it flies about
for a while.",荻原井泉水,Ogiwara Seisensui,1884―1992,Spring,"蝶 【ちょう】 chō, （てふ）, butterfly [the spring butterfly image is typically a cabbage white, white members of the family Pieridae; see also ""summer butterfly"", etc.] (all spring).",,"Modern Japanese Haiku, Ueda",うちの蝶 (uchi no chō) = my house's butterfly. A butterfly that for now is the house's butterfly.,,,,,,,,,,,,,,,,,,,
Modern,かごからほたる一つ一つを星にする,"kago kara
hotaru
hitotsu hitotsu wo
hoshi ni suru","From the cage
fireflies
one by one
turn into stars.",荻原井泉水,Ogiwara Seisensui,1884―1993,Summer,"蛍 【ほたる】 hotaru, firefly (mid summer).",,"Modern Japanese Haiku, Ueda","かごからほたる一つ一つを星にする (kago kara hotaru hitotsu hitotsu wo hoshi ni suru) = making each firefly from the cage into a star. Releasing fireflies one by one, making each into a star.",,,,,,,,,,,,,,,,,,,
Modern,垣があるので隣のつばきうちにおちる,"kaki ga aru node
tonari no tsubaki
uchi ni ochiru","Because the fence is there
my neighbour's camellia
falls
into my yard.",荻原井泉水,Ogiwara Seisensui,1884―1976,Spring,"椿 【つばき】 tsubaki, camellia(s) (all spring).",,"Modern Japanese Haiku, Ueda",垣があるので (kaki ga aru node) = because there is a fence. A neighbor's camellia falls on this side because of the fence—boundary and bloom.,,,,,,,,,,,,,,,,,,,
Modern,暑い日の空白、白い蝶一羽にて通る,"atsui hi no
kūhaku shiroi 
chō ichiwa nite 
tōru","Hot day's
hollowness:
white butterfly
all alone
passes.",荻原井泉水,Ogiwara Seisensui,1884―1977,Summer,"暑い日 【あついひ】 atsui hi, hot day (all summer).",,"Modern Japanese Haiku, Ueda",空白 (kūhaku) = blank space. The blank of a hot day; a single white butterfly passing through.,,,,,,,,,,,,,,,,,,,
Modern,,"gyōzui wo
sutete kosui no
sasanigori","From a bathing tub
I throw water into the lake—
slight muddiness appears.",荻原井泉水,Ogiwara Seisensui,1884―1978,,,,,,,,,,,,,,,,,,,,,,,,
Modern,空をあゆむ朗朗と月ひとり,"sora wo ayumu
rōrō to
tsuki hitori","Crossing the sky
so silvery and clear
the moon alone",荻原井泉水,Ogiwara Seisensui,1884―1987,Autumn,"月 【つき】 tsuki, moon (mid autumn).",,"Modern Japanese Haiku, Ueda",Duplicate of Row 155. The moon walking alone through the sky.,,,,,,,,,,,,,,,,,,,
Modern,空はさびしよ家あれば煙をあげよ,"sora wa sabishi yo
ie araba 
kemuri wo age yo","sorrowful sky
if there is a house out there
please lit a fire",荻原井泉水,Ogiwara Seisensui,1884―1987,no-season,(no fixed kigo — jiyūritsu/free verse),原,,"空はさびしよ (sora wa sabishiyo) = the sky is lonely. If you have a home, let the sky have smoke—hospitality toward the void.",,,,,,,,,,,,,,,,,,,
Modern,,"gokukan no
chiri mo todomezu
iwabusuma","Walls of stone
Do not hold back even the dust
Of the dead of winter.",飯田 蛇笏,Iida Dakotsu,1885 – 1962,,,,,,,,,,,,,,,,,,,,,,,,
Modern,,"oba yuite
karuki itami ya 
waka kaede","A light stab of pain
When my aunt passed away…
The young maples.",飯田 蛇笏,Iida Dakotsu,1885 – 1962,,,,Keene Dawn,,,,,,,,,,,,,,,,,,,,
Modern,,"imo no tsuyu 
renzan kage wo
tadashū su","Dew on the taro leaf:
The chains of the hills and mountains
Correctly range their forms.",飯田 蛇笏,Iida Dakotsu,1885 – 1962,,,,Keene Dawn,,,,,,,,,,,,,,,,,,,,
Modern,夏めくや霽れ雷のひとつぎり         ,"natsu meku ya
hare  kaminari no
hitotsu-giri        ","summary-
in clear skies, thunder
one bolt",飯田 蛇笏,Iida Dakotsu,1885 – 1962,summer,"夏めくnatsu meku 
Summery or summer-like
",,英訳saijiki,,,,,,,,,,,,,,,,,,,,2
Modern,瀧おもて雲おしうつる立夏かな,"taki omote
kumo oshi utsuri
rikka kana","on the waterfall's surface
clouds pass over
start of summer",飯田 蛇笏,Iida Dakotsu,1885 – 1962,summer,立夏  Rikka  [Summer / Season],,英訳saijiki,,,,,,,,,,,,,,,,,,,,2
Modern,白菊のしづくつめたし花鋏,"shiragiku no 
shizuku tsumetashi 
hana-basami","White chrysanthemums—
how cold the dewdrops are 
on my garden shears!",飯田 蛇笏,Iida Dakotsu,1885 – 1962,autumn ,"菊 【きく】 kiku, chrysanthemums (all autumn).",,"Modern Japanese Haiku, Ueda",,,,,,,,,,,,,,,,,,,,
Modern,眼近くの葵に蛇や昼寝覚,"majikaku no 
aoi ni hebi ya 
hirune-zame","Before my eyes
a hollyhock; on it a snake.
I wake from a nap.",飯田 蛇笏,Iida Dakotsu,1885 – 1962,summer,"葵 【あおい】 aoi, （あおひ）, hollyhock / althea [Alcea rosea; not to be confused with 木槿【むくげ】 mukuge, rose of Sharon / shrub althea, Hybiscus syriacus], and autumn kidai (mid summer).",,"Modern Japanese Haiku, Ueda",,,,,,,,,,,,,,,,,,,,
Modern,牡丹しろし人倫を説く眼はなてば,"botan shiroshi 
jinrin wo toku 
me hanateba","How white the peonies
as I stop sermonizing
and free my eyes!",飯田 蛇笏,Iida Dakotsu,1885 – 1962,summer,"牡丹 【ぼたん】 botan, tree peony.",,"Modern Japanese Haiku, Ueda",,,,,,,,,,,,,,,,,,,,
Modern,幽冥へおつるおとあり灯取虫,"yūmei e 
otsuru oto ari 
hitorimushi","To the Sea of Death
it plunged with a splash—
a tiger moth.",飯田 蛇笏,Iida Dakotsu,1885 – 1962,Summer,灯取虫,,"Modern Japanese Haiku, Ueda",幽冥へおつるおとあり (yūmei e otsuru oto ari) = there is a sound of falling into the underworld. A moth falls into the lamp — the sound of descent into death.,,,,,,,,,,,,,,,,,,,
Modern,死病えて爪うつくしき火桶かな,"shibyō ete 
tsume utsukushiki 
hioke kana","Sick unto death,
How lovely her fingernails 
on the wooden brazier!",飯田 蛇笏,Iida Dakotsu,1885 – 1962,winter,桶,,"Modern Japanese Haiku, Ueda",,,,,,,,,,,,,,,,,,,,
Modern,紫陽花に八月の山たかからず,"ajisai ni 
hachigatsu no yama t
akakarazu","For the hydrangea
August mountains are never
sufficiently high.",飯田 蛇笏,Iida Dakotsu,1885 – 1962,summer,"夏の山 【なつのやま】 natsu no yama, summer mountain(s).",,"Modern Japanese Haiku, Ueda",,,,,,,,,,,,,,,,,,,,
Modern,落日に蹴合へる鶏や鳳仙花,"rakujitsu ni 
keaeru tori ya 
hōsenka","In the setting sun
cocks are engaged in a duel:
Touch-me-nots in bloom.",飯田 蛇笏,Iida Dakotsu,1885 – 1962,summer,"紫陽花 【あじさい】 ajisai, （あぢさゐ）, hydrangea (blossoms) [Hydrangea macrophylla] (mid summer).",,"Modern Japanese Haiku, Ueda",,,,,,,,,,,,,,,,,,,"as the sun sets
cocks kick at each other—
hydrangea",
Modern,たましひのしづかにうつる菊見かな,"tamashii no 
shizuka ni utsuru 
kikumi kana","My soul moves along
quietly among the flowers—
a chrysanthemum exhibit. ",飯田 蛇笏,Iida Dakotsu,1885 – 1962,autumn ,"菊 【きく】 kiku, chrysanthemums (all autumn).",,"Modern Japanese Haiku, Ueda",,,,,,,,,,,,,,,,,,,,
Modern,蚊の声や夜深くのぞく掛け鏡,"ka no koe ya 
yo fukaku nozoku 
kakekagami","A mosquito’s whine:
in the depth of night I peer
into a hanging mirror. ",飯田 蛇笏,Iida Dakotsu,1885 – 1962,Summer,"蚊 【か】 ka, mosquito(es) (all summer).",,"Modern Japanese Haiku, Ueda",夜深くのぞく掛け鏡 (yofukaku nozoku kakemirror) = a hanging mirror glimpsed deep in the night. A mosquito's whine; a mirror glimpsed deep in the night — nocturnal unease.,,,,,,,,,,,,,,,,,,,
Modern,月入れば北斗をめぐる千鳥かな,"tsuki ireba 
hokuto wo meguru 
chidori kana","As the moon has sunk
they fly round the Big Dipper—
the plovers.",飯田 蛇笏,Iida Dakotsu,1885 – 1962,Winter,"千鳥 【ちどり】 chidori, plover(s) (all winter).",,"Modern Japanese Haiku, Ueda","月入れば北斗をめぐる (tsuki ireba hokuto wo meguru) = when the moon sets, the plovers circle the Big Dipper. Plovers wheeling around the Great Bear as the moon descends.",,,,,,,,,,,,,,,,,,,
Modern,遊泳やおぼるる水のかんばしき,"yūei ya 
oboruru mizu no
kanbashiki","Out for a swim:
the water that drowns people 
smells fragrant to me.",飯田 蛇笏,Iida Dakotsu,1885 – 1962,Summer,"遊泳 【ゆうえい】 yūei, swimming (all summer).",,"Modern Japanese Haiku, Ueda",溺れる水のかんばしき (oboreru mizu no kanbashiki) = the fragrance of water one nearly drowns in. Swimming; the nearly-drowning water is fragrant.,,,,,,,,,,,,,,,,,,,
Modern,極寒のちりもとどめず巌ぶすま,"gokkan no 
chiri mo todomezu 
iwa-busuma","In the extreme cold
not a particle of dust
on the towering rock.",飯田 蛇笏,Iida Dakotsu,1885 – 1962,Winter,"極寒 【ごっかん】 gokkan, extreme cold / midwinter (all winter).",,"Modern Japanese Haiku, Ueda",巌ぶすま (iwa-buton) = rock quilt. Extreme cold: the cliff-face holds not a speck of dust — absolute bareness.,,,,,,,,,,,,,,,,,,,
Modern,負馬の眼のまじと人を視る,"make uma no 
me no majimaji to 
hito wo miru","The eyes of a horse
that lost the race—how intently
they stare at men.",飯田 蛇笏,Iida Dakotsu,1885 – 1962,Autumn,"負馬 【おいうま】 oi-uma, pack horse / laden horse (autumn).",,"Modern Japanese Haiku, Ueda","眼のまじと人を視る (me no maji to hito wo miru) = looking at people with steady, unblinking eyes. A pack horse gazes at humans with an unwavering stare — unsettling reciprocity.",,,,,,,,,,,,,,,,,,,
Modern,雪山をはひまはりゐるこだまかな,"setsuzan wo 
hai-mawari iru 
kodama kana","Snow-covered mountains—
crawling about for a long while,
echoes and re-echoes.",飯田 蛇笏,Iida Dakotsu,1885 – 1962,Winter,雪山,,"Modern Japanese Haiku, Ueda",,,,,,,,,,,,,,,,,,,,
Modern,冬の蟇川にはなてばおよぎけり,"fuyu no hiki 
kawa ni hanatebe 
oyogi-keri","In winter, a toad.
I set it free in the river—
it begins to swim!",飯田 蛇笏,Iida Dakotsu,1885 – 1962,Winter,"冬の蟇 【ふゆのがまがえる】 fuyu no gamagaeru, winter toad (all winter).",,"Modern Japanese Haiku, Ueda",川にはなてばおよぎけり (kawa ni hanateba oyogikeri) = when released into the river it swam. A winter toad released into the river — it swims. Surprise of life in the cold.,,,,,,,,,,,,,,,,,,,
Modern,夏真昼死は半眼に人をみる,"natsu mahiru 
shi wa hangan ni 
hito wo miru","High noon in summer:
Death, with half-closed eyes,
observes a man.",飯田 蛇笏,Iida Dakotsu,1885 – 1962,Summer,"夏真昼 【なつまひる】 natsu-mahiru, summer high noon (all summer).",,"Modern Japanese Haiku, Ueda",死は半眼に人をみる (shi wa han-gan ni hito wo miru) = death looks at people through half-closed eyes. Summer high noon: death watches people with half-open eyes.,,,,,,,,,,,,,,,,,,,
Modern,なにもゐぬ雪水ふかくうごきけり,"nani mo inu 
yuki mizu fukaku 
ugoki-keri","No creature is there—
And yet, deep in the thawing stream,
I have seen a stir.",飯田 蛇笏,Iida Dakotsu,1885 – 1962,Spring,"雪水 【ゆきみず】 yukimizu, snowmelt water (early spring).",,"Modern Japanese Haiku, Ueda","なにもゐぬ (nani mo inu) = nothing there. Snowmelt water moving deep and dark — nothing visible, yet clearly alive.",,,,,,,,,,,,,,,,,,,
Modern,いのちつきて薬香さむくはなれかり,"inochi tsukite 
yakukō samuku 
hanare-keri","His life has ended—
the medicine’s smell coldly
leaves the body.",飯田 蛇笏,Iida Dakotsu,1885 – 1962,Winter,"薬香 【くすりか】 kusuri-ka, scent of medicine (winter).",,"Modern Japanese Haiku, Ueda",いのちつきて (inochi tsukite) = life exhausted. Life ebbing; medicine scent cold as it separates — a deathbed poem.,,,,,,,,,,,,,,,,,,,
Modern,父祖の地に闇のしづまる大晦日,"fuso no chi ni 
yami no shizumaru 
ōmisoka","In my forefathers’ land
darkness rests in calm
this New Year’s Eve.",飯田 蛇笏,Iida Dakotsu,1885 – 1962,New Year,"大晦日 【おおみそか】 ōmisoka, New Year's Eve (New Year).",,"Modern Japanese Haiku, Ueda",父祖の地 (soso no chi) = ancestral land. Darkness settling on the ancestral land on New Year's Eve.,,,,,,,,,,,,,,,,,,,
Modern,凪ぎわたる地はうす眼して冬に入る,"nagi-wataru 
chi wa usume shite
fuyu ni iru","The perfectly still 
earth, with eyes almost closed,
enters on winter.",飯田 蛇笏,Iida Dakotsu,1885 – 1962,Winter,"冬に入る 【ふゆにいる】 fuyu ni iru, entering winter (early winter).",,"Modern Japanese Haiku, Ueda",凪ぎわたる地はうす眼して (nagivwataru chi wa usumeite) = the becalmed land half-closes its eyes. The calm land squinting as it enters winter.,,,,,,,,,,,,,,,,,,,
Modern,焼き場の煙突の大いさをあふぐ,"yakiba no 
entotsu no 
ōisa wo augu
","At a crematorium
I look high up
towards the chimney’s
immensity.",尾崎放哉,Ozaki Hōsai,1885-1926,no-season,(no fixed kigo — jiyūritsu/free verse),,"Modern Japanese Haiku, Ueda",焼き場の煙突 (yakiba no entotsu) = crematorium chimney. Looking up at a crematorium chimney. Free-verse haiku (jiyūritsu).,,,,,,,,,,,,,,,,,,,
Modern,夕日の中へ力いっぱい馬を追いかける,"yūhi no 
naka e chikara ippai 
uma wo oikakeru","Into the evening sun
with all my strength
I chase a horse.",尾崎放哉,Ozaki Hōsai,1885-1926,Autumn,"夕日 【ゆうひ】 yūhi, setting sun (all autumn).",,"Modern Japanese Haiku, Ueda",力いっぱい (chikara ippai) = with all one's strength. Chasing a horse with all one's strength into the setting sun.,,,,,,,,,,,,,,,,,,,
Modern,柘榴が口あけたたはけた恋だ,"zakuro ga 
kuchi aketa 
tawaketa koi da
","A pomegranate
has opened its mouth—
an idiotic
love affair.",尾崎放哉,Ozaki Hōsai,1885-1926,Autumn,"柘榴 【ざくろ】 zakuro, pomegranate (mid autumn).",,"Modern Japanese Haiku, Ueda",口あけたたはけた恋 (kuchi aketa tawaketa koi) = foolish love that has opened its mouth. A pomegranate splitting open—a foolish love exposed.,,,,,,,,,,,,,,,,,,,
Modern,一日物云はず蝶の影さす,"ichi-nichi 
mono iwazu 
chō no kage 
sasu","Throughout the day
I did not speak a word:
the shadow of a butterfly
falls.",尾崎放哉,Ozaki Hōsai,1885-1926,Summer,"蝶の影 【ちょうのかげ】 chō no kage, butterfly shadow (all spring/summer).",,"Modern Japanese Haiku, Ueda",一日物云はず (ichinichi mono iwazu) = not saying a word all day. Not speaking all day; a butterfly's shadow passes.,,,,,,,,,,,,,,,,,,,
Modern,井戸の暗さにわが顔を見出す,"ido no kurasa ni 
waga kao wo
miidasu
","In the darkness of a well
I recognize my face.
",尾崎放哉,Ozaki Hōsai,1885-1926,no-season,(no fixed kigo — jiyūritsu/free verse),,"Modern Japanese Haiku, Ueda",井戸の暗さ (ido no kurasa) = the darkness of the well. Looking into the well's darkness and finding one's own face.,,,,,,,,,,,,,,,,,,,
Modern,人をそしる心をすて豆の皮むく,"hito wo soshiru 
kokoro wo sute 
mame no kawa muku","Trying to cast away
a slanderous heart
I shell the beans.",尾崎放哉,Ozaki Hōsai,1885-1926,Summer,"豆 【まめ】 mame, bean(s) (all summer).",,"Modern Japanese Haiku, Ueda",人をそしる心をすて (hito wo soshiru kokoro wo sute) = abandoning the heart that slanders. Stripping slander from the heart; peeling bean pods.,,,,,,,,,,,,,,,,,,,
Modern,烏がだまつてとんで行った,"karasu ga 
damatte 
tonde itta","The crow 
without saying a word 
flew away.",尾崎放哉,Ozaki Hōsai,1885-1926,Autumn,"鴉 【からす】 karasu, crow (all autumn).",,"Modern Japanese Haiku, Ueda",烏がだまつてとんで行った (karasu ga damatsu tonde itta) = a crow flew away silently. A crow flying away in silence—the world without commentary.,,,,,,,,,,,,,,,,,,,
Modern,夜中の襖遠くしめられたる,"yonaka no 
fusuma tōku 
shimeraretaru","Late at night 
a sliding door 
in the distance 
is closed.",尾崎放哉,Ozaki Hōsai,1885-1926,no-season,(no fixed kigo — jiyūritsu/free verse),,"Modern Japanese Haiku, Ueda",夜中の襖 (yonaka no fusuma) = sliding door in the night. A sliding door shut far away in the night—distance and silence.,,,,,,,,,,,,,,,,,,,
Modern,山の夕陽の墓地の空海はかたぶく,"yama no yūhi no 
bochi no sora umi e 
katabuku","The sky above a mountain graveyard
in the evening sun
slants towards the ocean.",尾崎放哉,Ozaki Hōsai,1885-1926,no-season,(no fixed kigo — jiyūritsu/free verse),,"Modern Japanese Haiku, Ueda",Mountain sunset; graveyard; sky tilting to sea—elemental loneliness.,,,,,,,,,,,,,,,,,,,
Modern,淋しいからだから爪がのび出す,"sabishii karada kara 
tsume ga nobi-dasu","From a lonely body
fingernails begin to grow.",尾崎放哉,Ozaki Hōsai,1885-1926,no-season,(no fixed kigo — jiyūritsu/free verse),,"Modern Japanese Haiku, Ueda",淋しいからだから (sabishii karada kara) = from this lonely body. Nails growing from the lonely body—the body's inescapable autonomy.,,,,,,,,,,,,,,,,,,,
Modern,うつろの心に眼が二つあいてゐる,"utsurono kokoro ni 
me ga futatsu 
aite-iru","In the hollow mind
a pair of eyes
opens.",尾崎放哉,Ozaki Hōsai,1885-1926,no-season,(no fixed kigo — jiyūritsu/free verse),,"Modern Japanese Haiku, Ueda",うつろの心 (utsuro no kokoro) = the empty heart. An empty heart with two eyes wide open.,,,,,,,,,,,,,,,,,,,
Modern,春が来たと大きな新聞広告,"Spring is here—
so says a spacious
newspaper ad.","haru ga 
kita to ōkina 
shinbun kōkoku",尾崎放哉,Ozaki Hōsai,1885-1926,Spring,"春が来た 【はるがきた】 haru ga kita, spring has come (early spring).",,"Modern Japanese Haiku, Ueda",Spring announced in a large newspaper advertisement—modernity flattening the seasonal.,,,,,,,,,,,,,,,,,,,
Modern,お祭り赤ん坊寝てゐる,"The festival:
a baby
is asleep.","omatsuri 
akanbō 
nete-iru",尾崎放哉,Ozaki Hōsai,1885-1926,Autumn,"お祭り omatsuri, festival (all autumn).",,"Modern Japanese Haiku, Ueda",Festival; a baby sleeping—life indifferent to festivity.,,,,,,,,,,,,,,,,,,,
Modern,すばらしい乳房だ蚊がいる,"subarashii 
chibusa da 
ka ga iru","Splendid breasts—
there is a mosquito.
",尾崎放哉,Ozaki Hōsai,1885-1926,Summer,"蚊 【か】 ka, mosquito(es) (all summer).",,"Modern Japanese Haiku, Ueda",A wonderful breast; but there's a mosquito—comic deflation.,,,,,,,,,,,,,,,,,,,
Modern,月夜の葦がおれとる,"tsukiyo no 
ashi ga 
ore-toru","Moonlit night:
a reed
is broken.",尾崎放哉,Ozaki Hōsai,1885-1926,Autumn,"葦 【あし】 ashi, reed (all autumn).",,"Modern Japanese Haiku, Ueda",月夜の葦がおれとる (tsukiyo no ashi ga oretoru) = moonlit reeds are breaking. Moonlit reeds snapping—autumnal fragility.,,,,,,,,,,,,,,,,,,,
Modern,切られる花を病人見てゐる,"kirareru
hana wo byōnin 
mite-iru","An ailing person
watches
a flower
being cut.",尾崎放哉,Ozaki Hōsai,1885-1926,Spring,"花 【はな】 hana, (cherry) blossoms [in haiku and haikai the simple word hana 花 refers to cherry blossoms, as do all kigo listed here; but note that in Manyōshū and some other early poetry hana was understood as referring to ume 梅【うめ】plum blossoms, an early spring topic] (late spring).",,"Modern Japanese Haiku, Ueda",切られる花を病人見てゐる = a sick person watching flowers being cut. The sick person and the cut flower mirror each other.,,,,,,,,,,,,,,,,,,,
Modern,足のうら洗へば白くなる,"ashi no ura 
araeba 
shiroku naru","As I wash the sole of my foot 
it becomes white.
",尾崎放哉,Ozaki Hōsai,1885-1926,no-season,(no fixed kigo — jiyūritsu/free verse),,"Modern Japanese Haiku, Ueda",Washing the soles of the feet—they become white. Free-verse haiku.,,,,,,,,,,,,,,,,,,,
Modern,流れに沿うて歩いてとまる,"nagare ni 
sōte aruite 
tomaru ","With the flow of the stream
I walk
and pause.",尾崎放哉,Ozaki Hōsai,1885-1926,no-season,(no fixed kigo — jiyūritsu/free verse),,"Modern Japanese Haiku, Ueda","Walking along the stream, then stopping—contemplative wandering. Free-verse haiku.",,,,,,,,,,,,,,,,,,,
Modern,畳を歩く雀の足音を知って居る,"tatami wo aruku 
suzume no ashioto wo 
shitte-iru","The footsteps of a sparrow
walking on the tatami floor
sound familiar.",尾崎放哉,Ozaki Hōsai,1885-1926,no-season,(no fixed kigo — jiyūritsu/free verse),,"Modern Japanese Haiku, Ueda",Knowing the sound of sparrow footsteps on tatami. Free-verse haiku.,,,,,,,,,,,,,,,,,,,
Modern,墓のうらに廻る,"haka no ura ni
mawaru","To the back of a tombstone 
I go round.",尾崎放哉,Ozaki Hōsai,1885-1926,no-season,(no fixed kigo — jiyūritsu/free verse),,"Modern Japanese Haiku, Ueda",Going to the back of the grave—a humble act of private intimacy with the dead. Free-verse haiku.,,,,,,,,,,,,,,,,,,,
Modern,,"ichinichi
mono iwazu
chō no kage sasu","All day long
I don't say word:
A butterfly casts its shadow.",尾崎放哉,Ozaki Hōsai,1885-1927,,,,"Keene, Dawn",,,,,,,,,,,,,,,,,,,,
Modern,,"tsukemono oke ni
shio fure to
haha wa unda ka","""Shake some salt
In the pickle tub!""
Is that why my mother bore me?",尾崎放哉,Ozaki Hōsai,1885-1928,,,,"Keene, Dawn",,,,,,,,,,,,,,,,,,,,
Modern,咳をしても一人,"seki wo shite mo
hitori ","even coughing
I'm alone",尾崎放哉,Ozaki Hōsai,1885-1929,winter,cough,大空,,,,,,,,,,,,,,,,,,,,,
Modern,,,,尾崎放哉,Ozaki Hōsai,1885-1930,,,,,,,,,,,,,,,,,,,,,,,,
Modern,岩つかむ鳶もよろめ東風強し,"iwa tsukamu
tobi mo yorome
kochi tsuyoshi        ","clutching a boulder
the black-kite totters
in the strong east wind ",富安風生,Tomiyasu Fūsei,1885 – 1979,Spring,"East wind
東風 kochi
",,英訳saijiki,,,,,,,,,,,,,,,,,,,,
Modern,大火事に明るき空や手水鉢,"ōkaji ni 
akaruki sora ya 
chōzubachi","Under the sky,
brightened by a large fire, 
a washing basin.",富安風生,Tomiyasu Fūsei,1885 – 1979,Winter,"大火事 【おおかじ】 ōkaji, great fire (winter).",,"Modern Japanese Haiku, Ueda",手水鉢 (chōzubachi) = stone water basin. The sky bright from the great fire; the water basin glows.,,,,,,,,,,,,,,,,,,,
Modern,花屑に口開く鯉や夏めきて,"hana kuzu ni 
kuchi aku koi ya 
natsu-mekite","To the falling shreds 
of blossoms a carp opens its mouth:
summer has come.",富安風生,Tomiyasu Fūsei,1885 – 1979,Spring,"花屑 【はなくず】 hanakuzu, fallen blossom fragments (mid spring).",,"Modern Japanese Haiku, Ueda",Carp surfacing for fallen petals; the season feels summery—夏めきて.,,,,,,,,,,,,,,,,,,,
Modern,朝寒や汽鑵車ぬくく顔を過ぐ,"asazamu ya 
kikansha nukuku 
kao wo sugu","The morning cold:
a stream engine passes
warmly before my face. ",富安風生,Tomiyasu Fūsei,1885 – 1979,Autumn,"朝寒 【あさざむ】 asazamu, morning cold (late autumn).",,"Modern Japanese Haiku, Ueda",Morning cold; a warm locomotive passes close to the face.,,,,,,,,,,,,,,,,,,,
Modern,向き定めて流れそめたる木の実かな,"muki kimete 
nagare sometaru 
konomi kana","After deciding
which way to turn, a berry
begins to float down.",富安風生,Tomiyasu Fūsei,1885 – 1979,Autumn,"木の実 【このみ】 konomi, nut/fruit/berry [or plurals; of a tree or shrub; note that the common vernacular pronunciation きのみ ki no mi, is not used for this term in haikai] (all autumn).",,"Modern Japanese Haiku, Ueda",A tree nut finds its direction and starts to float downstream—autumn water carrying seeds.,,,,,,,,,,,,,,,,,,,
Modern,銀閣寺門前の田の案山子かな,"ginkakuji 
monzen no ta no 
kakashi kana","Silver Pavilion―
in the paddy before its gate,
a scarecrow.",富安風生,Tomiyasu Fūsei,1885 – 1979,Autumn,"案山子 【かかし】 kakashi, scarecrow (all autumn).",,"Modern Japanese Haiku, Ueda",銀閣寺 (Ginkakuji). A scarecrow in a rice field in front of Ginkakuji—the pastoral and the elegant.,,,,,,,,,,,,,,,,,,,
Modern,洋館の日本料理や松の花,"yōkan no 
nihon ryōri ya 
matsu no hana","At a western-style house
Japanese dishes are served:
blossoms on a pine tree.",富安風生,Tomiyasu Fūsei,1885 – 1979,Spring,"松の花 【まつのはな】 matsu no hana, pine pollen / pine flower (all spring).",,"Modern Japanese Haiku, Ueda",洋館の日本料理 (yōkan no nihon ryōri) = Japanese food in a Western building. A Western building serves Japanese food in spring.,,,,,,,,,,,,,,,,,,,
Modern,箱庭に病葉落ちて大いなり,"hakoniwa ni 
byōyō ochite 
ōinari","Into the miniature
garden a sick leaf has fallen,
and how large it is!",富安風生,Tomiyasu Fūsei,1885 – 1979,Autumn,"病葉 【わくらば】 wakuraba, weak/sickly/pale leaves [losing the colors of their prime] (late summer).",,"Modern Japanese Haiku, Ueda",箱庭 (hakoniwa) = miniature garden. A blighted leaf falls into the miniature garden—disproportionately large.,,,,,,,,,,,,,,,,,,,
Modern,蝶低し葵の花の低ければ,"chō hikushi 
aoi no hana no 
hikukereba","Butterflies fly low
because the hollyhock
flowers are low.",富安風生,Tomiyasu Fūsei,1885 – 1979,Summer,"葵 【あおい】 aoi, （あおひ）, hollyhock / althea [Alcea rosea; not to be confused with 木槿【むくげ】 mukuge, rose of Sharon / shrub althea, Hybiscus syriacus], and autumn kidai (mid summer).",,"Modern Japanese Haiku, Ueda",蝶低し (chō hikushi) = the butterfly flies low. The butterfly flies as low as the hollyhock flowers.,,,,,,,,,,,,,,,,,,,
Modern,よろこべばしきりに落つる木の実かな,"yorokobeba 
shikirini otsuru
ko no mi kana","As I rejoice
they fall time and time again
nuts from the tree. ",富安風生,Tomiyasu Fūsei,1885 – 1979,Autumn,"木の実 【このみ】 konomi, nut/fruit/berry [or plurals; of a tree or shrub; note that the common vernacular pronunciation きのみ ki no mi, is not used for this term in haikai] (all autumn).",,"Modern Japanese Haiku, Ueda","よろこべば (yorokobeba) = when one rejoices. When happy, nuts fall one after another.",,,,,,,,,,,,,,,,,,,
Modern,樫の実を掃くばかりなり墓掃除,"kashi no mi wo
haku bakari nari
haka sōji","Sweeping off the acorns
is all I need to do, when
cleaning the graves.",富安風生,Tomiyasu Fūsei,1885 – 1979,Autumn,"樫の実 【かしのみ】 kashi no mi, acorn (all autumn).",,"Modern Japanese Haiku, Ueda","Sweeping graves, only acorns to sweep—quiet, meditative labor.",,,,,,,,,,,,,,,,,,,
Modern,ハンケチ振って別れも愉し少女等は,"hankechi futte 
wakare mo tanoshi 
otome-ra wa","Waving handkerchiefs,
they even enjoy a parting:
the young maidens.",富安風生,Tomiyasu Fūsei,1885 – 1979,Summer,"夏 【なつ】 natsu, summer.",,"Modern Japanese Haiku, Ueda",ハンケチ振って (hankachi futte) = waving handkerchiefs. Girls waving handkerchiefs at parting—joyful and carefree.,,,,,,,,,,,,,,,,,,,
Modern,望月のふと歪みしと見しはいかに,"mochizuki no 
futo yugamishi to 
mishi wa ikani","The full moon, for
a moment, looked misshapen
and I wonder why.",富安風生,Tomiyasu Fūsei,1885 – 1979,Autumn,"望月 【もちつき】 mochizuki, full moon (mid autumn).",,"Modern Japanese Haiku, Ueda",Did the full moon warp for just an instant?—questioning the reliability of perception.,,,,,,,,,,,,,,,,,,,
Modern,本読めば本の中より虫の声,"hon yomeba 
hon no naka yori 
mushi no koe","I read a book—
somewhere within the book
An insect chirps.",富安風生,Tomiyasu Fūsei,1885 – 1979,Autumn,"虫の声 【むしのこえ】 mushi no koe, insect voices (all autumn).",,"Modern Japanese Haiku, Ueda",本読めば (hon yomeba) = when I read a book. Reading: an insect's voice emerges from between the pages.,,,,,,,,,,,,,,,,,,,
Modern,ガソリンの真赤き天馬春の雨,"gasorin no 
ma-akaki tenba 
haru no ame","At the gas station
a bright red Pegasus—
spring rain.",富安風生,Tomiyasu Fūsei,1885 – 1979,Spring,"春の雨 【はるのあめ】 haru no ame, spring rain (all spring).",,"Modern Japanese Haiku, Ueda",A red gasoline truck as a heavenly horse in the spring rain—modernity and myth.,,,,,,,,,,,,,,,,,,,
Modern,一めんの落花の水に蛙の眼,"ichimen no 
rakka no mizu ni 
kaeru no me","All over the water
fallen blossoms spread, and amongst them
a frog’s eyes.",富安風生,Tomiyasu Fūsei,1885 – 1979,Spring,"落花 【らっか】 rakka, （らくくわ）, falling (cherry) blossoms (late spring).",,"Modern Japanese Haiku, Ueda",A frog's eye in a sea of floating petals—the frog's perspective.,,,,,,,,,,,,,,,,,,,
Modern,多勢の眼に一片の散紅葉,"ōnei no 
me ni hitohira no 
chiri momiji","Before a great many 
people’s eyes a solitary 
tinted leaf falls.",富安風生,Tomiyasu Fūsei,1885 – 1979,Autumn,"散紅葉 【ちりもみじ】 chiri-momiji, scattering autumn leaves (late autumn).",,"Modern Japanese Haiku, Ueda",多勢の眼 (ōzei no me) = many eyes. Many watching; a single autumn leaf catches all eyes as it falls.,,,,,,,,,,,,,,,,,,,
Modern,よろぼへる蛾も林中の閑かさに,"yoroboeru ga 
mo rinchū no 
shizukasa ni","It totters too—
a moth, under the stillness
of the grove. ",富安風生,Tomiyasu Fūsei,1885 – 1979,Autumn,"蛾 【が】 ga, moth (all summer).",,"Modern Japanese Haiku, Ueda",Even a stumbling moth partakes of the forest's stillness.,,,,,,,,,,,,,,,,,,,
Modern,一茎の百合の全力一蕾に,"ikkei no 
yuri no zenryoku 
ichirai ni","A lily stalk
concentration all its might
into one flower bud.",富安風生,Tomiyasu Fūsei,1885 – 1979,Summer,"百合 【ゆり】 yuri, lily (all summer).",,"Modern Japanese Haiku, Ueda",一茎の百合の全力 (ikkei no yuri no zenryoku) = all the lily's force. A single lily stalk's entire power concentrated in one bud.,,,,,,,,,,,,,,,,,,,
Modern,父のごとまた母のごと大夏木,"chichi no goto 
mata haha no goto 
ō-natsuki","Like a father
and also like a mother,
The huge summer tree.",富安風生,Tomiyasu Fūsei,1885 – 1979,Summer,"夏木 【なつき】 natsuki, summer tree (all summer).",,"Modern Japanese Haiku, Ueda","父のごとまた母のごと (chichi no goto mata haha no goto) = like a father, and like a mother. A great summer tree as both father and mother.",,,,,,,,,,,,,,,,,,,
Modern,満月を生みし湖山の息づかひ,"mangetsu wo 
umishi kozan no 
ikizukai","After giving birth
to a full moon, lakeside mountains
breathe in and out. ",富安風生,Tomiyasu Fūsei,1885 – 1979,Autumn,"満月 【まんげつ】 mangetsu, full moon (mid autumn).",,"Modern Japanese Haiku, Ueda",The mountain and lake's breath giving birth to the full moon.,,,,,,,,,,,,,,,,,,,
Modern,春暁や水車の落す夜の水,"shungyō ya
suisha no otosu
yoru no mizu        ","spring dawnー
the waterwheel dropping
night water        ",飯田蛇笏,Ida Dakotsu ,1885―1962,Spring,"Spring dawn
春暁 shungyō
",,英訳saijiki,,,,,,,,,,,,,,,,,,,,
Modern,,"sabishisa ni
mata dora utsu ya
kabiya mori ","In his loneliness
Once again he strikes the gong—
The deer-fire watchmen.",原石鼎,Hara Sekitei,1886―1951,,,,,,,,,,,,,,,,,,,,,,,,
Modern,,"kaei basa to
fumu beku arinu
soba no tsuki","Blossom shadows blur—
I might have stepped on them!
Moon of the mountain path.",原石鼎,Hara Sekitei,1886―1951,,,,,,,,,,,,,,,,,,,,,,,,
Modern,,"chōjō ya
koto ni nogiku no
fukareori","The crest of the hill—
The camomiles especially
Are blown by the wind.",原石鼎,Hara Sekitei,1886―1951,,,,"Keene, Dawn",,,,,,,,,,,,,,,,,,,,
Modern,鮒売や春めく笊を打ち重ね,"funa uri ya
haru-meku zaru wo
uchi kasane","carp peddler―
vernal bamboo baskes
piled up
",野村喜舟,Nomura Kishu,1886-1983,Spring,"Vernal signs
春めくharu-meku
",,英訳saijiki,,,,,,,,,,,,,,,,,,,,
Modern,貧しけれどもクリスマスの夜の父ありぬ,"mazushi keredo
kurisumasu no yo no
chichi arinu","we may be poor,
but on Chirstmas Eve
Dad is home",長谷川かな女,Hasegawa Kanajo,1887 - 1969,winter,Christmas,雨月,maruko,,,,,,,,,,,,,,,,,,,,
Modern,五色に塗る餅柔かしお命講,"goshiki ni 
nuru mochi yawarakashi 
o-meikoo","the mochi cakes
in five colors and so soft ...
memorial for Saint Nichiren",長谷川かな女,Hasegawa Kanajo,1887 - 1969,New Year,"餅 【もち】 mochi, rice cake (New Year).",,https://wkdhaikutopics.blogspot.com/2010/09/hasegawa-kanajo.html,五色に塗る餅 (goshiki ni nuru mochi) = five-colored rice cakes. Soft five-colored mochi for the お命講 (o-inochi-kō) longevity assembly.,,,,,,,,,,,,,,,,,,,
Modern,摩利支天の露店の上や春の月,"marishiten no
roten no ue ya
haru no tsuki","above the shops
at the Marishiten Festival -
the spring moon",長谷川かな女,Hasegawa Kanajo,1887 - 1969,Spring,"春の月 【はるのつき】 haru no tsuki, spring moon (all spring).",,https://wkdhaikutopics.blogspot.com/2010/09/hasegawa-kanajo.html,"摩利支天 (Marishiten) = Marici, deity of the sun and moon. A roadside stand beneath the spring moon at Marishiten shrine.",,,,,,,,,,,,,,,,,,,
Modern,大橋を恵方へ渡り詣りけり,"oohashi wo 
ehoo e watari 
mairi keri","crossing the Great Bridge
in the auspicious direction
for the New Year",長谷川かな女,Hasegawa Kanajo,1887 - 1969,New Year,"恵方参り 【えほうまいり】 ehōmairi, New Year's directional pilgrimage (New Year).",,https://wkdhaikutopics.blogspot.com/2010/09/hasegawa-kanajo.html,大橋を恵方へ渡り (ōhashi wo ehō e watari) = crossing the great bridge toward the auspicious direction. Crossing the great bridge in the auspicious direction for the New Year pilgrimage.,,,,,,,,,,,,,,,,,,,
Modern,重陽や椀の蒔絵のことごとし,"chooyoo ya 
wan no makie no 
koto gotoshi","Chrysanthemum Festival -
in the bowl this laquer image
almost the same",長谷川かな女,Hasegawa Kanajo,1887 - 1969,Autumn,"重陽 【ちょうよう】 chōyō, Double Nine Festival [9th day of 9th month] (mid autumn).",,https://wkdhaikutopics.blogspot.com/2010/09/hasegawa-kanajo.html,椀の蒔絵のことごとし (wan no makie no kotogotoshi) = the lacquerwork on the bowl is elaborate. Elaborate lacquerwork bowls at the chrysanthemum festival.,,,,,,,,,,,,,,,,,,,
Modern,,"Musashino no 
tori kuru matsu no 
shin mugen","birds of Musashino plain
coming to the pine candles -
infinity",長谷川かな女,Hasegawa Kanajo,1887 - 1969,,,,https://wkdhaikutopics.blogspot.com/2010/09/hasegawa-kanajo.html,,,,,,,,,,,,,,,,,,,,
Modern,御所人形の稚児輪ふくらむ牡丹の芽,"gosho ningyoo 
no chigowa fukuramu 
botan no me","the fluffy hairdo
of this Gosho doll -
bud of a peony",長谷川かな女,Hasegawa Kanajo,1887 - 1969,Spring,"牡丹の芽 【ぼたんのめ】 botan no me, peony bud (early spring).",,https://wkdhaikutopics.blogspot.com/2010/09/hasegawa-kanajo.html,御所人形 (gosho-ningyō) = court doll. A court doll's childlike topknot swelling like a peony bud.,,,,,,,,,,,,,,,,,,,
Modern,西鶴の女みな死ぬ夜の秋,"Saikaku no 
onna mina shinu 
yoru no aki","the heroines of Saikaku
all die in the end
autumn night",長谷川かな女,Hasegawa Kanajo,1887 - 1969,Autumn,"夜の秋 【よるのあき】 yoru no aki, autumn night (early autumn).",,https://wkdhaikutopics.blogspot.com/2010/09/hasegawa-kanajo.html,西鶴の女みな死ぬ (Saikaku no onna mina shinu) = all Saikaku's women die. All the women in Ihara Saikaku's novels die on this autumn night.,,,,,,,,,,,,,,,,,,,
Modern,初夏や路の一本がつくる陰,"hatsu natsu ya
michi no ippon ga
tsukuru kage","early summer-
the road's one tree
makes a shadow",小杉余子,Kosugi Yoshi,"
1888－1961",summer,初夏 shoka Early summer,,英訳saijiki,,,,,,,,,,,,,,,,,,,,4
Modern,山鴉春立つ空に乱れけり,"yama-garasu
haru tatsu sora ni
midare keri","mountain crows
in the early spring sky
disordered ",内田百閒,Uchida Hyakken,1889 — 1971 ,Spring,Beginning of spring,,英訳saijiki,,,,,,,,,,,,,,,,,,,,
Modern,,,,室生犀星,Murau Saisei,1889―1962,,,,,,,,,,,,,,,,,,,,,,,,
Modern,春の山らくだのごとくならびけり,"haru no yama
rakuda no gotoku
narabi keri","spring mountains
lined up
just line a camel ",室生犀星,Murau Saisei,1889―1962,Spring,Spring mountain,,英訳saijiki,,,,,,,,,,,,,,,,,,,,
Modern,春暁や雨のあらひし松の幹,"shungyō ya
ame no araishi
matsu no miki        ","spring dawnー
trunk of the pine
washed by rain",久保田万太郎,Kubota Mantarō,1889―1963,Spring,"Spring dawn
春暁 shungyō
",,英訳saijiki,,,,,,,,,,,,,,,,,,,,
Modern,東風吹くや耳あらわるるうなひ髪,"kochi fuku ya
mimi arawaruru
nai-gami","the east wind blows一
her ears show through
nape-length hair",杉田久女,Sugita Hisajo,1890 - 1946,Spring,"East wind
東風 kochi
",,英訳saijiki,,,,,,,,,,,,,,,,,,,,
Modern,春暁や水のみに来る鳥の声,"shungyō ya
mizu nomi ni kuru
tori no koe","spring dawnー
songs of birds come
to drink water ",吉田冬葉,Yoshida Tōyō,1892－1956,Spring,"Spring dawn
春暁 shungyō
",,英訳saijiki,,,,,,,,,,,,,,,,,,,,
Modern,元日や手を洗ひをる夕ごころ,"ganjitsu ya
te wo arai-oru
yū-gokoro","New Years Day
washing my hands
evening heart",芥川龍之介,Akutagawa Ryūnosuke,1892―1927,New Years,New Years Day,,momoko,"yugokoro: gloomy feeling at the end of the day. New Years Day is a bright happy day, but at the end of it the author feels the sadness of it ending while washing his hands in the bathroom",,,,,,,,,,,,,,,,,,,
Modern,秋立つ日うろ歯に銀をうづめけり,"aki tatsu hi 
uroba ni gin wo
uzume-keri","The day autumn began
I had a cavity in my tooth
filled with silver.",芥川龍之介,Akutagawa Ryūnosuke,1892―1927,Autumn,"秋立つ 【あきたつ】 aki tatsu, autumn begins (early autumn).",,"Modern Japanese Haiku, Ueda","虫歯に銀をうづめけり (mushiba ni gin wo uzumekeri) = silver filled into a decayed tooth. On the first day of autumn, silver packed into a cavity — precise, comic, wry.",,,,,,,,,,,,,,,,,,,
Modern,白菊や匂にもある影日なた,"shiragiku ya
nioi ni mo aru
kage hinata","White chrysanthemums:
in the fragrance, too, there are
light and shade.",芥川龍之介,Akutagawa Ryūnosuke,1892―1927,Autumn,"白菊 【しらぎく】 shiragiku, white chrysanthemum (mid autumn).",,"Modern Japanese Haiku, Ueda",匂にもある影日なた (nioi ni mo aru kage hinata) = even in the fragrance there is shade and sun. The white chrysanthemum's fragrance itself has shadow and sunlight.,,,,,,,,,,,,,,,,,,,
Modern,木がらしや目刺にのこる海のいろ,"kogarashi ya
mezashi ni nokoru
umi no iro","Wintry gusts:
on the sardine still lingers
the ocean’s colour.",芥川龍之介,Akutagawa Ryūnosuke,1892―1927,Winter,"木がらし 【こがらし】 kogarashi, wintry gust (early winter).",,"Modern Japanese Haiku, Ueda",目刺にのこる海のいろ (mezashi ni nokoru umi no iro) = the sea's color remaining in the dried sardine. A wintry gust; the sea's color still lives in the eye of a dried sardine.,,,,,,,,,,,,,,,,,,,
Modern,蝶の舌ゼンマイに似る暑さかな,"chō no shita
zenmai ni niru
atsusa kana","The butterfly’s tongue
resembles a steel spring—
what a hot day!",芥川龍之介,Akutagawa Ryūnosuke,1892―1927,Summer,"暑さ 【あつさ】 atsusa, heat (all summer).",,"Modern Japanese Haiku, Ueda","蝶の舌ゼンマイに似る (chō no shita zenmai ni niru) = a butterfly's tongue resembles a coiled spring. In the heat, a butterfly's proboscis coiled like a watch spring — precise entomological observation.",,,,,,,,,,,,,,,,,,,
Modern,青蛙おのれもペンキ塗りたてか,"aogaeru
onoree mo penki
nuritate ka","Green frog,
have you also had your body
freshly painted?",芥川龍之介,Akutagawa Ryūnosuke,1892―1927,Summer,"青蛙 【あおがえる】 aogaeru, （あおがへる）, green frog [hyla species] (all summer).",,"Modern Japanese Haiku, Ueda",自身もペンキ塗りたてか (jishin mo penki nuritare ka) = have you yourself just been freshly painted? The green frog: have you too just been freshly painted? — comic modernity.,,,,,,,,,,,,,,,,,,,
Modern,蟻地獄陰して牡丹花赤き,"arijigoku 
kage shite botan
hana akaki","An ant lion’s pit
is hidden underneath a peony
blossoming in red.",芥川龍之介,Akutagawa Ryūnosuke,1892―1927,Summer,"牡丹 【ぼたん】 botan, tree peony (early summer).",,"Modern Japanese Haiku, Ueda",蟻地獄陰して (ari-jigoku kageshite) = an antlion pit giving shade. An antlion pit shading the brilliantly red peony — predation beside beauty.,,,,,,,,,,,,,,,,,,,
Modern,熱を病んで桜明りに震へゐる,"netsu wo yande
sakura akari ni
furue iru","Sick and feverish
in the gleam of cherry blossoms
I keep shivering.",芥川龍之介,Akutagawa Ryūnosuke,1892―1927,Spring,"桜明り 【さくらあかり】 sakura-akari, cherry-blossom glow (mid spring).",,"Modern Japanese Haiku, Ueda","Fevered, trembling in the cherry-blossom light — illness illuminated by spring beauty.",,,,,,,,,,,,,,,,,,,
Modern,山の月冴えて落葉の匂かな,"yama no tsuki
saete ochiba no
nioi kana","The moon above the hill
is serene; under it the smell
of fallen leaves.",芥川龍之介,Akutagawa Ryūnosuke,1892―1927,Autumn,"落葉 【おちば】 ochiba, fallen leaves (all autumn).",,"Modern Japanese Haiku, Ueda",山の月冴えて (yama no tsuki saete) = the mountain moon sharp and clear. A sharp mountain moon; fallen leaves fragrant — autumn at its clearest.,,,,,,,,,,,,,,,,,,,
Modern,赤百合の蕋黒む暑さ極りぬ,"akayuri no
shibe kuromu atsusa
kiwamarinu","The red lily’s pistil
darkens as the hot spell
reaches its peak.",芥川龍之介,Akutagawa Ryūnosuke,1892―1927,Summer,"暑さ極まる 【あつさきわまる】 atsusa kiwamaru, heat at its peak / great heat (late summer).",,"Modern Japanese Haiku, Ueda",赤百合の蕋黒む (aka-yuri no shibe kuramu) = the red lily's stamens blacken. The red lily's stamens blackening in the peak heat — excess of summer.,,,,,,,,,,,,,,,,,,,
Modern,秋風や黒子に生えし毛一根,"akikaze ya
hokuro ni haeshi
ke ikkon","The wind of autumn:
a hair has begun to grow
on my mole.",芥川龍之介,Akutagawa Ryūnosuke,1892―1927,Autumn,"秋風 【あきかぜ】 akikaze, autumn breeze / autumn wind [carries with it the sound of rustling leaves] (all autumn).",,"Modern Japanese Haiku, Ueda","黒子に生えし毛一根 (hokuro ni haeshi ke ichi ne) = a single hair growing from a mole. Autumn wind; a single hair grown from a mole — microscopic, wry observation.",,,,,,,,,,,,,,,,,,,
Modern,松風や人は月下に松露を掘る,"matsukaze ya
hito wa gekka ni
shōro wo horu","Wind through the pine trees:
in the moonlight someone 
digs truffles.",芥川龍之介,Akutagawa Ryūnosuke,1892―1927,Autumn,"松露 【しょうろ】 shōro, pine mushroom / truffle (all autumn).",,"Modern Japanese Haiku, Ueda",松風や人は月下に松露を掘る (matsukaze ya hito wa gekkka ni shōro wo horu) — pine wind; people dig for pine truffles in the moonlight.,,,,,,,,,,,,,,,,,,,
Modern,炎天に上りて消える箕の埃,"enten ni
noborite kieru 
mi no hokori","The the sweltering sky
it rises and disappears:
dust from the winnowing.",芥川龍之介,Akutagawa Ryūnosuke,1892―1927,Summer,"炎天 【えんてん】 enten, blazing sky (late summer).",,"Modern Japanese Haiku, Ueda",箕の埃 (mi no hokori) = dust from a winnowing basket. Dust from a winnowing basket rising into the blazing sky and vanishing.,,,,,,,,,,,,,,,,,,,
Modern,石の垢ものうき水の目ざしかな,"ishi no aka
monouki mizu no
hizashi kana","Slime on the stones—
gloomily through the water
the rays of the sun.",芥川龍之介,Akutagawa Ryūnosuke,1892―1927,Summer,"水の目ざし 【みずのめざし】 mizu no mezashi, the gaze of water (summer).",,"Modern Japanese Haiku, Ueda",石の垢ものうき (ishi no aka mono uki) = algae on stones lazily floating. The stones' algae and the water's languid gaze — enervating summer stillness.,,,,,,,,,,,,,,,,,,,
Modern,木の枝の瓦にさはる暑さかな,"ki no eda no
kawara ni sawaru
atsusa kana","Branches of a tree
touching the tiles of the roof—
how hot it is!",芥川龍之介,Akutagawa Ryūnosuke,1892―1927,Summer,"暑さ 【あつさ】 atsusa, heat (all summer).",,"Modern Japanese Haiku, Ueda","木の枝の瓦にさはる (ko no eda no kawara ni sawaru) = a branch touching the roof tile. A branch touching the roof tile in the heat — everything in contact, sweltering.",,,,,,,,,,,,,,,,,,,
Modern,静かさに堪えず散りけり夏椿,"shizukasa ni
taezu chiri-keri
natsu tsubaki ","Unable to stand
with the stillness, it falls—
summer camellia.",芥川龍之介,Akutagawa Ryūnosuke,1892―1927,Summer,"夏椿 【なつつばき】 natsu-tsubaki, summer camellia (early summer).",,"Modern Japanese Haiku, Ueda","静かさに堪えず散りけり (shizukasa ni taedzu chirikeri) = unable to bear the silence, it scattered. Unable to endure the quiet, the summer camellia falls.",,,,,,,,,,,,,,,,,,,
Modern,初秋の蝗つかめば柔かき,"hatsu aki no
inago tsukameba
yawarakaki","Early autumn—
as I grab a grasshopper,
how soft it feels!",芥川龍之介,Akutagawa Ryūnosuke,1892―1927,Autumn,"初秋 【しょしゅう】 shoshu, early autumn. / 蝗 【いなご】 inago, grasshopper/locust [small, green grasshoppers in the Acrididae (short-horned) family, sometimes cooked and eaten] (all autumn).",,"Modern Japanese Haiku, Ueda",初秋の蝗つかめば柔かき (shoshu no inago tsukameba yawarakaki) = locusts of early autumn are soft when grasped. Early-autumn locusts: soft in the hand — their bodies not yet hardened.,,,,,,,,,,,,,,,,,,,
Modern,秋風や甲羅をあます膳の蟹,"akikaze ya
kōra wo amasu
zen no kani","The wind of autumn:
only the carapace remains
of a crab on the tray.",芥川龍之介,Akutagawa Ryūnosuke,1892―1927,Autumn,"秋風 【あきかぜ】 akikaze, autumn breeze / autumn wind [carries with it the sound of rustling leaves] (all autumn). / 蟹 【かに】 kani, crab [note: these are all small crabs, generally not eaten] (all summer).",,"Modern Japanese Haiku, Ueda",甲羅をあます膳の蟹 (kōra wo amasu zen no kani) = crab on the tray with leftover shell. Autumn wind; the crab's shell left over on the tray — the feast and its remnants.,,,,,,,,,,,,,,,,,,,
Modern,兎も片耳垂るる大暑かな,"usagi mo 
kata-mimi taruru
taisho kana","Even the rabbit
droops one of her ears—
midsummer heat!",芥川龍之介,Akutagawa Ryūnosuke,1892―1927,Summer,"大暑 【たいしょ】 taisho, great heat (late summer).",,"Modern Japanese Haiku, Ueda","兎も片耳垂るる (usagi mo kataimi taruru) = even the rabbit droops one ear. In the great heat, even the rabbit droops one ear — the whole world wilting.",,,,,,,,,,,,,,,,,,,
Modern,うららかに毛虫わたるや松の枝,"uraranani 
kemushi wataru ya
matsu no eda","Under the bright sky
a hairy caterpillar crawls
on the pine tree’s branch.",芥川龍之介,Akutagawa Ryūnosuke,1892―1927,Spring,"毛虫 【けむし】 kemushi, woolybear / hairy caterpillar [distinguish 尺取【しゃくとり shakutori, inchworm / looper, also an all-summer season word] (all summer).",,"Modern Japanese Haiku, Ueda","うらゝかに (uraraka ni) = brightly, serenely. A caterpillar crossing a pine branch in the bright spring light — unhurried beauty.",,,,,,,,,,,,,,,,,,,
Modern,水洟や鼻の先だけ暮れ残る,"mizubana ya
hana no saki dake 
kure nokoru","My runny nose:
everywhere, except on that spot,
evening dusk falls.",芥川龍之介,Akutagawa Ryūnosuke,1892―1927,Winter,"水洟 【みずはな】 mizu-hana, runny nose / watery mucus (all winter).",,"Modern Japanese Haiku, Ueda",鼻の先だけ暮れ残る (hana no saki dake kure nokoru) = only the tip of the nose remains in the light. Only the tip of the nose still catching the last light — winter dusk.,,,,,,,,,,,,,,,,,,,
Modern,海の空まだ春暁をわかつなし,"umi to sora
mada shungyo wo
wakatsu nashi","sea and sky
by the spring dawn
not yet separated 
",水原秋櫻子,Mizuhara Shūōshi,1892-1981,Spring,"Spring dawn
春暁 shungyō
",,英訳saijiki,,,,,,,,,,,,,,,,,,,,
Modern,"見あぐるや山躑躅燃ゆ熔岩の上
",,,水原秋櫻子,Mizuhara Shūōshi,1892-1981,Summer,"山躑躅 【やまつつじ】 yama-tsutsuji, mountain azalea (mid spring/early summer).",,,見あぐるや (miaguru ya) = looking up at. Looking up at mountain azaleas blazing on the lava — the raw volcanic landscape and spring fire.,,,,,,,,,,,,,,,,,,,
Modern,見るかぎり蘆花ゆらぎゐて暮るるかな,"miru kagiri 
roka yuragiite 
kururu kana","Everywhere in sight
reed tassels waver, as
night begins to fall.",水原秋櫻子,Mizuhara Shūōshi,1892-1981,Autumn,"蘆花 【ろか】 roka, reed-plume / reed flower (mid autumn).",,,"見るかぎり蘆花ゆらぎゐて (miru kagiri roka yuragite) = as far as the eye can see, reed plumes swaying. Reed plumes swaying to the horizon at dusk.",,,,,,,,,,,,,,,,,,,
Modern,春愁のかぎりを躑躅燃えにけり,"shunshū no
kagiri wo tsutsuji
moenikeri","the limits of 
spring melencoly, azaleas
are burning",水原秋櫻子,Mizuhara Shūōshi,1892-1981,Spring,azaleas (躑躅)・春,葛飾,,Spring azalea (躑躅) at its limit — spring grief burning out.,,,,,,,,,,,,,,,,,,,
Modern,綺羅星の中の青きが流れけり,"kiraboshi no
naka no aoki ga
nagarekeri","the glitering galaxy
within blue star 
flows",水原秋櫻子,Mizuhara Shūōshi,1892-1981,Autumn,Shooting star (流れ星)・秋,葛飾,,A blue shooting star among glittering stars — the one that moves.,,,,,,,,,,,,,,,,,,,
Modern,冬ざれやころゝとなける檻の鶴,"fuyu zareya
kokoro to nakeru
ori no tsuru","dead of winter—
crying ko, ro, ro
the caged crane",水原秋櫻子,Mizuhara Shūōshi,1892-1981,Winter,dead of winter (冬ざれ)・冬,葛飾,,冬ざれ (dead of winter): a caged crane calling softly — captive bird in bleak season.,,,,,,,,,,,,,,,,,,,
Modern,日輪や蝌蚪の水輪の只中に,"nichirin ya
kato no minowa no
tada naka ni","helos—
exactly in the middle of
tadpoles' ripples",水原秋櫻子,Mizuhara Shūōshi,1892-1981,Spring,tadpole (蝌蚪)・春,葛飾,,The sun-disc; tadpole water-rings — the cosmic and the microscopic.,,,,,,,,,,,,,,,,,,,
Modern,沈丁の葉ごもる花も濡れし雨,"jinchō no
hagomoru hana mo 
nureshi ame","the rain moistens
even the clove flowers
covered with leaves",水原秋櫻子,Mizuhara Shūōshi,1892-1981,Spring,clove flowers (沈丁花)・春,葛飾,,"沈丁花 (daphne) hidden in leaves, wet in rain — fragrant concealment.",,,,,,,,,,,,,,,,,,,
Modern,遠泳や高浪越ゆる一の列,"enei ya
takanami koyuru
ichi no retsu","long distance swimmers—
going over a high wave
a single line",水原秋櫻子,Mizuhara Shūōshi,1892-1981,Summer, swimming (水泳)・夏,葛飾,,Open-water swimming: a file of swimmers cresting high waves.,,,,,,,,,,,,,,,,,,,
Modern,高嶺星蚕飼の村は寝しづまり,"takaneboshi
kai no mura wa
ne shizumari","star of the high peak
the magnanery village
settles down to sleep",水原秋櫻子,Mizuhara Shūōshi,1892-1981,Spring,sericulture (蚕飼)・春,葛飾,,High-peak stars; a silkworm-rearing village asleep.,,,,,,,,,,,,,,,,,,,
Modern,焼岳のよひも燃ゆる新樹かな,"yakedake no
koyohimo moyuru
shinjū kana","Burning Peak
burning again tonight
sprouting trees",水原秋櫻子,Mizuhara Shūōshi,1892-1981,Summer,new tree (新樹)・夏,葛飾,,焼岳 (Mt. Yakeyama) glowing at dusk; new summer foliage burning.,,,,,,,,,,,,,,,,,,,
Modern,海贏打や灯ともり給ふ観世音,"bai utchi ya
hi tomori-tamau
kanzeon","kids playing caps
the sacred lights come on
Kanseon",水原秋櫻子,Mizuhara Shūōshi,1892-1981,Autumn,playing caps (海贏打)・秋,葛飾,,海贏打 (shell-game): the goddess Kannon lights the lamp.,,,,,,,,,,,,,,,,,,,
Modern,多摩川や堤焼きゐるわたし守,"Tamagawa ya
tsutsumi yakiiru
watarimori","Tamagawa River—
the ferry men
burning the banks ",水原秋櫻子,Mizuhara Shūōshi,1892-1981,Spring,bank burning (堤焼く)・春,葛飾,,Tama River; a ferryman burning the bank in spring.,,,,,,,,,,,,,,,,,,,
Modern,ふるさとや馬追なける風の中,"furusato ya
umaoi nakeru
kaze no naka","hometown—
the grasshoppers crip
in the wind",水原秋櫻子,Mizuhara Shūōshi,1892-1981,Autumn,grasshopper (馬追)・秋,葛飾,,Hometown; a katydid crying in the autumn wind.,,,,,,,,,,,,,,,,,,,
Modern,桑の葉の照るに堪へゆく帰省かな,"kuwa no ha no
teru ni taeyuku
kisei kana","enduring
the shining on mulberry  leaves
returning home",水原秋櫻子,Mizuhara Shūōshi,1892-1981,Summer,homecoming (帰省)・夏,葛飾,,Mulberry leaves gleaming; enduring the heat on the way home.,,,,,,,,,,,,,,,,,,"How the mulberry leaves
shine, as I trudge along the way
towards my parents’ home! (Ueda, Modern)",
Modern,葛飾や桃の籬も水田べり,"katsushika ya
momo no magaki mo
mizutaberi","at Katsushika—
peach fence also
edge of paddy water",水原秋櫻子,Mizuhara Shūōshi,1892-1981,Spring,peach (桃) ・春,葛飾,,Katsushika district; peach hedges beside the paddies.,,,,,,,,,,,,,,,,,,,
Modern,青春のすぎにしこころ苺喰ふ,"seisyun no
suginishi kokoro
ichigo kuu","the heart of
youth now passed
eating straberries ",水原秋櫻子,Mizuhara Shūōshi,1892-1981,Summer,straberry (苺)・夏,葛飾,,Youth past; eating summer strawberries in memory.,,,,,,,,,,,,,,,,,,,
Modern,なく雲雀松風立ちて落ちにけむ,"naku hibari
matsu kaze tachite
ochi ni kemu","crying skylark
pine wind rose
then fell",水原秋櫻子,Mizuhara Shūōshi,1892-1981,Spring,skylark (雲雀)・春,葛飾,,A calling skylark; pine wind rises then falls.,,,,,,,,,,,,,,,,,,,
Modern,春惜しむおんすがたこそとこしなへ,"haru oshimu
on sugata koso
tokoshinae","in its lament for the passing spring
the honored form becomes
Eternal",水原秋櫻子,Mizuhara Shūōshi,1892-1981,Spring,passing spring (春惜しむ)・春,葛飾,,Lamenting departing spring — the figure's form eternal.,,,,,,,,,,,,,,,,,,,
Modern,人が焼く天の山火を奪ふもの,"hito ga yaku
ame no yamabi wo
ubau mono","the one who steals
Heaven mountains fire
that people burn",水原秋櫻子,Mizuhara Shūōshi,1892-1981,Spring,burning mountain (山焼)・春,葛飾,,Mountain burning: something steals fire from the sky.,,,,,,,,,,,,,,,,,,,
Modern,啄木鳥や落葉をいそぐ牧の木々,"kitsutsuki ya
ochiba wo isogu
maki no kigi","woodpecker—
speeding the falling leaves
pasture's trees",水原秋櫻子,Mizuhara Shūōshi,1892-1981,Winter,falling leaves (落葉)・冬,葛飾,,A woodpecker; pasture trees hurrying to shed leaves.,,,,,,,,,,,,,,,,,,,
Modern,天平のをとめぞ立てる雛かな,"tenpō no
tome zo tateru
hina kana","a Tempō
maiden! Standing 
doll",水原秋櫻子,Mizuhara Shūōshi,1892-1981,Spring,doll (雛)・春,葛飾,,A Nara-period maiden stands up — the Dolls' Festival.,,,,,,,,,,,,,,,,,,,
Modern,馬酔木咲く金堂の扉にわが触れぬ,"ashibi saku
kondō no to ni
waga furenu","my hand touches
the door of the Golden Hall
where andomeda bloom",水原秋櫻子,Mizuhara Shūōshi,1892-1981,Spring,andomeda (馬酔木)・春,葛飾,,Andromeda (馬酔木 pieris) blooms; touching the golden hall's door.,,,,,,,,,,,,,,,,,,,
Modern,蟇ないて唐招提寺春いづこ,"hiki naite
tōshōdaiji
haru izuko","toads croak
Tōshōdaiji Temple
where is spring",水原秋櫻子,Mizuhara Shūōshi,1892-1981,Spring,where is spring (春いづこ)・春,葛飾,,A toad calls at Tōshōdaiji — where is spring?,,,,,,,,,,,,,,,,,,,
Modern,厨子の前望のひかりの来てゐたり,"zushi no mae
mochi no hikari
kiteitari","in front of the alter box
the light of the harvest moon
has come",水原秋櫻子,Mizuhara Shūōshi,1892-1981,Autumn,harvest moon (望) ・秋,葛飾,,Moonlight (望) before the shrine cabinet — harvest moon light.,,,,,,,,,,,,,,,,,,,
Modern,馬酔木より低き門なり浄瑠璃寺,"ashibi yori
hikuki kado nari
jōruriji","its gate shorter
than the andromeda
Jōruri Temple",水原秋櫻子,Mizuhara Shūōshi,1892-1981,Spring,andomeda (馬酔木)・春,葛飾,,The gate at Jōruji temple lower than the andromeda blooms.,,,,,,,,,,,,,,,,,,,
Modern,或る門のくづれて居るに馬酔木かな,"aru mon no
kuzurete oru ni
ashibi kana","where there is a 
crumbling gate
andomeda",水原秋櫻子,Mizuhara Shūōshi,1892-1981,Spring,andomeda (馬酔木)・春,葛飾,,A crumbling gate with andromeda — ruin and bloom.,,,,,,,,,,,,,,,,,,,
Modern,唐黍の影を横たふ舟路かな,"tōkibi no
kage wo yokotau
funa ji kana","the shadow of the corn
leans across
the boat road",水原秋櫻子,Mizuhara Shūōshi,1892-1981,Autumn,corn (唐黍)・秋,葛飾,,Corn shadows laid across the boat-path in autumn.,,,,,,,,,,,,,,,,,,,
Modern,柴漬や古利根けふの日を沈む,"fushizuke ya
furutone kyō no
hi wo shizumu","fish trap—
at Old lake Tobe the sun
of today sets",水原秋櫻子,Mizuhara Shūōshi,1892-1981,Winter,fish trap (柴漬)・冬,葛飾,,Fish trap (柴漬) in the old Tonegawa; the day sinking.,,,,,,,,,,,,,,,,,,,
Modern,ぜすきりしと踏まれ踏まれて失せたまへり,"zesu kirishito
fumare fumarete
usetamaeri","Jesu Christo
stepped on and steped on
until honorably lost",水原秋櫻子,Mizuhara Shūōshi,1892-1981,Spring,stepping on the image (踏絵)・春,新樹,,The fumie (踏絵): trampled and trampled until gone — spring faith erased.,,,,,,,,,,,,,,,,,,,
Modern,草籠に一人静も刈られたる,"kusa kago ni
hitori shizuka mo
kararetaru","in the grass basket
Shizuka Alone also
is cut by mistake",水原秋櫻子,Mizuhara Shūōshi,1892-1981,Spring,Chloranthus (一人静)・春,新樹,,Chloranthus (一人静) mown into the grass basket.,,,,,,,,,,,,,,,,,,,
Modern,天使魚もいさかひすなりさびしくて,"tenshigyo mo
isakai sunari
sabishikute","angel fish also
fight
sadly ",水原秋櫻子,Mizuhara Shūōshi,1892-1981,Summer,angel fish (天使魚)・夏,新樹,,Angel fish (天使魚) quarreling too — loneliness.,,,,,,,,,,,,,,,,,,,
Modern,をとめ立てり跳躍台にライト照り,"otome tateri
chōyakudai ni
raito trri","the maiden stands
on the divingboard 
light glows",水原秋櫻子,Mizuhara Shūōshi,1892-1981,Summer,divingboard (跳躍台)・夏,新樹,,"A girl stands on the diving platform, light shining.",,,,,,,,,,,,,,,,,,,
Modern,寒鯉を真白しとみれば鰭の藍,"kangoe wo
mashiroshi to mireba
hire no ai","cold carp
appears pure white by
indigo fins",水原秋櫻子,Mizuhara Shūōshi,1892-1981,Winter,cold card (寒鯉)・冬,秋苑,,寒鯉 (cold-season carp): pure white — then the blue of the fins.,,,,,,,,,,,,,,,,,,,
Modern,鮫揚ぐる人々鯖を踏みしだき,"same aguru
hitobito saba wo
fumi shi daki","lifting a shark
people trample
the markel",水原秋櫻子,Mizuhara Shūōshi,1892-1981,Summer,markel (鯖)・夏,秋苑,,Hauling sharks; mackerel trampled underfoot.,,,,,,,,,,,,,,,,,,,
Modern,浄連の瀧とて冬木うちふるふ,"jōren no
taki tote fuyuki
uchifuruu","pure lotus falls 
shakes the 
winter trees",水原秋櫻子,Mizuhara Shūōshi,1892-1981,Winter,winter trees (冬木)・冬,秋苑,,Jōren Falls: winter trees shaking in the cold.,,,,,,,,,,,,,,,,,,,
Modern,山焼けば鬼形の雲の天に在り,"yama yakeba
kigyō no kumo no
ten ni ari","when the moutnains burned
there are ogre-shaped clouds
in the heavens",水原秋櫻子,Mizuhara Shūōshi,1892-1981,Spring,burn mountains (山焼)・春,秋苑,,Mountain burning: demon-shaped clouds over the sky.,,,,,,,,,,,,,,,,,,,
Modern,日光佛春あけぼのの香を焚けり,"nikkōbutsu
haru akebono no
kō wo takeri","Sun Light Buddha
in spring dawn
burning incents",水原秋櫻子,Mizuhara Shūōshi,1892-1981,Spring,spring dawn (春曙)・春,秋苑,,The Nikkō Buddha; incense at spring dawn.,,,,,,,,,,,,,,,,,,,
Modern,選手知るや跳躍台に月のぼる,"senshu shiru ya
chōyakudai ni
tsuki noboru","knowing the compedater
on the diving board
the moonlight",水原秋櫻子,Mizuhara Shūōshi,1892-1981,Summer,diving board (跳躍台)・夏,秋苑,,Athletes know: the moon rising over the diving platform.,,,,,,,,,,,,,,,,,,,
Modern, 先生の手に炭火映え掌ぞあかき,"sensei no 
te ni sumibi hae
te zo akaki","teacher's hands
aglow in the charcoal fire
the plams red",水原秋櫻子,Mizuhara Shūōshi,1892-1981,Winter,charcoal fire(炭火)・冬,岩礁,,Teacher's hands reddened in the glow of charcoal fire.,,,,,,,,,,,,,,,,,,,
Modern,術なきか春あけぼのを脈ほそり,"sube naki ka
haru akebono wo
myaku hosori","not knowing what to do
spring dawn
weak pulse",水原秋櫻子,Mizuhara Shūōshi,1892-1981,Spring,spring dawn (春曙)・春,岩礁,,"Helpless — spring dawn, pulse weakening.",,,,,,,,,,,,,,,,,,,
Modern,巴里の繪のこゝに冴え返り並ぶあはれ,"pari no e no
koko ni sae kaeri
narabu aware","painting of Paris
here the cold returns
lined up are moving",水原秋櫻子,Mizuhara Shūōshi,1892-1981,Spring,cold snap (冴え返り)・春,岩礁,,Parisian paintings here in the cold snap — poignant.,,,,,,,,,,,,,,,,,,,
Modern,瑠璃（琉璃）沼に 滝落ちきたり 瑠璃となる,"ruri numa ni
taki ochi kitari
ruri to naru","into Turquoise  pond 
drops the waterfall
and becomes turquoise ",水原秋櫻子,Mizuhara Shūōshi,1892-1981,Summer,waterfall (滝)・夏,蘆刈,,A waterfall falls into a lapis pool — becoming lapis.,,,,,,,,,,,,,,,,,,,
Modern,梅雨の羊歯金堂をめぐり真青なり,"tsuyu no shida
kondō wo meguri
masao nari","ferns in the rainy season
around the Golden Hall
turn deep blue",水原秋櫻子,Mizuhara Shūōshi,1892-1981,Summer,rainy season (梅雨)・夏,古鏡,,Rainy-season ferns surrounding the golden hall — vivid green.,,,,,,,,,,,,,,,,,,,
Modern,火口壁まなかひに失せて霧吹けり,"kakōheki
manakahi ni usete
kiri fukeri","the creater 
before my eyes disappears
bellowing mist",水原秋櫻子,Mizuhara Shūōshi,1892-1981,Autumn,mist (霧)・秋,古鏡,,The crater wall lost; mist blowing.,,,,,,,,,,,,,,,,,,,
Modern,翡翆の淵あり瀬々は秋の風,"kawasemi no
fuchi ari seze wa
aki no kaze","kingfisher's
there is a pool, rapids
the autumn wind",水原秋櫻子,Mizuhara Shūōshi,1892-1981,Autumn,autumn wind (秋風)・秋,磐梯,,Kingfisher's pool; the shallows full of autumn wind.,,,,,,,,,,,,,,,,,,,
Modern,氷る畦ゆるゝと見るや鶫居り,"kooru aze
yururu to miru ya
tsugumi ori","frozen path
looks to be thawing
there is a thrush",水原秋櫻子,Mizuhara Shūōshi,1892-1981,Winter,ice (氷)・冬,磐梯,,"Frozen ridge path — a fieldfare sits, barely moving.",,,,,,,,,,,,,,,,,,,
Modern,窯中の炎金色に春の雨,"yōchū no
honoo konjiki ni
haru no ame","on the flames of
gloden color in the liln
rain of spring",水原秋櫻子,Mizuhara Shūōshi,1892-1981,Spring,spring rain (春雨),重陽,,Kiln flame gold; spring rain falling.,,,,,,,,,,,,,,,,,,,
Modern,門とぢて良夜の石と我は居り,"kado tojite
ryōya no ishi to
ware wa ori","close the gate
on the good night; the stones
and I are",水原秋櫻子,Mizuhara Shūōshi,1892-1981,Autumn,good night (良夜)・秋,重陽,,Gate closed; good night (良夜) — sitting with the stone.,,,,,,,,,,,,,,,,,,,
Modern,柿干して今日の独り居雲もなし,"kaki hoshite
kyō no hitori i
kumo mo nashi","drying persimmons
alone today in the house
no cloud either",水原秋櫻子,Mizuhara Shūōshi,1892-1981,Autumn,persimmon (柿)・秋,重陽,,"Persimmons hung to dry; today alone, no clouds.",,,,,,,,,,,,,,,,,,,
Modern,涸川や波を曳きゐる杭ひとつ,"karekawa ya
nami wo hikiiru
kui hitotsu","low river
pulling waves
a single ridgepole",水原秋櫻子,Mizuhara Shūōshi,1892-1981,Winter,low river (涸川)・冬,重陽,,A dried-up river — one post still trailing a wave.,,,,,,,,,,,,,,,,,,,
Modern,水仙に光微塵の渚あり,"suisen ni
hikari mijin no
nagisa ari","there is a shore
where particles of light
fall on daffodils",水原秋櫻子,Mizuhara Shūōshi,1892-1981,Winter,daffodils (水仙)・冬,重陽,,Narcissus; a shore of tiny sparkling light.,,,,,,,,,,,,,,,,,,,
Modern,暗き灯やされど炭火に立つ焔,"kuraki hi ya
saredo sumibi ni
tatsu honoo","a dark light—
and yet in the coalfire
a flame stands",水原秋櫻子,Mizuhara Shūōshi,1892-1981,Winter,coalfire (炭)・冬,梅下抄,,Dim lamp; yet charcoal flame rises.,,,,,,,,,,,,,,,,,,,
Modern,落葉踏む今日の明るさ明日もあれ,"ochiba fumu
kyō no akarosa
asu mo are","stepping on fallen leaves
may tomorrow be
as bright as today",水原秋櫻子,Mizuhara Shūōshi,1892-1981,Winter,fallen leaves (落葉)・冬,梅下抄,,Treading fallen leaves; today's brightness — may tomorrow have it too.,,,,,,,,,,,,,,,,,,,
Modern,麦生より鶫があふぐ梅咲けり,"mugiu yori
tsugumi ga afugu
ume sakeri","from the sprouting wheat
the thrush looks up
blooming plum",水原秋櫻子,Mizuhara Shūōshi,1892-1981,Spring,plum (梅)・春,霜林,,"From the wheat field, a fieldfare looks up at the plum.",,,,,,,,,,,,,,,,,,,
Modern,臈たけて紅の菓子あり弥生尽,"rō takete
beni no kashi ari
yayoijin","elegantly
there is a crimson sweet
end of the verdant month",水原秋櫻子,Mizuhara Shūōshi,1892-1981,Spring,end of the verdant month (弥生尽)・春,霜林,,弥生尽 (end of the Third Month): elegant red confections.,,,,,,,,,,,,,,,,,,,
Modern,雨追ひて春日さしわたる殿の簷,"ame oite
haru hisashi wataru
tono no noki","chasing the rain
spring light shines across
eaves of the lord",水原秋櫻子,Mizuhara Shūōshi,1892-1981,Spring,spring light (春日)・春,霜林,,Rain chased away; spring light crossing the palace eave.,,,,,,,,,,,,,,,,,,,
Modern,うらゝにて雲雀はしれる墳の前,"urara nite
hibari hashireru
tsuka no mae","on a beautiful day
skylark runs
in front of the mound",水原秋櫻子,Mizuhara Shūōshi,1892-1981,Spring,skylark (雲雀)・春,霜林,,Brightly; skylarks racing before an old burial mound.,,,,,,,,,,,,,,,,,,,
Modern,木瓜の朱は匂ひ石棺の朱は失せぬ,"boke no shu wa
nioi sekikan no
shu wa aseru","the vermillion of quince
is fragrant the vermillion of the
stone coffin has faded",水原秋櫻子,Mizuhara Shūōshi,1892-1981,Spring,木瓜 (quince)・春,霜林,,木瓜 (quince) fragrance; the stone coffin's red is gone.,,,,,,,,,,,,,,,,,,,
Modern,時鳥野に甘藍の渦みだれ,"hototogisu
no ni kanran no
uzu midare","cuckoo
in the field the cabbage
vortex disorder ",水原秋櫻子,Mizuhara Shūōshi,1892-1981,Summer,時鳥 (cuckoo)・夏,霜林,,Cuckoo over cabbage-patch swirling.,,,,,,,,,,,,,,,,,,,
Modern,芥子咲くやけふの心の夕映に,"keshi saku ya 
kyō no kokoro no 
yūbae ni","poppies bloom—
in the evening glow
of my feelings today",水原秋櫻子,Mizuhara Shūōshi,1892-1981,Summer,芥子 (poppies)・夏,霜林,,Poppies bloom; the heart this evening gilded.,,,,,,,,,,,,,,,,,,,
Modern,朝は憂し机上臘燭と柿一顆,"asa wa ushi 
kijō rōsaku to
kaki ikka","gloomy morning
on my desk a candle
and one persimmon ",水原秋櫻子,Mizuhara Shūōshi,1892-1981,Autumn,"柿 【かき】 kaki, persimmon(s) [fruit of Diospyros kaki or related species] (late autumn).",霜林,,Morning is dark; candle and one persimmon on the desk.,,,,,,,,,,,,,,,,,,,
Modern,冬菊のまとふはおのがひかりのみ,"fuyugiku no
motou wa ono ga
hikari nomi","winter chrysanthemum
wear only their 
own light",水原秋櫻子,Mizuhara Shūōshi,1892-1981,Winter,冬菊(winter chrysanthemum)・冬,霜林,,冬菊 (winter chrysanthemum): wrapped only in its own light.,,,,,,,,,,,,,,,,,,,
Modern,わが齢夜番勤めよと触れきたる,"waga yowai
yoban tsutome yo
furekitaru","even at my age
they come to tell me 
its my turn for nightwatch",水原秋櫻子,Mizuhara Shūōshi,1892-1981,Winter,夜番 (nightwatch)・冬,霜林,,My age: told to do night-watch duty.,,,,,,,,,,,,,,,,,,,
Modern,峽の日はたかしスケートの線みだれ,"kai no hi wa
takashi sukeeto no
sen midare","the sun over the gorge
is high; the lines of the skates
are wild",水原秋櫻子,Mizuhara Shūōshi,1892-1981,Winter,スケート (skates)・冬,霜林,,Gorge sun high; skate-lines crossing on the ice.,,,,,,,,,,,,,,,,,,,
Modern,雹のあと蘂眞青に梅こぼれ,"hyō no ato
shibe massao ni
ume kobore","after the hail
the deep blue pistil
plum spils",水原秋櫻子,Mizuhara Shūōshi,1892-1981,Spring,"梅 【うめ】 ume, （sometimes むめ mume）, plum (blossoms) [technically, the ""Japanese apricot"", Prunus mume; but this has almost always been translated ""plum"" for literary purposes] (early spring).",霜林,,After hail; stamens vivid blue; plum scattered.,,,,,,,,,,,,,,,,,,,
Modern,水掻の朱がひた濡れて春の鴨,"mizugaki no
shu ga hita nurete
haru no kamo","the vermillion of the webed foot
just wet
duck of spring",水原秋櫻子,Mizuhara Shūōshi,1892-1981,Spring,春の鴨 (duck of spring)・春,霜林,,Spring duck's vermilion webbing soaking wet.,,,,,,,,,,,,,,,,,,,
Modern,浮雲の影あまた過ぎ木瓜ひらく,"ukigumo no
kage amata sugi
boke hiraku","floating clouds
many shadows pass
quince flowers open",水原秋櫻子,Mizuhara Shūōshi,1892-1981,Spring,木瓜 (quince)・春,霜林,,Many cloud-shadows passing; quince opens.,,,,,,,,,,,,,,,,,,,
Modern,べたべたに田も菜の花も照りみだる,"betabeta ni
ta mo na no hana mo
teri midaru","stickely
in the pattaies & on the rape flowers
shining scattered",水原秋櫻子,Mizuhara Shūōshi,1892-1981,Spring,"菜の花 【なのはな】 na-no-hana, rape flowers / mustard flowers [technically, Brassica rapa, the plant from which canola oil derives; one may prefer to translate with the closely related ""mustard"" in English; the image is of a field covered with the yellow flowers] (late spring).",霜林,,Paddies and rape flowers shining everywhere.,,,,,,,,,,,,,,,,,,,
Modern,きりぎりす見るは巌のみ又波のみ,"kirigirisu
miru wa iwa nomi
mata nami nomi","cricket
all that is seen is rocks
and waves",水原秋櫻子,Mizuhara Shūōshi,1892-1981,Summer,きりぎりす(cricket)・夏,霜林,,"Cricket: sees only rock, sees only wave.",,,,,,,,,,,,,,,,,,,
Modern,青き鴨波翔けめぐり初日いづ,"aoki kamo
nami kagemeguri
hatsuhi izu","emerald duck
waves winging up
sun rise first dawn",水原秋櫻子,Mizuhara Shūōshi,1892-1981,New Year,初日(first dawn)・新年,残鐘,,Green ducks skimming waves; the New Year's first sunrise.,,,,,,,,,,,,,,,,,,,
Modern,廃運河何に波立つ雪の中,"haiunga
nan ni nami tatsu
yuki no naka","abandonded canal 
what makes the waves raise?
In the snow",水原秋櫻子,Mizuhara Shūōshi,1892-1981,Winter,雪(snow)・冬,残鐘,,Abandoned canal; snow — why do waves form?,,,,,,,,,,,,,,,,,,,
Modern,鷽の来てあけぼのの庭に胸赤し,"uso no kite
akebono no niwa ni
mune akashi","bullfinch comes
to dawn garden
its chest red",水原秋櫻子,Mizuhara Shūōshi,1892-1981,Spring,鷽(bullfinch)・春,残鐘,,A bullfinch (鷺) comes; red breast in the dawn garden.,,,,,,,,,,,,,,,,,,,
Modern,谿二つ雷火立ちては相照す,"tani futatsu
raika tachite wa
aiterasu","two valleys
lighting flashes
shine back & forth",水原秋櫻子,Mizuhara Shūōshi,1892-1981,Summer,雷(lighting)・夏,残鐘,,Two ravines; lightning fires answering each other.,,,,,,,,,,,,,,,,,,,
Modern,夢さめておどろく闇 や 秋 の 暮,"yume samete
odoroku yami ya
aki no kure","waking from a dream
shocking darkness—
end of autumn",水原秋櫻子,Mizuhara Shūōshi,1892-1981,Autumn,秋 の 暮(end of autumn)・ 秋,残鐘,,Waking startled from a dream — dark; autumn dusk.,,,,,,,,,,,,,,,,,,,
Modern,田掻牛観世音寺の前を曳く,"tagaki ushi
kanzeon-ji no
mae wo hiku","field turning ox
pulling in front of
Kanzeon Temple",水原秋櫻子,Mizuhara Shūōshi,1892-1981,Spring,田掻牛(field turning ox)・春,残鐘,,Field-plowing ox led before Kanzeonji temple.,,,,,,,,,,,,,,,,,,,
Modern,薔薇喰ふ虫聖母見たまふ高きより,"bara kuu mushi
seibo mitamau
takaki yori","rose eating bugs
view the holy mother
from on high",水原秋櫻子,Mizuhara Shūōshi,1892-1981,Summer,薔薇 rose)・夏,残鐘,,A rose-eating insect; the Madonna looks down.,,,,,,,,,,,,,,,,,,,
Modern,素朴なる卓に秋風の聖書あり,"sobokunaru
taku ni aki kaze no
seisyo ari","on the rustic 
table there is the Bible
of the autumn wind",水原秋櫻子,Mizuhara Shūōshi,1892-1981,Autumn,"秋風 【あきかぜ】 akikaze, autumn breeze / autumn wind [carries with it the sound of rustling leaves] (all autumn).",残鐘,,On the plain table — an autumn-wind Bible.,,,,,,,,,,,,,,,,,,,
Modern,龍の角落ちて土筆の生ひにける,"ryū no tsuno
ochite tsukushi no
oinikeru","the dragon horns
fall to earth and 
field horsetail sprout",水原秋櫻子,Mizuhara Shūōshi,1892-1981,Spring,"土筆 【つくし】 tsukushi, horsetail shoot(s) [the reproductive shoots of Equisetum arvense] (mid spring).",帰心,,Dragon horns (土筆 horsetail shoots) sprouting where the horns fell.,,,,,,,,,,,,,,,,,,,
Modern,春深し紫髯（しぜん）の胡人あそぶ壺,"haru fukashi
shizen nokojin
asobu tsubo","spring deepens
purple breaded foreigner
frolk on the jar",水原秋櫻子,Mizuhara Shūōshi,1892-1981,Spring,春深し(spring deepens)・春,帰心,,春深し (spring deepens): a purple-bearded foreigner at play with a jar.,,,,,,,,,,,,,,,,,,,
Modern,落葉聴く豊頬陶土観世音,"ochiba kiku
hōkyō tōdo
kanzeon","hearing leaves fall
ample clay cheecks
of Kanon",水原秋櫻子,Mizuhara Shūōshi,1892-1981,Winter,落葉 ( leaves fall)・冬,帰心,,Listening to fallen leaves; a round-cheeked earthen Kannon.,,,,,,,,,,,,,,,,,,,
Modern,大雪の都電とどまる旧居前,"ōyuki no
toden todomaru
kyūkyo mae","great snow fall
the street car stops
in frontof my old house",水原秋櫻子,Mizuhara Shūōshi,1892-1981,Winter,雪 (snow)・冬,帰心,,Heavy snow; the city tram stopped before the old house.,,,,,,,,,,,,,,,,,,,
Modern,瀧落ちて群青世界とどろけり,"taki ochite
gunjyō sekai
todorokeri","cataract falls
ultramarine world
resounds",水原秋櫻子,Mizuhara Shūōshi,1892-1981,Summer,瀧 (cataract)・夏,帰心,,A waterfall plunges — the ultramarine world thunders.,,,,,,,,,,,,,,,,,,,
Modern,蛙つぶやく輪塔大空放哉居士,"kawazu tsubuyaku
rintō daiku
hōsai koshi","the frogs mutter
pagoda ""Big Sky""
blessed Hōsai",水原秋櫻子,Mizuhara Shūōshi,1892-1981,Summer,"蛙 【かわず】 kawazu, （かはづ）, frog(s) [note that this is a literary word] (all spring).",帰心,,A frog mutters; the pagoda — Hōsai's great sky.,,,,,,,,,,,,,,,,,,,
Modern,蕎麦咲けり雲水峡をいできたる,"soba sakeri
unsui kai wo
idekitaru","buckwheat flowers bloom
an itinerant monk from the valley
coming on",水原秋櫻子,Mizuhara Shūōshi,1892-1981,Autumn,蕎麦の花 (buckwheat flowers)・秋,帰心,,Buckwheat blooming; a monk-wanderer emerges from the gorge.,,,,,,,,,,,,,,,,,,,
Modern,菓子買ひに妻をいざなふ地虫の夜,"kashii kai ni
tsuma wo izanau
jimushi no yo","inviting the wife
to buy sweets
night of the grubs",水原秋櫻子,Mizuhara Shūōshi,1892-1981,Spring,地虫 (grubs)・春,玄魚,,Grubs at night; coaxing wife to buy sweets.,,,,,,,,,,,,,,,,,,,
Modern,曇り来て諸佛面伏す雨蛙,"kumori kite
shobutsu omofusu
ama-gaeru","cloudness comes and 
the various buddhas looking down 
rain frogs",水原秋櫻子,Mizuhara Shūōshi,1892-1981,Spring,雨蛙 (rain frogs)・春,玄魚,,Cloud coming; all the Buddhas bow their heads — rain frogs.,,,,,,,,,,,,,,,,,,,
Modern,鳥寄せに寄りきてかなし巣立鳥,"toriyose ni
yorikite kanashi
sudachidori","fledgling 
how sad for them to be lured
by a bird lure",水原秋櫻子,Mizuhara Shūōshi,1892-1981,Spring,"巣立鳥 【すだちどり】 sudachidori, fledgeling (late spring).",玄魚,,"Called to the bird-summons, a fledgling comes — sadly.",,,,,,,,,,,,,,,,,,,
Modern,啄木鳥に泉の水輪絶ゆるなし,"kitsutsuki ni
izumi no minowa 
tayuru nashi","the woodpeaker
the ripples in the sprig
do not stop",水原秋櫻子,Mizuhara Shūōshi,1892-1981,Autumn,啄木鳥 (woodpeaker)・秋,玄魚,,Woodpecker; the spring's water-rings never stop.,,,,,,,,,,,,,,,,,,,4
Modern,残る雪月黄なる夜を失せにけり,"nokoru yuki
tuski kinaru wo
usenikeri","lingering snow
night of yellow moon
dissappears",水原秋櫻子,Mizuhara Shūōshi,1892-1981,Spring,"残雪 【ざんせつ】 zansetsu, remaining snow (mid spring).",玄魚,,Lingering snow; the yellow moon night vanishes.,,,,,,,,,,,,,,,,,,,
Modern,何菩薩春愁華岳ゑがきける,"nani bosatsu
shunshū kagaku
wegakikeru","what bosatsu?
Shuka depects 
gloom in spring",水原秋櫻子,Mizuhara Shūōshi,1892-1981,Spring,"春愁 【しゅんしゅう】 shunshū, （しゅんしう）, spring melancholy (mid spring).",玄魚,,What bodhisattva painted spring gloom on Huashan?,,,,,,,,,,,,,,,,,,,
Modern,稲架照らす提灯の紋ぞ揚羽蝶,"haza terasu
chōchin no mon zo
agehachō","lighting the rice drying
the lantern's design
raised wing butterfly",水原秋櫻子,Mizuhara Shūōshi,1892-1981,Autumn,稲架 (lighting)・秋,玄魚,,Rice-rack lantern crest: a swallowtail butterfly.,,,,,,,,,,,,,,,,,,,
Modern,色鳥の来て佛敵の名の悲し,"irodori no
kite butsu teki no
na no kanashi","the colored birds
come, enemy of the Buddha
name is sad",水原秋櫻子,Mizuhara Shūōshi,1892-1981,Autumn,"色鳥 【いろどり】 irodori, colorful (small) birds [in autumn migration] (all autumn).",蓬壺,,Colored birds come; the name of the Buddha-enemy is sad.,,,,,,,,,,,,,,,,,,,
Modern,雨蛙石となつたる墓は黙す,"amagaeru
ishi to nattaru
haka wa modasu","rain frogs
the grave that has turned to stone
fall silent ",水原秋櫻子,Mizuhara Shūōshi,1892-1981,Spring,雨蛙 (rain frogs)・春,蓬壺,,A rain frog turned to stone; the grave is silent.,,,,,,,,,,,,,,,,,,,
Modern,黒百合や星帰りたる高き空.,"kuroyuri ya
hoshi kaeritaru
takaki sora","black lily—
the stars return
to the high heavens",水原秋櫻子,Mizuhara Shūōshi,1892-1981,Summer,黒百合 (black lily)・夏,蓬壺,,Black lily; stars have returned to the high sky.,,,,,,,,,,,,,,,,,,,
Modern,木の実降り鵯鳴き天平観世音,"ko no mi furi
hyo naki tenpyō
kanzeon","seeds of trees falling
a bulbul cries, Tenpyō
Kanon statue",水原秋櫻子,Mizuhara Shūōshi,1892-1981,Autumn,"木の実 【このみ】 konomi, nut/fruit/berry [or plurals; of a tree or shrub; note that the common vernacular pronunciation きのみ ki no mi, is not used for this term in haikai] (all autumn).",蓬壺,,Tree nuts falling; bulbul calling; Nara-period Kannon.,,,,,,,,,,,,,,,,,,,
Modern,おもひきや春月のぼる藪のひま,"omoiki ya
shungetsu noboru
yabu no hima","how unexpected!
spring moon rises in between
cracks in the groove",水原秋櫻子,Mizuhara Shūōshi,1892-1981,Spring,spring moon (春月)・春,葛飾,,I didn't expect — the spring moon rising in the bamboo grove.,,,,,,,,,,,,,,,,,,,
Modern,行春や娘首の髪の艶,"yuku haru ya
musume-gashira no
kami no en","departing spring—
a girl's head
hair elegance",水原秋櫻子,Mizuhara Shūōshi,1892-1981,Spring,行春 (departing spring)・春,旅愁,,行春 (departing spring): gloss of a daughter's nape hair.,,,,,,,,,,,,,,,,,,,
Modern,硝煙や兜捨てたる鎧武者,"shōen ya
kabuto sutetaru
yoroimusha","powder smoke—
tossing away their helmets
armored warriors ",水原秋櫻子,Mizuhara Shūōshi,1892-1981,Summer,"裸 【はだか】 hadaka, naked / nude (late summer).",旅愁,,Gunsmoke; a warrior has cast off his helmet.,,,,,,,,,,,,,,,,,,,
Modern,散紅葉鳥獣絵巻かくれなし,"chiri momiji
chōjū emaki
kakure nashi","scattering autumn leaves on
frolicing birds & anmials scrolls
nothing is hidden",水原秋櫻子,Mizuhara Shūōshi,1892-1981,Winter,散紅葉 (scattering autumn leaves)・冬,旅愁,,Scattering autumn leaves; the animal scrolls unhidden.,,,,,,,,,,,,,,,,,,,
Modern,蕪村忌や画中酔歩の李太白,"busonki ya
gachū suiho no
ritaihaku","Buson memorial—
stumbleing drunk through the picture
Ritahaku",水原秋櫻子,Mizuhara Shūōshi,1892-1981,Winter,蕪村忌 (Buson memorial)・冬 ,旅愁,,Buson memorial: Li Bai drunk-walking in a painted world.,,,,,,,,,,,,,,,,,,,
Modern,遊蝶花 春は素朴に 始まれり,"yūchōka
haru wa soboku ni 
hajimareri","playing butterfly flowers
very plain is the start
of spring",水原秋櫻子,Mizuhara Shūōshi,1892-1981,Spring,遊蝶花 (playing butterfly flowers)・春,旅愁,,遊蝶花 (butterfly flower/pansies): spring begins simply.,,,,,,,,,,,,,,,,,,,
Modern,月いでて薔薇のたそがれなほつづく,"tsuki idete
bara no tasogare
nao tsuduku","moon riseing 
rose evening 
continues yet still",水原秋櫻子,Mizuhara Shūōshi,1892-1981,Summer,薔薇 (rose)・夏,旅愁,,The moon rises; twilight of roses still continues.,,,,,,,,,,,,,,,,,,,
Modern,葛咲くや濁流わたる熊野犬,"kuzu saku ya
dakuryū wataru
kumanoken","kudzu flowers bloom—
crossing the muddy stream
a kumano breed",水原秋櫻子,Mizuhara Shūōshi,1892-1981,Autumn,葛の花　(kudzu flowers)・秋,旅愁,,Kudzu flowers; a Kumano dog crossing the muddy current.,,,,,,,,,,,,,,,,,,,
Modern,琴弾けば緑陰深くむせぶ声,"koto hikeba
ryokuin fukaku
musebu koe","plucking the harp
the emerald shade deep
clouded voice",水原秋櫻子,Mizuhara Shūōshi,1892-1981,Summer,"緑陰 【りょくいん】 ryokuin, green shade (all summer).",晩華,,"Playing the koto; from the green shade, a choking voice.",,,,,,,,,,,,,,,,,,,
Modern,鯊釣や不二暮れそめて手を洗ふ,"haze tsuri ya
fuji kure somete
te wo arau","goby fishing—
sunset stains Fuji
washing their hands",水原秋櫻子,Mizuhara Shūōshi,1892-1981,Autumn,goby (鯊)・秋,葛飾,,"Fishing for goby; Fuji darkening, washing hands.",,,,,,,,,,,,,,,,,,,
Modern,琴責めの琴よこたへぬ初芝居,"koto-zeme no
koto yokotaenu
hatsu shibai","the lute of the 
tormenting lute laid out
opening performance",水原秋櫻子,Mizuhara Shūōshi,1892-1981,New Year,初芝居 (opening performance)・新年,殉教,,初芝居 (New Year kabuki): the koto laid across the stage.,,,,,,,,,,,,,,,,,,,
Modern,月幾夜照らせし鴟尾に今日の月,"tsukiyo
teraseshi shibi ni
kyō no tuski","the moon which has shone
on many generations t the ridge end tile
today's moon",水原秋櫻子,Mizuhara Shūōshi,1892-1981,Autumn,今日の月 (today's moon)・秋,緑雲,,How many nights has the moon lit this ridge-tile — today's moon.,,,,,,,,,,,,,,,,,,,
Modern,古雛は着ぶれたまふ佳かりけり,"furu hina wa
kibure tamau
yokarikeri","the old dolls
bundled in warm robes
it is good",水原秋櫻子,Mizuhara Shūōshi,1892-1981,Spring,"雛 【ひな】 hina, （ひいな）, (ceremonial) doll(s) [specifically, dolls representing the Heian court, typically displayed in homes with female children during the ""Doll Festival"", 3 March (formerly observed on the third day of third lunar month, late spring)] (mid spring).",緑雲,,An old doll (古雛) worn with age — still beautiful.,,,,,,,,,,,,,,,,,,,
Modern,寄生木やしづかに移る火事の雲,"yadorigi ya
shizukani utusru
kaji no kumo","mistletoe—
quietly relecting 
the cloud of fire",水原秋櫻子,Mizuhara Shūōshi,1892-1981,Winter,fire (火事)・冬,葛飾,,"Mistletoe (寄生木): quietly, the fire-cloud moves.",,,,,,,,,,,,,,,,,,,
Modern,蜻蛉生れ緑眼煌とすきけり,"tanbo umare
ryokugankō to
sugiyukeri","dragonfly is born
glint of its green eyes and
off it goes",水原秋櫻子,Mizuhara Shūōshi,1892-1981,Summer,蜻蛉生る (dragonfly is born)・夏,緑雲,,A dragonfly hatches; green eyes flashing.,,,,,,,,,,,,,,,,,,,
Modern,鰻掻き去りたるあとのいなびかり,"unagi kaki
saritaru ato no
inabikari","eel hook
after having left
lighting",水原秋櫻子,Mizuhara Shūōshi,1892-1981,Autumn,いなびかり (lighting)・秋,芝居の窓,,An eel slips away; lightning in its wake.,,,,,,,,,,,,,,,,,,,
Modern,馬追や月をよこぎる萩一枝,"uma oi ya 
tsuki wo yokogiru
hagi isshi","katydid—
crosscuting the moon
single branch of bushclover",水原秋櫻子,Mizuhara Shūōshi,1892-1981,Autumn,馬追 (katydid)・秋,餘生,,Katydid (馬追); a branch of bush-clover crossing the moon.,,,,,,,,,,,,,,,,,,,
Modern,追羽根に舁きゆく鮫の潮垂りぬ,"oibane ni
kaki yuku same no 
shio tarinu","shuttlecocks 
sholdering sharks
the tide drops",水原秋櫻子,Mizuhara Shūōshi,1892-1981,New Year,shuttlecocks (追羽根)・新年,葛飾,,New Year battledore game (追羽根); a shark dripping seawater.,,,,,,,,,,,,,,,,,,,
Modern,梨咲くと葛飾の野はとの曇り,"nashi saku
ka no no wa
tono kumori","pear tree blooms
and Katsushika feild
clouds up",水原秋櫻子,Mizuhara Shūōshi,1892-1981,Spring,pear blooms (梨咲く)・春,葛飾,,Pear blossoms; Katsushika fields hazy as pigeons.,,,,,,,,,,,,,,,,,,,
Modern,影ならぶむかしながらの月の下,"kage narabu
mukashi nagara no
tuki no shita","the shadows lined up
just like in the past
under the moon",水原秋櫻子,Mizuhara Shūōshi,1892-1981,Autumn,月 (moon)・秋,うたげ,,Shadows side by side — the same old moon above.,,,,,,,,,,,,,,,,,,,
Modern,消ゆる灯の命を惜しみ牡蛎を食ふ,"kiyuru hi no
inochi wo oshimi
kaki wo kuu","regreting the fading
light of life
eating oysters",水原秋櫻子,Mizuhara Shūōshi,1892-1981,Winter,"牡蛎 【かき】 kaki, oyster(s) (all winter).",うたげ,,Mourning the dying lamp; eating oysters.,,,,,,,,,,,,,,,,,,,
Modern,年越蕎麦待てばしきりに救急車,"toshikoshi soba
materi shikirini
kyūkyūsha","waiting for new year's soba
incessantly come
the ambulances",水原秋櫻子,Mizuhara Shūōshi,1892-1981,Winter,年越蕎麦 (new year's soba)・冬,うたげ,,Waiting for year-crossing soba; ambulances keep coming.,,,,,,,,,,,,,,,,,,,
Modern,仰臥せり鰹の角煮舌に載せ,"gyōgaseri
katsuo no kakuni
shita ni nose","laying on my back
carefully placing
sweet-stewed banito",水原秋櫻子,Mizuhara Shūōshi,1892-1981,Winter,甘露煮 (sweet-stewed banito)・冬,うたげ,,Lying down; boiled bonito placed on the tongue.,,,,,,,,,,,,,,,,,,,
Modern,琴冴えてのこる虫の音冴えにけり,"koto saete
nokoru mushi no ne
saenikeri","the harp is clear
the sound of lingering insects
is clear",水原秋櫻子,Mizuhara Shūōshi,1892-1981,Autumn,"虫 【むし】 mushi, insect(s) [usually plural, for their singing] (all autumn).",うたげ,,Koto clear; remaining insect voices also clear.,,,,,,,,,,,,,,,,,,,
Modern,ひかり飛ぶものあまたゐて末枯るる,"hikari tobu
mono amataite
uragaruru","so many of them
glowing in flight
tip withering",水原秋櫻子,Mizuhara Shūōshi,1892-1981,Autumn,tip withering (末枯)・秋,新樹,,Light things flying everywhere; branch-tips withering.,,,,,,,,,,,,,,,,,,,
Modern,垣の薔薇白きがちりて径しろし,"kaki no bara
shiroki ga chirite
michi shiroshi","rose covered fence
the whitness scatters
and the road is white",水原秋櫻子,Mizuhara Shūōshi,1892-1981,Summer,rose (薔薇)・夏,新樹,,White roses on the fence scatter; the path turns white.,,,,,,,,,,,,,,,,,,,
Modern,競べ馬逸りつ踏めり苜蓿,"kurabe uma
hayaritsu fumeri
umagoyashi","the race horse 
excited, it steps on
alfalfa",水原秋櫻子,Mizuhara Shūōshi,1892-1981,Spring,alfalfa (苜蓿)・春,葛飾,,Race horse rearing and stamping on alfalfa.,,,,,,,,,,,,,,,,,,,
Modern,むさしのの空真青なる落葉かな,"musashino no
sora masaonaru
ochiba kana","the sky over
Musashi Plain is pure blue
fallen leaves",水原秋櫻子,Mizuhara Shūōshi,1892-1981,Winter,fallen leaves (落葉)・冬,葛飾,,Musashino sky deep blue; fallen leaves on the ground.,,,,,,,,,,,,,,,,,,,
Modern,夏めくや素足の裏に庭の土,"natsu meku ya
suashi no ura ni
niwa no tsuchi        ","summery-
on the bottom of bear feet
garden soil",渋沢渋亭,Shibusawa Shūtei,1892 - 1984,summer,"夏めくnatsu meku 
Summery or summer-like
",,英訳sajiki,,,,,,,,,,,,,,,,,,,,3
Modern,,,,山口青邨,,1892―1988,,,,,,,,,,,,,,,,,,,,,,,,
Modern,花冷の闇にあらはれ篝守,"hana-bie no 
yami ni araware 
kagari mori","from flower chill
darkness appeared
the lamp-lighter",高野素十,Takano Sujū,1893-1976,Spring,"Flower chill
花冷 hana-bie
",,英訳sajiki,,,,,,,,,,,,,,,,,,,,
Modern,花舗の日覆みどりに夏きたる,"hana mise no
hioi midori ni
natsu kitaru","to the flower shop
with green sunshade
summer has come",西島麦南,Nishijima Bakunan,1895－1981,summer,立夏  Rikka  [Summer / Season],,英訳sajiki,,,,,,,,,,,,,,,,,,,,4
Modern,はしための葱の香しみし濡手かな,"hashi tame no
negi no ka shimishi
nure te kana","maid servant,
with green onion’s scent soaked,
her wet hands",西島麦南,Nishijima Bakunan,1895－1981,Winter,"葱 【ねぎ】 negi, stone leek(s) [Allium fistulosum, also known as ""Welch onions""] (all winter).",,,濡手 (nurete) = wet hands. A servant's hands fragrant and wet from chopping leeks.,,,,,,,,,,,,,,,,,,,
Modern,院々の肉煮ゆる香や夕紅葉,"in’in no 
niku niyuru ka ya 
yū momiji","From the monks’ cells
a smell of cooking meat:
autumn leaves at nightfall.",川端茅舎,Kawabata Bosha,1897-1941,Autumn,"夕紅葉 【ゆうもみじ】 yū-momiji, autumn leaves at dusk (all autumn).",,"Modern Japanese Haiku, Ueda",肉煮ゆる香 (niku ni yuru ka) = the scent of meat cooking. Temple kitchens with cooking smells and evening autumn leaves.,,,,,,,,,,,,,,,,,,,
Modern,金剛の露ひとつぶや石の上,"kongō no 
tsuyu hitotsubu ya 
ishi no ue","Like a diamond 
a drop of dew, all alone 
on a stone. ",川端茅舎,Kawabata Bosha,1897-1942,Autumn,"露 【つゆ】 tsuyu, dew (mid autumn).",,"Modern Japanese Haiku, Ueda",金剛の露 (kongō no tsuyu) = diamond-like dew. A single diamond-like dewdrop on a stone—the entire universe in miniature.,,,,,,,,,,,,,,,,,,,
Modern,虎杖を啣へて沙弥や墓掃除,"itadori wo 
kuwaete shami ya 
haka sōji","A stem of knotweed 
in his mouth, a young acolyte 
sweeps the graveyard.",川端茅舎,Kawabata Bosha,1897-1943,Autumn,"墓掃除 【はかそうじ】 haka-sōji, grave-cleaning (all autumn).",,"Modern Japanese Haiku, Ueda",虎杖 (itadori) = Japanese knotweed. A novice monk carrying knotweed while cleaning graves.,,,,,,,,,,,,,,,,,,,
Modern,水晶の念珠に映る若葉かな,"suishō no 
nenju ni utsuru 
wakaba kana","In the crystal beads 
of my rosary young leaves 
are mirrored.",川端茅舎,Kawabata Bosha,1897-1944,Summer,"若葉 【わかば】 wakaba, young leaves/ new leaves / fresh verdure (early summer).",,"Modern Japanese Haiku, Ueda",水晶の念珠 (suishō no juzu) = crystal rosary beads. Young leaves reflected in crystal rosary beads.,,,,,,,,,,,,,,,,,,,
Modern,蝶の空七堂伽藍さかしまに,"chō no sora 
shichidō-garan 
sakashima ni","To the butterfly in the sky 
all buildings on the temple ground 
are upside down.",川端茅舎,Kawabata Bosha,1897-1945,Spring,"蝶 【ちょう】 chō, （てふ）, butterfly [the spring butterfly image is typically a cabbage white, white members of the family Pieridae; see also ""summer butterfly"", etc.] (all spring).",,"Modern Japanese Haiku, Ueda",Butterflies flying above the temple compound; the seven halls reflected upside down in their wings.,,,,,,,,,,,,,,,,,,,
Modern,大根馬菩薩面して眼になみだ,"daikon uma 
bosatsu-zura shite 
me ni namida","The horse loaded with turnips 
has a Bodhisattva’s face, 
with tears in his eyes.",川端茅舎,Kawabata Bosha,1897-1946,Winter,"大根 【だいこん】 daikon, daikon [the Japanese white radish, Raphanus sativas, much used in cooking] (all winter).",,"Modern Japanese Haiku, Ueda",大根馬 (daikon uma) = daikon-horse. A horse made of daikon for the altar; tears in its bodhisattva-like eyes.,,,,,,,,,,,,,,,,,,,
Modern,春の夜や寝れば恋しき観世音,"haru no yo ya 
nereba koishiki 
kanzeon","Nightfall on a spring day: 
in bed, I think longingly 
of the gentle Bodhisattva.",川端茅舎,Kawabata Bosha,1897-1947,Spring,"春の夜 【はるのよ】 haru no yo, spring night (all spring).",,"Modern Japanese Haiku, Ueda","観世音 (Kanzeon) = Kannon. On a spring night, even in sleep one yearns for Kannon.",,,,,,,,,,,,,,,,,,,
Modern,僧酔うて友の頭撫づる月の縁,"sō yōte 
tomo no zu nazuru 
tsuki no en","The monk, a little 
drunk, pats a friend on the head— 
terrace in the moonlight.",川端茅舎,Kawabata Bosha,1897-1948,Autumn,"月 【つき】 tsuki, moon (mid autumn).",,"Modern Japanese Haiku, Ueda",A monk drunk and stroking a friend's head in moonlight on the veranda.,,,,,,,,,,,,,,,,,,,
Modern,月の雪あをあを闇を染めのけり,"tsuki no yuki 
aoao yami wo 
somenokeri","Snow under the moon 
is blue, dyeing with its blue 
the darkness of night.",川端茅舎,Kawabata Bosha,1897-1949,Winter,"月の雪 【つきのゆき】 tsuki no yuki, moonlit snow (winter).",,"Modern Japanese Haiku, Ueda",Moonlit snow staining the darkness a vivid blue.,,,,,,,,,,,,,,,,,,,
Modern,氷る夜の文殊に燭をたてまつる,"kōru yo no 
monju ni shoku wo 
tatematsuru ","On a freezing night 
to the Bodhisattva of Wisdom 
I offer a candle.",川端茅舎,Kawabata Bosha,1897-1950,Winter,"氷る夜 【こおるよ】 kōru yo, freezing night (all winter).",,"Modern Japanese Haiku, Ueda",文殊 (Monju) = Mañjuśrī. Offering a candle to Mañjuśrī on a freezing night.,,,,,,,,,,,,,,,,,,,
Modern,まひまひや雨後の円光とりもどし,"maimai ya 
ugo no enkō 
torimodoshi","Now that the shower 
has passed, the water spider 
regains its halo.",川端茅舎,Kawabata Bosha,1897-1951,Summer,"雨後 【うご】 ugo, after the rain (summer).",,"Modern Japanese Haiku, Ueda","まひまひ (mahimai) = water snail. After the rain, the snail's concentric ripples restore the halo.",,,,,,,,,,,,,,,,,,,
Modern,まひまひの水輪に鐘の響かな,"maimai no 
minawa ni kane no 
hibiki kana","The water spider 
draws rings on the water, wherein 
echoes a temple bell. ",川端茅舎,Kawabata Bosha,1897-1952,Summer,"蝸牛 【かたつむり】 katatsumuri, snail / land snail (all summer).",,"Modern Japanese Haiku, Ueda",Snail making water rings; the bell's sound resonates within them.,,,,,,,,,,,,,,,,,,,
Modern,光輪を負ひて貧しき田螺かな,"kōrin wo 
oite mazushiki 
tanishi kana","Carrying a halo 
on its back, how impoverished 
a mud snail!",川端茅舎,Kawabata Bosha,1897-1953,Summer,"田螺 【たにし】 tanishi, mud-snail(s)/paddy-snail(s) (all spring).",,"Modern Japanese Haiku, Ueda",光輪 (kōrin) = halo. The pond snail bearing a halo—every humble creature has sacred light.,,,,,,,,,,,,,,,,,,,
Modern,葱の花ふと金色の仏かな,"negi no hana 
futo konjiki no 
hotoke kana","Green onions flowering— 
for a moment golden 
Buddha was there.",川端茅舎,Kawabata Bosha,1897-1954,Spring,"葱の花 【ねぎのはな】 negi no hana, onion flower (mid spring).",,"Modern Japanese Haiku, Ueda",The sudden association of an onion flower with a golden Buddha.,,,,,,,,,,,,,,,,,,,
Modern,月光に深雪の創のかくれなし,"gekkō ni 
miyuki no kizu no 
kakure nashi","In the moonlight 
how clearly the deep snow 
shows its scars!",川端茅舎,Kawabata Bosha,1897-1955,Winter,"深雪 【みゆき】 miyuki, deep snow (all winter).",,"Modern Japanese Haiku, Ueda","In moonlight, even the wound in the deep snow is unhidden.",,,,,,,,,,,,,,,,,,,
Modern,眼前に蜘の巣かかり夕山河,"ganzen ni 
kumo no su kakari 
yū sanga","A spider web 
hanging before my eyes, evening 
mountains and rivers.",川端茅舎,Kawabata Bosha,1897-1956,Autumn,"蜘の巣 【くものす】 kumo no su, spider web (all autumn).",,"Modern Japanese Haiku, Ueda",A spider web appears before the eyes in the evening landscape.,,,,,,,,,,,,,,,,,,,
Modern,緑陰に黒猫の目のかつと金,"ryokuin ni 
kuroneko no me no 
katto kin","In the shade of green 
leaves the eyes of a black cat 
glaring in gold.",川端茅舎,Kawabata Bosha,1897-1956,Summer,"緑陰 【りょくいん】 ryokuin, green shade (all summer).",,"Modern Japanese Haiku, Ueda","In the green shade, a black cat's eyes flash golden.",,,,,,,,,,,,,,,,,,,
Modern,火の玉の如くに咳きて隠れ栖む,"hi no tama no 
gotoku ni sekite 
kakure sumu","Like a fireball, I
fall into a fit of coughing 
in this hideout of mine. ",川端茅舎,Kawabata Bosha,1897-1956,Winter,"咳 【せき】 seki, cough (all winter).",,"Modern Japanese Haiku, Ueda","火の玉の如くに咳きて (hi no tama no gotoku ni sekite) = coughing like a fireball. Coughing like a ball of fire, then hiding away.",,,,,,,,,,,,,,,,,,,
Modern,我が魂のごとく朴咲き病よし,"waga tama no 
gotoku hō saki 
yamai yoshi","As if it were my soul 
a magnolia blooms out— 
ailing, I feel better.",川端茅舎,Kawabata Bosha,1897-1956,Summer,"朴の花 【ほおのはな】 hō no hana, magnolia flower (early summer).",,"Modern Japanese Haiku, Ueda",The magnolia blooms like the poet's soul; the illness lifts.,,,,,,,,,,,,,,,,,,,
Modern,石枕してわれ蟬か泣き時雨,"ishi makura 
shite ware semi ka 
naki shigure","My head on a pillow 
of stone, am I a cicada? 
The weeping of rain...",川端茅舎,Kawabata Bosha,1897-1956,Autumn,"蝉 【せみ】 semi, cicada (late summer/early autumn).",,"Modern Japanese Haiku, Ueda","Lying with a stone pillow, weeping like a cicada—or is the cicada weeping with him?",,,,,,,,,,,,,,,,,,,
Modern,袖かろし夏めく水仕はげまされ         ,"sode karoshi
natsu meku minashi
hagemasare","feeling buoyed by 
airy sleeves doing
summery kitchen chores",及川貞,Oikawa Tei,1899 - 1993,Summer,"夏めくnatsu meku 
Summery or summer-like
",,英訳saijiki,,,,,,,,,,,,,,,,,,,,4
Modern,咳の子のなぞなぞあそびきりもなや,"seki no ko no
nazonazo asobi
kiri mo naya","there’s no end
playing riddles with 
coughing child",中村 汀女;,Nakamura Teijo,1900 – 1988,Winter,cough,中村 汀女集,moruko,,,,,,,,,,,,,,,,,,,,
Modern,,,,阿波野青畝,,1899―1992,,,,,,,,,,,,,,,,,,,,,,,,
Modern,右の眼に大河左の眼に騎兵,"migi no me ni
taiga hidari no
me ni kihei","In the right eye,
an immense river: in the left
eye, a horseman. ",西東三鬼,Saitō Sanki,1900 — 1962,Summer,"大河 【たいが】 taiga, great river (summer).",,"Modern Japanese Haiku, Ueda","Cavalry in one eye, a great river in the other—war landscape fractured.",,,,,,,,,,,,,,,,,,,
Modern,算術の少年しのびなけり夏,"sanjutsu no 
shōnen shinoni
nakeri natsu","Over arithmetic 
a youngster voicelessly
weeps—summer.",西東三鬼,Saitō Sanki,1900 — 1962,Summer,"夏 【なつ】 natsu, summer.",,"Modern Japanese Haiku, Ueda",算術の少年 (sanjutsu no shōnen) = the arithmetic boy. A boy weeping secretly over arithmetic in the summer—the loneliness of being clever.,,,,,,,,,,,,,,,,,,,
Modern,機関銃眉間に赤き花が咲く,"kikanjū
miken ni akaki 
hana ga saku","A machine gun—
in the middle of the forehead
red blossoms bloom.",西東三鬼,Saitō Sanki,1900 — 1962,Summer,"花 【はな】 hana, (cherry) blossoms [in haiku and haikai the simple word hana 花 refers to cherry blossoms, as do all kigo listed here; but note that in Manyōshū and some other early poetry hana was understood as referring to ume 梅【うめ】plum blossoms, an early spring topic] (late spring).",,"Modern Japanese Haiku, Ueda",機関銃花ヨリ赤ク闇ニ咲ク,,,,,,,,,,,,,,,,,,,
Modern,雄鶏や落葉の下に何もなき,"ondori ya
ochiba no shita ni
nani mo naki","A rooster: 
beneath the fallen leaves
there is not a thing:",西東三鬼,Saitō Sanki,1900 — 1962,Autumn,"落葉 【おちば】 ochiba, fallen leaves (all autumn).",,"Modern Japanese Haiku, Ueda",A rooster standing over fallen leaves covering nothing—existential emptiness.,,,,,,,,,,,,,,,,,,,
Modern,倒れたる案山子の顔の上に天,"taore taru
kakashi no kao no
ue ni ten","Lying collapsed.
a scarecrow, and high above
its face, the heavens.",西東三鬼,Saitō Sanki,1900 — 1962,Autumn,"案山子 【かかし】 kakashi, scarecrow (all autumn).",,"Modern Japanese Haiku, Ueda","A fallen scarecrow, sky above its face—the sky as final witness.",,,,,,,,,,,,,,,,,,,
Modern,限りなく降る雪何をもたらすや,"kagirinaku
furu yuki nani wo
motarasu ya","The endlessly 
falling snow—I wonder what 
it is bringing to me.",西東三鬼,Saitō Sanki,1900 — 1962,Winter,"雪 【ゆき】 yuki, snow (all winter).",,"Modern Japanese Haiku, Ueda",限りなく降る雪 (kagiri naku furu yuki) = endlessly falling snow. The snow falls without limit—what will it bring?,,,,,,,,,,,,,,,,,,,
Modern,クリスマス馬小屋ありて馬が住む,"kurisumasu
uma-goya arite
uma ga sumu","Christmas Day—
there stands a stable, and
a horse is in it.",西東三鬼,Saitō Sanki,1900 — 1962,Winter,"クリスマス kurisumasu, Christmas (all winter).",,"Modern Japanese Haiku, Ueda",Christmas: a stable with a real horse—deflating the sacred with the mundane.,,,,,,,,,,,,,,,,,,,
Modern,鯨食って始まる孤児と医者の野球,"kujira kutte
hajimaru koji to
ishi no yakyū","After eating whalemeat
orphans and a doctor start
a baseball game.",西東三鬼,Saitō Sanki,1900 — 1962,Winter,"鯨 【くじら】 kujira, whale (all winter).",,"Modern Japanese Haiku, Ueda","After eating whale, an orphan and a doctor play baseball—absurdist post-war scene.",,,,,,,,,,,,,,,,,,,
Modern,おつまでも笑ふ枯野の遠くにて,"itsumademo
warau kareno no
tōku nite","The laughter lasts
forever in the distance
on the withered moor.",西東三鬼,Saitō Sanki,1900 — 1962,Winter,"枯野 【かれの】 kareno, withered field (all winter).",,"Modern Japanese Haiku, Ueda","Something laughing endlessly far away in the withered field—eerie, unresolved.",,,,,,,,,,,,,,,,,,,
Modern,病者起ち冬が汚せる硝子拭く,"byōsha tachi
fuyu ga yogoseru
garasu fuku","A patient rises
and wipes the window pane
soiled by winter.",西東三鬼,Saitō Sanki,1900 — 1962,Winter,"冬 【ふゆ】 fuyu, winter.",,"Modern Japanese Haiku, Ueda",A sick person gets up to wipe winter grime from the glass—the body asserting itself.,,,,,,,,,,,,,,,,,,,
Modern,五月の地面犬はいよいよ犬臭く,"gogatsu no
jimen inu wa iyoiyo
inu kusaku","On the ground of May
the dog ever increasingly
smells of dog.",西東三鬼,Saitō Sanki,1900 — 1962,Summer,"五月 【ごがつ】 gogatsu, May (early summer).",,"Modern Japanese Haiku, Ueda","In May, the dog becomes emphatically itself—animality in the season.",,,,,,,,,,,,,,,,,,,
Modern,対岸の人と寒風もてつながる,"taigan no
hito to kanpū mote
tsunagaru","On the other shore,
a person; the cold wind
connects me to him.",西東三鬼,Saitō Sanki,1900 — 1962,Winter,"寒風 【かんぷう】 kanpū, cold wind (all winter).",,"Modern Japanese Haiku, Ueda",The people on opposite banks connected only by cold wind—bitter intimacy of winter.,,,,,,,,,,,,,,,,,,,
Modern,石工若し散る石片が秋の花,"ishiku wakashi
chiru sekihen ga
aki no hana","The stonemason is young,
scattering fragments of stone
like blooms of autumn.",西東三鬼,Saitō Sanki,1900 — 1962,Autumn,"秋の花 【あきのはな】 aki no hana, autumn flower (all autumn).",,"Modern Japanese Haiku, Ueda",石工若し (sekikō wakashi) = the stonemason is young. Stone chips flying from the young stonemason—each chip an autumn flower.,,,,,,,,,,,,,,,,,,,
Modern,鴉飛び立てり羽ばたく枯野男,"karasu tobi
tateri habataku
kareno otoko","The raven has flown
away: flapping his wings
on the moor, a man.",西東三鬼,Saitō Sanki,1900 — 1962,Winter,"枯野 【かれの】 kareno, withered field (all winter).",,"Modern Japanese Haiku, Ueda","A crow flies; in the withered field, a man beats his wings—the human become bird-like.",,,,,,,,,,,,,,,,,,,
Modern,病む顔の前の硝子に雪張りつく,"yamu kao no
mae no garasu ni
yuki haritsuku","On the window pane
in front of an ailing face
snowflakes have stuck.",西東三鬼,Saitō Sanki,1900 — 1962,Winter,"雪 【ゆき】 yuki, snow (all winter).",,"Modern Japanese Haiku, Ueda",Snow plastered on the glass before the sick face—enclosure and cold.,,,,,,,,,,,,,,,,,,,
Modern,向日葵播く雲の上なる日を探す,"himawari maki
kumo no ue naru
hi wo sagasu","I sow sunflower seeds
and look up above the clouds
to locate the sun.",西東三鬼,Saitō Sanki,1900 — 1962,Summer,"向日葵 【ひまわり】 himawari, （ひまはり）, sunflower [Helianthus annuus] (late summer).",,"Modern Japanese Haiku, Ueda",Planting sunflowers: searching for the sun above the clouds.,,,,,,,,,,,,,,,,,,,
Modern,身に貯へん金山の蝉の声,"mi ni takuwaen
zenzan no
semi no koe","Could I store it
in myself: a mountainful 
of cicadas’ screech!",西東三鬼,Saitō Sanki,1900 — 1962,Summer,"蝉の声 【せみのこえ】 semi no koe, cicada voices (late summer).",,"Modern Japanese Haiku, Ueda",Storing cicada voices in the body like gold in a mine.,,,,,,,,,,,,,,,,,,,
Modern,荒園の力あつまり向日葵立つ,"kōen no
chikara atsumari
himawari tatsu","Concentrating the strength
of the abandoned garden,
a sunflower stands.",西東三鬼,Saitō Sanki,1900 — 1962,Summer,"向日葵 【ひまわり】 himawari, （ひまはり）, sunflower [Helianthus annuus] (late summer).",,"Modern Japanese Haiku, Ueda",The rough garden's power gathered into the standing sunflower.,,,,,,,,,,,,,,,,,,,
Modern,秋の暮大魚の骨を海が引く,"aki no kure
taigyo no hone wo
umi ga hiku","Autumn nightfall—
the skeleton of a huge fish
is drawn out to the sea.",西東三鬼,Saitō Sanki,1900 — 1962,Autumn,"秋の暮 【あきのくれ】 aki no kure, autumn dusk (all autumn).",,"Modern Japanese Haiku, Ueda",The sea drags the large fish's bones away at autumn dusk—vast indifference.,,,,,,,,,,,,,,,,,,,
Modern,海に足浸る三日月に首吊らば,"umi ni ashi 
hitaru mikazuki ni 
kubi tsuraba","The ocean would soak
my feet, if the crescent moon
hanged me by the neck.",西東三鬼,Saitō Sanki,1900 — 1962,Autumn,"三日月 【みかづき】 mikazuki, crescent moon (all autumn).",,"Modern Japanese Haiku, Ueda",Dipping feet in the sea under a crescent moon—Sanki's dark surrealism.,,,,,,,,,,,,,,,,,,,
Modern,いづかたも水行く途中春の暮 ,"izukata mo
muzu yuku tochū
haru no kure","everywhere
water in the midst of going
the end of spring day",永田耕衣,Nagata Kōi,1900 - 1997,Spring,春の暮 ,,『増殖する俳句歳時記』,ここからは、二つの見解が可能です。一つ目は、中七で切って読む場合です。森羅万象の活動は、人も含めて全て「途中」なのだという見解で、水行きには終点がないということです。水は循環しているから常に「途中」です。 二つ目は、中七で切らない場合です。そうすると、「春の暮」が句の主眼になってきて、冬を過ぎて暮春になったから、水行きは活発なんだという見解になります。どちらを選ぶかは、各人の好みになるでしょうが、句から驚きを得られるのは、前者です。なぜなら、無常観を「途中」という俗語で言い表しているからです。『永田耕衣五百句』 ,,,,,,,,,,,,,,,,,,,
Modern,啓蟄や光り流るる厨水," keichitsu ya
hikari nagaruru
kuriya-mizu   ","insects awake―
luster flows in
kitchen’s water",内藤吐天,Naitō Toten,1900- 1976,Spring,"Insects awake
啓蟄 keichitsu
",,英訳saijiki,,,,,,,,,,,,,,,,,,,,
Modern,冬すでに路標にまがふ墓一基,"fuyu sudeni
rohyō ni magau 
haka ikki","Winter already—
Too much like a signpost,
A gravestone.",中村草田男,Nakamura Kusatō,1901‐1983,Winter,"冬 【ふゆ】 fuyu, winter.",,"Modern Japanese Haiku, Ueda",路標 (michishirube) = road marker. A single grave resembling a road marker in winter.,,,,,,,,,,,,,,,,,,,
Modern,空瓶と老いし盲の冬日向,"akibin to 
oishi mekura no 
fuyu hinata","An empty bottle 
and an aged blind man 
in the winter sunshine",中村草田男,Nakamura Kusatō,1901‐1984,Winter,"冬日向 【ふゆひなた】 fuyu hinata, winter sunshine (all winter).",,"Modern Japanese Haiku, Ueda",An old blind man and an empty bottle in the winter sunshine—quiet desolation.,,,,,,,,,,,,,,,,,,,
Modern,万緑の中や吾子の歯生え初むる,"banryoku no 
naka ya ako no ha
hae somuru","Myriad green leaves— 
in their midst my baby
begins to cut his teeth.",中村草田男,Nakamura Kusatō,1901‐1985,Summer,"万緑 【ばんりょく】 banryoku, myriad green leaves [literally ""myriad green""] (all summer).",,"Modern Japanese Haiku, Ueda","In the sea of summer green, the child's first white tooth—a celebrated poem of life.",,,,,,,,,,,,,,,,,,,
Modern,夜の蟻迷えるものは孤を描く,"yoru no ari
mayoeru mono wa
ko wo egaku","Ants in the nighttime:
the one that has lost its way
crawls in a circle",中村草田男,Nakamura Kusatō,1901‐1986,Summer,"蟻 【あり】 ari, ant (all summer).",,"Modern Japanese Haiku, Ueda",孤を描く (ko wo egaku) = drawing a circle of isolation. A lost ant traces a circle—existential isolation.,,,,,,,,,,,,,,,,,,,
Modern,記憶を持たざるもの新雪と跳ぶ栗鼠と,"kioku wo motazaru 
mono shinsetsu to 
tobu risu to","Things that do not possess
memories: freshly fallen snow
and a leaping squirrel.",中村草田男,Nakamura Kusatō,1901‐1987,Winter,"新雪 【しんせつ】 shinsetsu, new snow (all winter).",,"Modern Japanese Haiku, Ueda","New snow and a squirrel leaping—both without memory, pure present.",,,,,,,,,,,,,,,,,,,
Modern,耕せばうごき憩えばしづかな土,"tagayaseba 
ugoki ikoeba 
shizukana tsuchi","When I plough
it moves; when I pause to rest
it is still—the earth.",中村草田男,Nakamura Kusatō,1901‐1988,Spring,"耕す 【たがやす】 tagayasu, plowing / tilling (all spring).",,"Modern Japanese Haiku, Ueda",When tilled the soil moves; when resting it is quiet—the earth responsive.,,,,,,,,,,,,,,,,,,,
Modern,永久に生きたし女の声と蟬の音と,"towa ni ikitashi 
onna no koe to 
semi no ne to","How I wish to live
forever! A woman’s voice
and a cicada’s cry.",中村草田男,Nakamura Kusatō,1901‐1989,Summer,"蝉 【せみ】 semi, cicada (late summer).",,"Modern Japanese Haiku, Ueda",Wanting to live forever: a woman's voice and cicada song.,,,,,,,,,,,,,,,,,,,
Modern,空は太初の青き妻より林檎うく,"sora wa taisho no 
aosa tsuma yori 
ringo uku","In the sky there is 
primeval blue, and from my wife
I receive an apple.",中村草田男,Nakamura Kusatō,1901‐1990,Autumn,"林檎 【りんご】 ringo, apple(s) [fruit of Malus pumila] (late autumn).",,"Modern Japanese Haiku, Ueda",The sky a primordial blue; a wife offers an apple—Eden imagery.,,,,,,,,,,,,,,,,,,,
Modern,比喩もろとも信仰消えて枯野の日,"hiyu morotomo 
shinkō kiete 
kareno no hi","The metaphors are 
gone, and so is my faith…
sun over a moor.",中村草田男,Nakamura Kusatō,1901‐1991,Winter,"枯野 【かれの】 kareno, withered field (all winter).",,"Modern Japanese Haiku, Ueda","Faith dissolving with metaphor, into the winter field's sunlight.",,,,,,,,,,,,,,,,,,,
Modern,炎熱や勝利の如き地の明るさ,"ennetsu ya 
shōri no no gotoki 
chi no akarusa","Scorching heat: 
like a victory, the brightness 
of the earth.",中村草田男,Nakamura Kusatō,1901‐1992,Summer,"炎熱 【えんねつ】 ennetsu, scorching heat (all summer).",,"Modern Japanese Haiku, Ueda",The scorching heat gives the earth a brightness like victory.,,,,,,,,,,,,,,,,,,,
Modern,葡萄食ふ一語一語の如くにて,"budō kū 
ichigo ichigo no 
gotoku nite","Eating grapes— 
like one word, another word, 
and still another.",中村草田男,Nakamura Kusatō,1901‐1993,Autumn,"葡萄 【ぶどう】 budō, （ぶだう）, grapes [eminent haiku masters have placed this kidai in early, mid, and late autumn, apparently according to geographical latitude and local grape production; we follow Inahata Teiko's Hototogisu New Saijiki with an all-autumn designation, leaning toward mid autumn] (all autumn).",,"Modern Japanese Haiku, Ueda",Eating grapes one by one as if each were a word—the grape as unit of language.,,,,,,,,,,,,,,,,,,,
Modern,何事もなかりし如き日盛なり,"nanigoto mo 
nakarishi gotoki 
hizakari nari","Appearing as if 
nothing had happened, the brightness 
of the midday sun.",中村草田男,Nakamura Kusatō,1901‐1994,Summer,"日盛 【ひざかり】 hizakari, blazing midday sun (all summer).",,"Modern Japanese Haiku, Ueda",As if nothing happened—the blazing midday continues indifferent.,,,,,,,,,,,,,,,,,,,
Modern,睡蓮や死ならぬもの以て肉浄めよ,"suiren ya 
shi naranu mono mote 
niku kiyome yo","A water lily: 
may something other than death 
cleanse my body!",中村草田男,Nakamura Kusatō,1901‐1995,Summer,"睡蓮 【すいれん】 suiren, （すゐれん）, water lily/lilies [white-flowered; Nymphaea species; see also 河骨【こうほね】 kōhone] (late summer).",,"Modern Japanese Haiku, Ueda",The water lily—purify the flesh with what is not death.,,,,,,,,,,,,,,,,,,,
Modern,梅一連踏まれて大地の紋章たり,"ume ichirin 
fumarete daichi no 
monshō tari","A plum blossom, 
trampled, has become the insignia 
of the earth.",中村草田男,Nakamura Kusatō,1901‐1996,Spring,"梅 【うめ】 ume, （sometimes むめ mume）, plum (blossoms) [technically, the ""Japanese apricot"", Prunus mume; but this has almost always been translated ""plum"" for literary purposes] (early spring).",,"Modern Japanese Haiku, Ueda",A fallen plum blossom trampled becomes the earth's emblem.,,,,,,,,,,,,,,,,,,,
Modern,頭を伏せし蜥蜴と聴けり日の言葉,"zu wo fuseshi 
tokage to kikeri 
hi no kotoba","With a lizard 
the droops its head, I listen 
to the words of the sun.",中村草田男,Nakamura Kusatō,1901‐1997,Summer,"蜥蜴 【とかげ】 tokage, lizard (all summer).",,"Modern Japanese Haiku, Ueda",A lizard with bowed head listens to the sun's words.,,,,,,,,,,,,,,,,,,,
Modern,生れて十日生命が赤し風がまぶし,"arete tōka 
inochi ga akashi 
kaze ga mabushi","Ten days after birth 
the baby’s life is reddish, 
the wind is dazzling.",中村草田男,Nakamura Kusatō,1901‐1998,Spring,"風 【かぜ】 kaze, wind (all spring).",,"Modern Japanese Haiku, Ueda","生れて十日 (umarete tōka) = ten days after birth. Ten days old, life is red; the wind dazzling.",,,,,,,,,,,,,,,,,,,
Modern,覇王樹立ち夕蟹走りわれ生れし,"saboten tachi 
yūkani hashiri 
ware areshi","A cactus stood,
an evening crab scurried, 
and I was born.",中村草田男,Nakamura Kusatō,1901‐1999,Summer,"覇王樹 【はおうじゅ】 haōju, cactus (all summer).",,"Modern Japanese Haiku, Ueda","Cactus standing, crabs running at dusk—birth as elemental event.",,,,,,,,,,,,,,,,,,,
Modern,三日月のせた水輪こちらへ来たがるよ,"mikazuki nosete 
mizuwa kochira e 
kitagaru yo","Each carrying a crescent 
moon, water rings are anxious 
to reach me!",中村草田男,Nakamura Kusatō,1901‐2000,Autumn,"三日月 【みかづき】 mikazuki, crescent moon (all autumn).",,"Modern Japanese Haiku, Ueda",The moon's reflection in water rings drifting toward the viewer.,,,,,,,,,,,,,,,,,,,
Modern,玉菜の芯から微かな鶏鳴広漠たり,"tamana no shin kara 
kasukana keimei
 kōbaku tari","From inside a cabbage 
the faint crow of a rooster— 
vast and desolate.
",中村草田男,Nakamura Kusatō,1901‐2001,Winter,"玉菜 【たまな】 tamana, cabbage (all winter).",,"Modern Japanese Haiku, Ueda","From the cabbage's heart, a faint cock-crow in the vast landscape.",,,,,,,,,,,,,,,,,,,
Modern,旧景が闇を脱ぎゆく大旦,"kyūkei ga 
yami wo nugi-yuku 
ō-ashita","The familiar scene 
slowly strips off its darkness 
as the New Year dawns.",中村草田男,Nakamura Kusatō,1901‐2002,New Year,"大旦 【おおあした】 ōashita, New Year's morning (New Year).",,"Modern Japanese Haiku, Ueda",The old landscape shedding its darkness into the New Year morning.,,,,,,,,,,,,,,,,,,,
Modern,夕がすみ灯台ともること早し ,"yūgasumi 
tōdai tomoru 
koto hayashi ","evening mist
the lighthouse lights up
a bit early ",高濱年尾,Takahama Toshio,1901-79,Spring,"霞 【かすみ】 kasumi, (spring) mist [frequently translated ""haze""; see note ""On Haze, Mist, Fog""] (all spring).",,"Modern Japanese Haiku, Ueda",Lighthouse lit early in the spring evening haze—dusk arriving before expected.,,,,,,,,,,,,,,,,,,"evening mist
the lighthouse lights up
a bit early  (UVA)",
Modern,春暁や人こそ知らね木々の雨　,"shungyō ya
hito koso shirane 
kigi no ame        ","spring dawnー
rain on the trees that
on one knows",日野草城,Hino Sōjō,1901 - 1956,Spring,Spring,"Spring dawn
春暁 shungyō
",英訳saijiki,人こそ知らね (hito koso shirane) = though people may not know. Spring dawn; people unaware while the trees are drenched in rain.,,,,,,,,,,,,,,,,,,,
Modern,春の灯や女は持たぬのどぼとけ,"haru no hi ya 
onna wa motanu 
nodobotoke","Spring evening’s lamplight: 
a woman; she does not have 
an Adam’s apple.",日野草城,Hino Sōjō,1901 - 1956,Spring,"春の灯 【はるのひ】 haru no hi, spring lamp / spring light (all spring).",,"Modern Japanese Haiku, Ueda",Spring lamplight; a woman—she has no Adam's apple.,,,,,,,,,,,,,,,,,,,
Modern,ものの種握ぎれば生命ひしめける,"mono-dane wo 
nigireba inochi 
hishimekeru","Seeds of some sort一
grasping them, I feel the jostle
of lives against my palm.",日野草城,Hino Sōjō,1901 - 1956,Spring,"種 【たね】 tane, seed(s) (spring).",,"Modern Japanese Haiku, Ueda",Holding seeds in the fist—life pressing and jostling inside.,,,,,,,,,,,,,,,,,,,
Modern,春暁や人こそ知らね木々の雨,"shungyō ya
hito koso shirane
kigi no ame","Early spring dawn: 
nobody else would know of
this rain on the trees.",日野草城,Hino Sōjō,1901 - 1956,Spring,"春暁 【しゅんぎょう】 shungyō, （しゅんげう）, spring dawn (all spring).",,"Modern Japanese Haiku, Ueda",Duplicate of Row 477.,,,,,,,,,,,,,,,,,,,
Modern,凩や堕胎草煮たれども,"kogarashi ya 
oroshi-gusa ni wa 
nitare domo","Wintry gusts:
abortion-herb is boiling
and yet … and yet … ",日野草城,Hino Sōjō,1901 - 1956,Winter,"木枯らし 【こがらし】 kogarashi, wintry gust (early winter).",,"Modern Japanese Haiku, Ueda",堕胎草 (datai-gusa) = abortifacient herb. The cold wind; herbs to cause miscarriage are boiled but seem useless.,,,,,,,,,,,,,,,,,,,
Modern,朝寒や歯磨匂ふ妻の口,"asa samu ya 
hamigaki niou 
tsuma no kuchi","The morning cold:
smelling of tooth power,
my wife’s mouth.",日野草城,Hino Sōjō,1901 - 1956,Autumn,"朝寒 【あさざむ】 asazamu, morning cold (late autumn).",,"Modern Japanese Haiku, Ueda",Morning cold; the wife's mouth fragrant with toothpaste—marital intimacy.,,,,,,,,,,,,,,,,,,,
Modern,わが思ひ月かげとなり空に満つ,"waga omoi 
tsuki kage to nari 
sora ni mitsu","My pondering
turns into the moonlight
filling the sky.",日野草城,Hino Sōjō,1901 - 1956,Autumn,"月 【つき】 tsuki, moon (mid autumn).",,"Modern Japanese Haiku, Ueda",My thoughts become moonlight filling the sky.,,,,,,,,,,,,,,,,,,,
Modern,かいつぶりさびしくなればくぐりけり,"kairsuburi 
sabishiku nareba 
kuguri-keri","The grebe
when it becomes lonely
dives into the water.",日野草城,Hino Sōjō,1901 - 1956,Autumn,"鳰 【にお】 niō, grebe (all autumn).",,"Modern Japanese Haiku, Ueda","When it grows lonely, the grebe dives under—evasion as emotional response.",,,,,,,,,,,,,,,,,,,
Modern,眼をとぢてむかしの恋にあたたまる,"me wo tojite 
mukashi no koi ni 
atatamaru","I close my eyes
and bask in the warmth of love
that is long past.",日野草城,Hino Sōjō,1901 - 1956,Winter,"冬 【ふゆ】 fuyu, winter.",,"Modern Japanese Haiku, Ueda",Closing the eyes and warming oneself in an old love—winter introspection.,,,,,,,,,,,,,,,,,,,
Modern,いなづまにまばたきしたる枯木達,"inazuma ni 
mabataki shi taru 
kareki tachi","At a flash of lighting
they blinked their eyes一
the leafless trees.",日野草城,Hino Sōjō,1901 - 1956,Autumn,"稲妻 【いなずま】 inazuma, lightning (all autumn).",,"Modern Japanese Haiku, Ueda",枯木達 (kareki-tachi) = bare trees. Lightning; the bare trees seem to blink.,,,,,,,,,,,,,,,,,,,
Modern,ひと拗ねてものいはず白き薔薇となる,"At a flash of lighting
they blinked their eyes一
the leafless trees.","She sulks,
says nothing, and becomes
a white rose. ",日野草城,Hino Sōjō,1901 - 1956,Summer,"白き薔薇 【しろきばら】 shiroki bara, white rose (summer).",,"Modern Japanese Haiku, Ueda",Someone sulking and silent—becoming a white rose.,,,,,,,,,,,,,,,,,,,
Modern,熱退きぬ空漠として黄の疲弊,"netsu hikinu 
kūbaku to shite 
ki no tsukare","The fever is gone.
in the immeasurable void,
yellow weariness.",日野草城,Hino Sōjō,1901 - 1956,Summer,"熱退く 【ねつひく】 netsu hiku, fever breaking (summer).",,"Modern Japanese Haiku, Ueda","After the fever breaks: a vast, yellow exhaustion.",,,,,,,,,,,,,,,,,,,
Modern,朝顔やおもひを遂げしごとしぼむ,"asagao ya
omoi wo togeshi
goto shibomu","The morning-glory:
like fulfilled desire
it withers away.",日野草城,Hino Sōjō,1901 - 1956,Autumn,"朝顔 【あさがお】 asagao, morning glory (late summer/autumn).",,"Modern Japanese Haiku, Ueda",The morning glory wilts as if having gotten what it wanted.,,,,,,,,,,,,,,,,,,,
Modern,十六夜や溲瓶かがやく縁の端,"izayoi ya
shubin kagayaku
en no hashi","Moon sixteen nights old:
my urine glass glitters
at the veranda’s edge.",日野草城,Hino Sōjō,1901 - 1956,Autumn,"十六夜 【いざよい】 izayoi, the sixteenth night / moon (mid autumn).",,"Modern Japanese Haiku, Ueda",溲瓶 (shōbin) = urinal. The sixteenth-night moon glittering on the bedpan—sick-room poetry.,,,,,,,,,,,,,,,,,,,
Modern,夜番柝を打つ月光にひび走る,"yoban ki wo
utsu gekkō ni
hibi hashiru","A night watch
strikes his clappers一at the sound
cracks run up the moonlight.",日野草城,Hino Sōjō,1901 - 1956,Autumn,"月光 【げっこう】 gekkō, moonlight (mid autumn).",,"Modern Japanese Haiku, Ueda",The night watchman's clapper: moonlight cracks.,,,,,,,,,,,,,,,,,,,
Modern,妻が持つ薊の棘を手に感ず,"tsuma ga
motsu azami no toge wo 
te ni kanzu","My wife holds
a thistle一I feel its prickles
in my hand.",日野草城,Hino Sōjō,1901 - 1956,Autumn,"薊 【あざみ】 azami, thistle (late spring).",,,Sensing the thistle's thorn through the wife's hand—domestic tenderness and pain.,,,,,,,,,,,,,,,,,,,
Modern,夏の闇高熱のわれ発光す,"natsu no yami 
kōnetsu no ware 
hakkō-su
","Dark summer night一
sick and feverish, I
emit a gleam.",日野草城,Hino Sōjō,1901 - 1956,Summer,"夏の闇 【なつのやみ】 natsu no yami, summer darkness (all summer).",,,"高熱のわれ発光す = I with high fever emit light. In the summer dark, the feverish poet glows.",,,,,,,,,,,,,,,,,,,
Modern,荒草の今は枯れつつ安らかに,"arakusa no 
ima wa kare tsutsu 
yasurakani
","The weeds
are now beginning to wither,
and in peace, too.",日野草城,Hino Sōjō,1901 - 1956,Winter,"枯草 【かれくさ】 karekusa, withered plants [includes more than grasses] (all winter).",,,Withered grass withering peacefully now—acceptance of decay.,,,,,,,,,,,,,,,,,,,
Modern,秋の道日かげに入りて日に出でて,"aki no michi 
hikage ni irite 
hi ni idete
","The autumn road
enters the shade一and emerges
into the sunshine.",日野草城,Hino Sōjō,1901 - 1956,Autumn,"秋の道 【あきのみち】 aki no michi, autumn road (all autumn).",,,Walking the autumn road in and out of sunlight.,,,,,,,,,,,,,,,,,,,
Modern,見えぬ目の方の眼鏡の玉も拭く,"mienu me no 
hō no megane no 
tama mo fuku
","Its sight has been lost
and yet, for that eye also
I polish the eyeglass.",日野草城,Hino Sōjō,1901 - 1956,no-season,"眼鏡 【めがね】 megane, eyeglasses.",,,Polishing both lenses even though one eye can't see—compulsive care.,,,,,,,,,,,,,,,,,,,
Modern,リラの香と気づきて昼寝さめにけり,"rira no ka to 
kizukite hirune 
same ni keri
","It’s the lilac’s scent一
So I notice, and wake
From my noonday nap.",日野草城,Hino Sōjō,1901 - 1956,Summer,"リラ rira, lilac (early summer).",,,"Waking from a midday nap, suddenly aware of lilac scent.",,,,,,,,,,,,,,,,,,,
Modern,雨はれてふたたび寒し根深汁,"ame harete
futatabi samushi
nebuke-jiru","the rain cleared
again it’s cold
green onion soup  ",日野草城,Hino Sōjō,1901 - 1956,Winter,"根深汁 【ねぶかじる】 nebukajiru, leek soup (all winter).",,英訳saijiki,Rain clearing; cold again; leek soup—winter's simple comforts.,,,,,,,,,,,,,,,,,,,
Modern,スケートの紐むすぶ間も逸りつつ,"sukeeto no
himo musubu ma mo
hayari tsutsu","while lacing up
my skates
growing ",山口誓子,Yagichi Seishi ,1901 - 1994,winter,skate,凍港,maruko,,,,,,,,,,,,,,,,,,,,
Modern,七月の青嶺まぢかく溶鉱炉,"shichigatsu no 
aone majikaku 
yōkōro","On a July day 
near the green mountains, 
a smelting furnace.",山口誓子,Yagichi Seishi ,1901 - 1994,Summer,"七月 【しちがつ】 shichigatsu, July (mid summer).",,,A blast furnace and the blue mountain peak in July—industrial and natural sublime.,,,,,,,,,,,,,,,,,,,
Modern,かりかりと蟷螂蜂の皃を食むとは,"karikari to
tōrō hachi no 
kao wo hamu","With a crunching sound 
the praying mantis devours 
the face of a bee.",山口誓子,Yagichi Seishi ,1901 - 1994,Autumn,"蟷螂 【かまきり】 kamakiri, praying mantis (all autumn).",,,かりかりと (karikari to) = crunchily. A praying mantis crunching a wasp's face.,,,,,,,,,,,,,,,,,,,
Modern,夏草に気罐車の車輪来て止る,"natsu kusa ni 
kikansha no sharin 
kite tomaru","Amid the summer grass 
the wheels of a steam engine 
come to a standstill.",山口誓子,Yagichi Seishi ,1901 - 1994,Summer,"夏草 【なつくさ】 natsukusa, summer grasses (all summer).",,,A steam engine wheel coming to rest in the summer grass.,,,,,,,,,,,,,,,,,,,
Modern,春潮やわが総身に船の汽笛,"shunchō ya 
waga sōshin ni 
fune no fue","The spring tide: 
piercing my entire body, 
the whistle from a boat.",山口誓子,Yagichi Seishi ,1901 - 1994,Spring,"春潮 【はるしお】 harushio, spring tide (all spring).",,,船の汽笛 (fune no kiteki) = a ship's steam whistle. The spring tide; a ship's whistle resonates through the whole body.,,,,,,,,,,,,,,,,,,,
Modern,夏の河赤き鉄鎖のはし浸る,"natsu no kawa 
akaki tessa no 
hashi hitaru","River in summer一 
a red iron chain, its end 
soaking in the water.",山口誓子,Yagichi Seishi ,1901 - 1994,Summer,"夏の河 【なつのかわ】 natsu no kawa, summer river (all summer).",,,赤き鉄鎖 (akaki tessho) = a red iron chain. A red iron chain's end submerged in the summer river.,,,,,,,,,,,,,,,,,,,
Modern,秋風が通るに嬰児片眼をあき,"aki kaze ga 
tōru ni eiji 
katame wo aki","An autumnal wind 
passes by, and a little baby 
opens an eye.",山口誓子,Yagichi Seishi ,1901 - 1994,Autumn,"秋風 【あきかぜ】 akikaze, autumn breeze / autumn wind [carries with it the sound of rustling leaves] (all autumn).",,,The autumn wind passing; an infant opens one eye.,,,,,,,,,,,,,,,,,,,
Modern,ひとり膝を抱けば秋風また秋風,"hitori hiza wo 
dakeba aki kaze 
mata aki kaze","All alone, I hug 
my knees...an autumnal wind, 
again, autumnal wind.",山口誓子,Yagichi Seishi ,1901 - 1994,Autumn,"秋風 【あきかぜ】 akikaze, autumn breeze / autumn wind [carries with it the sound of rustling leaves] (all autumn).",,,"Sitting alone, knees hugged: autumn wind, and again autumn wind.",,,,,,,,,,,,,,,,,,,
Modern,水甕に浮べる蟻の影はなく,"mizugame ni 
ukaberu ari no 
kage wa naku","In the water jar 
floats an ant, and its shadow 
is not. ",山口誓子,Yagichi Seishi ,1901 - 1994,Summer,"蟻 【あり】 ari, ant (all summer).",,,An ant's shadow floating in the water jar—but no actual ant; only shadow.,,,,,,,,,,,,,,,,,,,
Modern,声なりしやと炎天を顧みる,"koe narishi ya 
to enten wo 
kaerimiru","Was that a voice? 
Back toward the sweltering sky 
I turn my face.",山口誓子,Yagichi Seishi ,1901 - 1994,Summer,"炎天 【えんてん】 enten, blazing sky (late summer).",,,声なりしや (koe nari shi ya) = was that a voice? Looking back at the blazing sky.,,,,,,,,,,,,,,,,,,,
Modern,炎天の遠き帆やわがこころの帆,"enten no 
tōki ho ya waga 
kokoro no ho","Under the flaming sky, 
a distant sail: in my 
heart, a sail.",山口誓子,Yagichi Seishi ,1901 - 1994,Summer,"炎天 【えんてん】 enten, blazing sky (late summer).",,,A distant sail in the blazing sky—the sail of my own heart.,,,,,,,,,,,,,,,,,,,
Modern,夕焼や思ひかへして貝拾ふ,"yūyake ya 
omoi kaeshite 
kai hirou","The sunset glow: 
changing my mind, I pick up 
a seashell.",山口誓子,Yagichi Seishi ,1901 - 1994,Autumn,"夕焼 【ゆうやけ】 yūyake, （ゆふやけ）, afterglow (late summer).",,,Reconsidering at the sunset—picking up a shell after all.,,,,,,,,,,,,,,,,,,,
Modern,昼見たる蟻を暗夜に思ひ出づ,"hiru mitaru 
ari wo anya ni 
omoi-izu","In the daytime I saw 
an ant, and it haunts my mind 
in this darkness of night.",山口誓子,Yagichi Seishi ,1901 - 1994,Summer,"蟻 【あり】 ari, ant (all summer).",,,"An ant seen in daytime, recalled in the dark night.",,,,,,,,,,,,,,,,,,,
Modern,少女たるよろこび春の日に瞑る,"shōjo taru 
yorokobi haru no 
hi ni metsumuru","Delighted to be born 
a girl, in the spring sun 
she closes her eyes.",山口誓子,Yagichi Seishi ,1901 - 1994,Spring,"春の日 【はるのひ】 haru no hi, spring day (all spring).",,,"The joy of being a girl, closing eyes in the spring sunlight.",,,,,,,,,,,,,,,,,,,
Modern,やさしさは殻透くばかり蝸牛,"yasashisa wa 
kara suku bakari 
katatsumuri","The gentleness 
pervades its shell一 
a snail.",山口誓子,Yagichi Seishi ,1901 - 1994,Summer,"蝸牛 【かたつむり】 katatsumuri, snail / land snail (all summer).",,,The snail's shell nearly transparent with gentleness.,,,,,,,,,,,,,,,,,,,
Modern,行く雁の啼くとき宙の感ぜられ,"yuku kari no 
naku toki chū no 
kanzerare","Passing in the sky 
wild geese call; that instant 
a feel of the mid-air.",山口誓子,Yagichi Seishi ,1901 - 1994,春,春,青女,,,,,,,,,,,,,,,,,,,,,
Modern,昼寝の中しばしば釘を打ち込まる,"hirune no naka 
shibashiba kugi wo 
uchikomaru","Into my midday nap, 
again and again, someone 
hammers a nail.",山口誓子,Yagichi Seishi ,1901 - 1994,Summer,"昼寝 【ひるね】 hirune, midday nap / siesta (all summer).",,,Nails driven in during the nap—the body registering sound as sensation.,,,,,,,,,,,,,,,,,,,
Modern,秋の暮水中もまた暗くなる,"aki no kure 
suichū mo mata 
kuraku naru","Evening in autumn一 
under the water also 
it becomes dark.",山口誓子,Yagichi Seishi ,1901 - 1994,Autumn,"秋の暮 【あきのくれ】 aki no kure, autumn dusk (all autumn).",,,Autumn dusk: the underwater world darkening too.,,,,,,,,,,,,,,,,,,,
Modern,浪にあとかたもなし女と泳ぎしが,"nami ni atokata 
mo nashi onna to 
oyogishi ga","In the waves no trace 
remains, though I have swum there 
with a woman.",山口誓子,Yagichi Seishi ,1901 - 1994,Summer,"泳ぎ 【およぎ】 oyogi, swimming (all summer).",,,"After swimming with a woman, the waves leave no trace.",,,,,,,,,,,,,,,,,,,
Modern,死にければ闇たちこむる蛍籠,"shi ni kereba 
yami tachikomuru 
hotaru kago","Since they died 
darkness fills up the space 
in the firefly cage. ",山口誓子,Yagichi Seishi ,1901 - 1994,Summer,"蛍籠 【ほたるかご】 hotaru-kago, firefly cage (mid summer).",,,"When the firefly died, the cage filled with darkness.",,,,,,,,,,,,,,,,,,,
Modern,冬河に新聞全紙浸り浮く,"fuyu kawa ni 
shinbun zenshi
tsukari uku","In the winter river 
a whole sheet of newspaper, 
soaked through, floating. ",山口誓子,Yagichi Seishi ,1901 - 1994,Winter,"冬河 【ふゆかわ】 fuyukawa, winter river (all winter).",,,The entire newspaper soaking and floating in the winter river—information dissolved.,,,,,,,,,,,,,,,,,,,
Modern,"枯葦を瞳につめこんでたちもどる
","kareashi o 
me ni tsumekonde
tachimodoru","Withered reeds—
I stuff them into my eyes
and trudge towards home.",富沢赤黄男,Tomizawa Kakio,1902 -- 1962,Autumn,"枯葦 【かれあし】 kare-ashi, withered reeds (all autumn).",,"Modern Japanese Haiku, Ueda","Withered reeds crammed into the pupils—intense, surrealist vision.",,,,,,,,,,,,,,,,,,,
Modern,"蝶墜ちて大音響の結氷期
","chō ochite
daionkyō no
keppyōki","As a butterfly
plummets, a thunderous crash
in the freezing season.",富沢赤黄男,Tomizawa Kakio,1902 -- 1962,winter,結氷期,天の狼,"Modern Japanese Haiku, Ueda, momoko",結氷期 (kekkyōki) = the freezing period. A butterfly falls; a vast sound of freezing fills the world—surrealist scale contrast.,,,,,,,,,,,,,,,,,,,
Modern,"彷徨へる馬郷愁となりて消えぬ
","samayoeru
uma kyōshū to
narite kienu","A wandering horse,
turning in a longing
for home, vanishes.",富沢赤黄男,Tomizawa Kakio,1902 -- 1962,Autumn,"馬 【うま】 uma, horse.",,"Modern Japanese Haiku, Ueda",The wandering horse becomes homesickness and vanishes—surrealist metamorphosis.,,,,,,,,,,,,,,,,,,,
Modern,"冬天に牡丹のやうなひとの舌
","tōten ni
botan no yōna
hito no shita","Under the winter sky
it looks like a peony:
the woman's tongue.",富沢赤黄男,Tomizawa Kakio,1902 -- 1962,Winter,"冬天 【ふゆてん】 fuyuten, winter sky (all winter).",,"Modern Japanese Haiku, Ueda","In the winter sky, a person's tongue like a peony—erotic surrealism.",,,,,,,,,,,,,,,,,,,
Modern,"椿散るああなまぬるき昼の火事
","tsubaki chiru
aa namanuruki
hiru no kaji","Camellias fall.
Ah, what a lukewarm
fire in the daytime!",富沢赤黄男,Tomizawa Kakio,1902 -- 1962,Spring,"椿 【つばき】 tsubaki, camellia(s) (all spring).",,"Modern Japanese Haiku, Ueda",Camellias falling—a fire spreading in tepid midday.,,,,,,,,,,,,,,,,,,,
Modern,"豹の檻一滴の水天になし
","hyō no ori
itteki no mizu
ten ni nashi","The leopard's cage:
not a drop of water
in heaven.",富沢赤黄男,Tomizawa Kakio,1902 -- 1962,Summer,"豹 【ひょう】 hyō, leopard (summer).",,"Modern Japanese Haiku, Ueda",A leopard in its cage—not a drop of water in the sky above.,,,,,,,,,,,,,,,,,,,
Modern,"岩黝く憂愁の牡蠣うすびかる
","iwa kuroku
yūshū no kaki
usubikaru","The rocks are dark
and a melancholy oyster
faintly gleams.",富沢赤黄男,Tomizawa Kakio,1902 -- 1962,Winter,"牡蠣 【かき】 kaki, oyster (all winter).",,"Modern Japanese Haiku, Ueda",Melancholy oysters glimmering faintly on dark rocks.,,,,,,,,,,,,,,,,,,,
Modern,秋風は蛇のぬけがらより白し,"akikaze wa
hibe no nukegara
yori shiroshi","The autumnal wind
surpasses an empty snakeskin
in whiteness.",富沢赤黄男,Tomizawa Kakio,1902 -- 1962,Autumn,"秋風 【あきかぜ】 akikaze, autumn breeze / autumn wind [carries with it the sound of rustling leaves] (all autumn).",,"Modern Japanese Haiku, Ueda",The autumn wind whiter than the shed snakeskin.,,,,,,,,,,,,,,,,,,,
Modern,咳けば枯木の天も咳けり,"shiwabukeba
kareki no ten mo
shiwabukeri","As I cough
heaven above the leafless trees
coughs too.",富沢赤黄男,Tomizawa Kakio,1902 -- 1962,Winter,"咳 【せき】 seki, cough (all winter).",,"Modern Japanese Haiku, Ueda",Coughing; the bare-tree sky coughs too—the world sharing the illness.,,,,,,,,,,,,,,,,,,,
Modern,炎天に跫音きえて哄笑はのこる,"enten ni 
ashioto kiete 
kōshō wa nokoru","In the sweltering sky
the sound of footsteps fades
and the laughter remains.",富沢赤黄男,Tomizawa Kakio,1902 -- 1962,Summer,"炎天 【えんてん】 enten, blazing sky (late summer).",,"Modern Japanese Haiku, Ueda",Footsteps vanish in the blazing sky; loud laughter remains.,,,,,,,,,,,,,,,,,,,
Modern,嘘吐いて光彩うつくしきつららかな,"uso tsuite
iro utsukushiki
tsurara kana","Uttering a lie 
with beautiful colours,
an icicle.",富沢赤黄男,Tomizawa Kakio,1902 -- 1962,Winter,"つらら 【つらら】 tsurara, icicle(s) (all winter).",,"Modern Japanese Haiku, Ueda",An icicle beautiful as a told lie—the aesthetics of deception.,,,,,,,,,,,,,,,,,,,
Modern,黄昏の喪章黒犬がうづくまる,"tasogare no
moshō kuroinu ga
uzukumaru","In the evening dusk
a mourning badge: a black dog
crouches.",富沢赤黄男,Tomizawa Kakio,1902 -- 1962,Autumn,"喪章 【もしょう】 moshō, mourning band.",,"Modern Japanese Haiku, Ueda",A mourning armband at dusk; a black dog crouches—images of grief.,,,,,,,,,,,,,,,,,,,
Modern,葡萄一粒一粒の弾力と雲,"būdō hitotsubu
hitotsubu no
danryoku to kumo","Grapes, each one of them with
resilience, and clouds",富沢赤黄男,Tomizawa Kakio,1902 -- 1962,Autumn,"葡萄 【ぶどう】 budō, （ぶだう）, grapes [eminent haiku masters have placed this kidai in early, mid, and late autumn, apparently according to geographical latitude and local grape production; we follow Inahata Teiko's Hototogisu New Saijiki with an all-autumn designation, leaning toward mid autumn] (all autumn).",,"Modern Japanese Haiku, Ueda",Each grape's elasticity against the clouds.,,,,,,,,,,,,,,,,,,,
Modern,錐をもむ暗澹として錐をもむ,"kiri wo momu
antan to shite 
kiri wo momu","I keep rubbing an awl,
in the darkness of despair
I keep rubbing an awl.",富沢赤黄男,Tomizawa Kakio,1902 -- 1962,no-season,(no fixed kigo — jiyūritsu/free verse),,"Modern Japanese Haiku, Ueda","錐をもむ (kiri wo momu) = turning an awl. Grinding an awl in dark despair—endless, mechanical repetition.",,,,,,,,,,,,,,,,,,,
Modern,雲にあるあかるさ葦にあるくらさ,"kumo ni aru
akarusa ashi ni
aru kurasa","Brightness that lies
in the clouds: darkness
that lies in the reeds",富沢赤黄男,Tomizawa Kakio,1902 -- 1962,Autumn,"葦 【あし】 ashi, reed (all autumn).",,"Modern Japanese Haiku, Ueda",The sky bright; the reeds dark—visual contrast.,,,,,,,,,,,,,,,,,,,
Modern,ひとの瞳の中の蟻蟻蟻蟻蟻,"hito no me no
naka ni ari ari
ari ari ari","Within her eyes
ant, ant, ant, ant, ant.",富沢赤黄男,Tomizawa Kakio,1902 -- 1962,Summer,"蟻 【あり】 ari, ant (all summer).",,"Modern Japanese Haiku, Ueda",Surrealist multiplication of ants in the human eye.,,,,,,,,,,,,,,,,,,,
Modern,春は白い卵と白い卵の影と,"haru wa shiroi
tamago to shiroi
tamago no kage to","Spring:
white eggs
and white eggs' shadows.",富沢赤黄男,Tomizawa Kakio,1902 -- 1962,Spring,"卵 【たまご】 tamago, egg (spring).",,"Modern Japanese Haiku, Ueda","Spring as white eggs and their shadows—pure, minimal.",,,,,,,,,,,,,,,,,,,
Modern,善意？どこまでつづく零の環よ,"zen'i?
doko made tsuzuku
zero no wa you","Good will?
How far do the rings
of zeros extend?",富沢赤黄男,Tomizawa Kakio,1902 -- 1962,no-season,(no fixed kigo — jiyūritsu/free verse),,"Modern Japanese Haiku, Ueda",善意 (zen'i) = goodwill. How far does goodwill extend?—a zero ring without end.,,,,,,,,,,,,,,,,,,,
Modern,結論のごとく地に跼し蟇,"ketsuron no
gotoku chi ni kyoshi
hikigaeru","Like a conclusion
it crouches on the ground—
a toad.",富沢赤黄男,Tomizawa Kakio,1902 -- 1962,Summer,"蟇 【ひきがえる】 hikigaeru, （ひきがへる）, toad [Bufo vulgaris] (all summer).",,"Modern Japanese Haiku, Ueda",A toad crouching like a conclusion on the ground—philosophical finality.,,,,,,,,,,,,,,,,,,,
Modern,,"gunkan ga 
shizundaumi no
oitaru kamome","An aged seagull
over waters where a warship foundered.",富沢赤黄男,Tomizawa Kakio,1902 -- 1962,,,,"Dawn to the West, Keene",,,,,,,,,,,,,,,,,,,,
Modern,初夏の一日一日と庭のさま,"hatsu natsu no
hito hi hito hi to
niwa no sama","early summer
day by day
the garden's appearance",星野立子,Hoshino Tatsuko,1903－1984,Summer,初夏 shoka Early summer,,英訳saijiki,,,,,,,,,,,,,,,,,,,,3
Modern,うごけば、寒い,"ugokeba,
samui","if you move,
its cold",橋本夢道,Hashimoto Mudō,1903- 1974,Winter,寒い,無礼なる妻,momoko,"normally when you move, you feel warm, but if it is very cold moving makes you feel colder",,,,,,,,,,,,,,,,,,,
Modern,子の髪の風に流るる五月来ぬ,"ko no kami no
kaze ni nagaruru
satsuki kinu  ","a child's hair
flows in the wind and
the fifth month has come",大野林火,Ōno Rinka,1904-1982,Summer,夏  Natsu  [Summer / Season],,英訳Saijiki,,,,,,,,,,,,,,,,,,,,3
Modern,かなしめば鵙金色の目を負ひ来,"kanashimeba
mozu konjiki no 
hi wo oi ku","I grieve, and there comes 
a shrike, with golden sunbeams
on its back.",加藤楸邨,Katō Shūson,1905 - 1993,Autumn,"鵙 【もず】 mozu, shrike [Lanius species] (all autumn).",,"Modern Japanese Haiku, Ueda","When I grieve, the shrike comes with golden eyes—the bird as witness of sorrow.",,,,,,,,,,,,,,,,,,,
Modern,枯るるもの枯れゆき林しづかなり,"karuru mono
kare yuki hayashi 
shizukanari ","All that withers
has withered away, and the grove
reposes in calm.",加藤楸邨,Katō Shūson,1905 - 1993,Autumn,"枯れゆく 【かれゆく】 kareyuku, withering (all autumn).",,"Modern Japanese Haiku, Ueda","As withering things wither, the forest grows quiet—acceptance.",,,,,,,,,,,,,,,,,,,
Modern,木木霞み遠ひかるもの鷺となりぬ,"kigi kasumi
tōhikaru mono
sagi to narinu","Trees are in a hazeー
something gleaming in the distance
has become a heron.",加藤楸邨,Katō Shūson,1905 - 1993,Spring,"霞 【かすみ】 kasumi, (spring) mist [frequently translated ""haze""; see note ""On Haze, Mist, Fog""] (all spring).",,"Modern Japanese Haiku, Ueda",Trees and mist in the distance; the shining thing became a heron—metamorphosis.,,,,,,,,,,,,,,,,,,,
Modern,わが凭りし冬木戦車の音となる,"waga yorishi
fuyuki sensha no
oto to naru","The winter tree
I am leaning on has turned
into a tank’s roar.",加藤楸邨,Katō Shūson,1905 - 1993,Winter,"冬木 【ふゆき】 fuyuki, bare winter tree(s) (all winter).",,"Modern Japanese Haiku, Ueda",Leaning against a winter tree; the sound becomes that of a tank—war trauma in the landscape.,,,,,,,,,,,,,,,,,,,
Modern,坂くだる寒き夕焼に腕を振り,"saka kudaru
samuki yūyake ni
ude wo furi","I walk down a slope;
at the cold sunset glow
I shake my fist.",加藤楸邨,Katō Shūson,1905 - 1993,Winter,"寒き夕焼 【さむきゆうやけ】 samuki yūyake, cold evening glow (winter).",,"Modern Japanese Haiku, Ueda","Descending a slope into the cold sunset, swinging the arms.",,,,,,,,,,,,,,,,,,,
Modern,蟻殺すわれを三人の子に見られぬ,"ari korosu
ware wo sannin no 
ko ni mirarenu","I kill an ant
and realize my three children
have been watching.",加藤楸邨,Katō Shūson,1905 - 1993,Summer,"蟻 【あり】 ari, ant (all summer).",,"Modern Japanese Haiku, Ueda",Killing an ant; caught in the act by three children—unexpected moral witness.,,,,,,,,,,,,,,,,,,,
Modern,屋上に見し朝焼のながからず,"okujō ni
mishi asayake no
nagakarazu ","From atop the roof
I gaze at the morning glow
that does not last long. ",加藤楸邨,Katō Shūson,1905 - 1993,Autumn,"朝焼 【あさやけ】 asayake, morning glow (all autumn).",,"Modern Japanese Haiku, Ueda",A rooftop dawn that didn't last long—the brief beauty of early morning.,,,,,,,,,,,,,,,,,,,
Modern,蟷螂に蟷螂のごとくわが手を立つ,"tōrō ni 
tōrō no gotoku
waga te wo tatsu","At a mantis
I brandish my hand--like
a mantis.",加藤楸邨,Katō Shūson,1905 - 1993,Autumn,"蟷螂 【かまきり】 kamakiri, praying mantis (all autumn).",,"Modern Japanese Haiku, Ueda",Raising a hand like a praying mantis—to face a praying mantis as an equal.,,,,,,,,,,,,,,,,,,,
Modern,火を消すや心崖なす月の前,"hi wo kesu ya
kokoro gake nasu
tsuki no mae","I put out the light.
In my heart a precipice
before the moon.",加藤楸邨,Katō Shūson,1905 - 1993,Autumn,"月 【つき】 tsuki, moon (mid autumn).",,"Modern Japanese Haiku, Ueda",The heart a cliff-face before the moon.,,,,,,,,,,,,,,,,,,,
Modern,灼け砂に果てにしものの形ただし,"yakezuna ni 
hatenishi mono no
katachi tadashi ","On the scorching sand
lies a lost life, with its shape
impeccably preserved. ",加藤楸邨,Katō Shūson,1905 - 1993,Summer,"灼け砂 【やけすな】 yake-suna, scorched sand (all summer).",,"Modern Japanese Haiku, Ueda",Something that ended on the scorched sand—its shape is still exact.,,,,,,,,,,,,,,,,,,,
Modern,雉子の眸のかうかうとして売られけり,"From the hydrangea’s
shade a pair of eyes watch:
as I look, nothing. ","A pheasant, with eyes
defiantly glaring,
is being sold. ",加藤楸邨,Katō Shūson,1905 - 1993,Spring,"雉子 【きじ】 kiji, pheasant (all spring).",,"Modern Japanese Haiku, Ueda",The pheasant's blazing eyes as it is sold—defiant life.,,,,,,,,,,,,,,,,,,,
Modern,紫陽花の蔭に目があり見ればなし,"ajisai no
kage ni me ga ari
mireba nashi","From the hydrangea’s
shade a pair of eyes watch:
as I look, nothing. ",加藤楸邨,Katō Shūson,1905 - 1993,Summer,"紫陽花 【あじさい】 ajisai, （あぢさゐ）, hydrangea (blossoms) [Hydrangea macrophylla] (mid summer).",,"Modern Japanese Haiku, Ueda",Eyes in the shadow of the hydrangea—only to find nothing there.,,,,,,,,,,,,,,,,,,,
Modern,寒雷や今は亡き目を負ひて生く,"kanrai ya
Ima wa naki me wo
oite iku","Thunder in midwinter:
the eyes of a dead friend
looking on, I live.",加藤楸邨,Katō Shūson,1905 - 1993,Winter,"寒雷 【かんらい】 kanrai, winter thunder (all winter).",,"Modern Japanese Haiku, Ueda",One of Shūson's most celebrated poems—living with the eyes of the now-dead.,,,,,,,,,,,,,,,,,,,
Modern,猫と生れ人間と生れ露に歩す,"neko to umare
nengen to umare
tsuyu ni hosu","She was born a cat
and I was born a man一
we walk in the dew.",加藤楸邨,Katō Shūson,1905 - 1993,Autumn,"露 【つゆ】 tsuyu, dew (mid autumn).",,"Modern Japanese Haiku, Ueda","Born a cat, born a human, all walking in autumn dew.",,,,,,,,,,,,,,,,,,,
Modern,霜夜子は泣く父母よりはるかなるものを呼ぶ,"shimoyo ko wa 
naku fubo yori harukanaru 
mono wo yobi","This frosty night a baby
cries, craving for something 
far more than its parents.",加藤楸邨,Katō Shūson,1905 - 1993,Winter,"霜夜 【しもよ】 shimoyo, frosty night (all winter).",,"Modern Japanese Haiku, Ueda",The baby's cry calling something beyond parents—the numinous.,,,,,,,,,,,,,,,,,,,
Modern,雪の中鴉のむくろ目をあけゑゐる,"yuki no naka 
karasu no mukuro 
me wo akeiru","Amid the snow 
lies the corpse of a crow 
with its eyes open.",加藤楸邨,Katō Shūson,1905 - 1993,Winter,"雪 【ゆき】 yuki, snow (all winter).",,"Modern Japanese Haiku, Ueda","A dead crow in the snow, eyes open—austere winter image.",,,,,,,,,,,,,,,,,,,
Modern,見つつ過ぐ秋風が松の傷吹くを,"mitsutsu sugu 
akikaze ga matsu no 
kizu fuku wo","Passing by, I see 
an autumnal wind blowing 
at a pine tree’s wound.",加藤楸邨,Katō Shūson,1905 - 1993,Autumn,"秋風 【あきかぜ】 akikaze, autumn breeze / autumn wind [carries with it the sound of rustling leaves] (all autumn).",,"Modern Japanese Haiku, Ueda",The autumn wind blowing the pine's wound—the tree's scar as mouth.,,,,,,,,,,,,,,,,,,,
Modern,落葉地にとどくや時間ゆるみけり,"ochiba chi ni 
todoku ya jikan 
yurumi-keri","A falling leaf:
the moment it reaches the ground
time slows down.",加藤楸邨,Katō Shūson,1905 - 1993,Autumn,"落葉 【おちば】 ochiba, fallen leaves (all autumn).",,"Modern Japanese Haiku, Ueda",The fallen leaf taking so long to land that time seems to slow.,,,,,,,,,,,,,,,,,,,
Modern,秋の風鶏の見るもの我に見えぬ,"aki no kaze 
tori no miru mono 
ware ni mienu","The wind of autumn一
a chicken gazes at something
I cannot see.",加藤楸邨,Katō Shūson,1905 - 1993,Autumn,"秋の風 【あきのかぜ】 aki no kaze, autumn wind (all autumn).",,"Modern Japanese Haiku, Ueda",The chicken sees something I cannot—multiple worlds in the autumn wind.,,,,,,,,,,,,,,,,,,,
Modern,柚子匂ふすぐそこ死に目ひらけば,"yuzu niou 
sugu soko no shi ni 
me hirakeba","The scent of citron 
as i open my eyes to death 
right beside me.",加藤楸邨,Katō Shūson,1905 - 1993,Autumn,"柚子 【ゆず】 yuzu, citron [a small citrus fruit, Citrus medica (late autumn).",,"Modern Japanese Haiku, Ueda",Yuzu fragrance; if the dying eyes open—the last sense.,,,,,,,,,,,,,,,,,,,
Modern,鮟鱇の骨までいててぶちきらる,"ankō no
hone made itete
buchikiraru","the anglerfish
split open
as if frozen to the bone",加藤楸邨,Katō Shūson,1905 - 1993,Winter,鮟鱇,起伏,momoko,"Anglerfish are ugly fish that live on the bottom of the ocean, you cut them while they are hanging",,,,,,,,,,,,,,,,,,,
Modern,春暮るる花なき庭の落花かな,"haru kururu
hana naki niwa no
rakka kana        ","spring comes to an end…
in a garden without flowers,
some fallen petals ",松本たかし,Matsumoto Takashi,1906 - 1956,Spring,"Spring dusk 
春の暮 haru no kure",,英訳 Saijiki,,,,,,,,,,,,,,,,,,,,
Modern,ひさびさの杖を手にして春めきし,"hisabisa no
tsue wo te ni shite
haru-mekishi","taking in hand 
my old walking stick
as spring grows vernal
",松本たかし,Matsumoto Takashi,1906 - 1956,Spring,"Vernal signs
春めくharu-meku
",,英訳 Saijiki,,,,,,,,,,,,,,,,,,,,
Modern,冬薔薇紅く咲かんと黒みもつ,"fuyu sōbi
akaku sakan to
kuromi motsu","winter rose
with enough black
to bloom with red",細見綾子,Hosomi Ayako,Hosomi Ayako,1907 - 1997,冬薔薇,雉子,momoko,,,,,,,,,,,,,,,,,,,,
Modern,,,,長谷川素逝,,1907―46,,,,,,,,,,,,,,,,,,,,,,,,
Modern,夏浅きゆうべの空のいろなりけり,"natsu asaki
yūbe no sora no
iro narikeri        ","slightly summery
the color of 
the dusk sky",安住敦,Azumi Atsushi,1907-1988,Summer,"夏めくnatsu meku 
Summery or summer-like
",,英訳saijiki,,,,,,,,,,,,,,,,,,,,5
Modern,夏あさきゆふべの空のいろなりけり,"natsu asaki
yube no sora no
iro nari keri","shallow summer
the evening sky
becomes colored",安住敦,Azumi Atsushi,1907-1988,Summer,"Shallow summer
夏浅し natsu asashi
",,英訳saijiki,,,,,,,,,,,,,,,,,,,,2
Modern,しぐるるや駅に西口東口,"shigururu ya
eki ni nishi-guchi
higashi-guchi","winter drizzle falling--
outside the train station's west enterence, 
east enterence ",安住敦,Azumi Atsushi,1907-1988,Winter,しぐる,古暦,momoko,,,,,,,,,,,,,,,,,,,,
Modern,花の冷えと花の重たさの下をゆく,"hana no hie to 
hana no omotasa no 
shita wo yuki","from blossom chill
darkness appeared
the lamp-lighter",篠原梵,Shinohara Bon,1910 - 1975,Spring,"Blossom chill
花冷 hana-bie
",風切,英訳saijiki,,,,,,,,,,,,,,,,,,,,
Modern,立春の米こぼれをり葛西橋,"risshun no
kome kobore-ori
kasai-bashi","beginning of spring
rice is spilt
on the Kasai Bridge
",石田波郷,Ishida Hakyō,1913 - 1969,Spring,Beginning of spring,,英訳saijiki,,,,,,,,,,,,,,,,,,,,
Modern,花冷の顔ばかりなり雲の中,"hana-bie no 
kao bakari nari 
kumo no naka        ","blossom chill
they are only faces 
in clouds",石田波郷,Ishida Hakyō,1913 - 1969,Spring,"花冷え 【はなびえ】 hanabie, (cherry) blossom chill [chilly late spring weather] (late spring).",,英訳saijiki,"In the flower chill, only faces visible in the clouds.",,,,,,,,,,,,,,,,,,,
Modern,檻の鷲さびしくなれば羽つかも,"ori no washi 
sabishiku nareba 
ha utsu mako","The caged eagle,
beginning to feel lonely, 
flaps his wings.",石田波郷,Ishida Hakyō,1913 - 1969,Autumn,"鷲 【わし】 washi, eagle (all autumn).",,"Modern Japanese Haiku, Ueda","A caged eagle—when lonely, it preens. Dignity in captivity.",,,,,,,,,,,,,,,,,,,
Modern,秋の暮業火となりて秬は燃ゆ,"aki no kure 
gōka to narite 
kibi wa moyu","Nightfall in autumn— 
turning into flames of hellfire, 
cornhusks burn.",石田波郷,Ishida Hakyō,1913 - 1969,Autumn,"秋の暮 【あきのくれ】 aki no kure, autumn dusk (all autumn).",,"Modern Japanese Haiku, Ueda","At autumn dusk, barley burns into hellfire.",,,,,,,,,,,,,,,,,,,
Modern,さくらの芽のはげしさ仰ぎ蹌めける,"sakura no me 
no hageshisa aogi 
yoromekeru","In the cherry tree’s buds 
an intense force; looking upward 
at them, I stagger.",石田波郷,Ishida Hakyō,1913 - 1969,Spring,"桜の芽 【さくらのめ】 sakura no me, cherry bud (early spring).",,"Modern Japanese Haiku, Ueda","Looking up at the fierce cherry buds, stumbling—overcome by the violence of spring.",,,,,,,,,,,,,,,,,,,
Modern,蟬の朝愛憎は悉く我に還る,"semi no asa 
aizō wa kotogotoshiku 
ware ni kaeru","Cicadas’ morning— 
all my loves and hatreds 
have come back to me.",石田波郷,Ishida Hakyō,1913 - 1969,Summer,"蝉 【せみ】 semi, cicada (late summer).",,"Modern Japanese Haiku, Ueda","On a cicada morning, all love and hatred return to the self.",,,,,,,,,,,,,,,,,,,
Modern,霜の道馬糞その他をうべなへり,"shimo no michi 
bafun sono ta wo 
ubenari","On the frosty road 
horse dung lies—I accept it, 
and everything else.",石田波郷,Ishida Hakyō,1913 - 1969,Winter,"霜の道 【しものみち】 shimo no michi, frosted road (mid winter).",,"Modern Japanese Haiku, Ueda",The frosted road accepts horse dung and everything else—equanimity.,,,,,,,,,,,,,,,,,,,
Modern,朝寒の市電兵馬と別れたり,"asa samu no 
shiden heiba to 
wakaretari","In the morning cold 
a streetcar begins to part 
from soldiers and horses.",石田波郷,Ishida Hakyō,1913 - 1969,Autumn,"朝寒 【あさざむ】 asazamu, morning cold (late autumn).",,"Modern Japanese Haiku, Ueda",A morning-cold street car; separating from a soldier going to war—wartime farewell.,,,,,,,,,,,,,,,,,,,
Modern,朝顔の紺の彼方の月日かな,"asagao no 
kon no kanata no 
tsukihi kana","The morning-glory—
far beyond its dark blue,
months and days to come.",石田波郷,Ishida Hakyō,1913 - 1969,Autumn,"朝顔 【あさがお】 asagao, morning glory (late summer/autumn).",,"Modern Japanese Haiku, Ueda",The deep blue of morning glory; time stretching beyond.,,,,,,,,,,,,,,,,,,,
Modern,貨車寒し百千の墓うちふるひ,"kasha samushi 
hyaku sen no haka 
uchifurui","Freight trains, cold. 
Hundreds and thousands of tombstones 
trembling with them.",石田波郷,Ishida Hakyō,1913 - 1969,Winter,"寒し 【さむし】 samushi, cold [of weather, air, and the like] (all winter).",,"Modern Japanese Haiku, Ueda",A freight car; hundreds of graves shaking in the cold—wartime displacement.,,,,,,,,,,,,,,,,,,,
Modern,蝶死にて流るる水を今も踰ゆ,"chō shinite 
nagaruru mizu wo 
ima mo koyu","The butterfly, now dead, 
floats across the flowing water 
once again.",石田波郷,Ishida Hakyō,1913 - 1969,Spring,"蝶 【ちょう】 chō, （てふ）, butterfly [the spring butterfly image is typically a cabbage white, white members of the family Pieridae; see also ""summer butterfly"", etc.] (all spring).",,"Modern Japanese Haiku, Ueda",A dead butterfly; still crossing the flowing water—life persisting after death.,,,,,,,,,,,,,,,,,,,
Modern,焼跡に透きとほりけり寒の水,"yakeato ni 
sukitōri keri 
kan no mizu","Amid the debris 
perfectly transparent 
midwinter water.",石田波郷,Ishida Hakyō,1913 - 1969,Winter,"寒の水 【かんのみず】 kan no mizu, cold-season water (mid winter).",,"Modern Japanese Haiku, Ueda",Cold water transparent in the bomb ruins—clarity after destruction.,,,,,,,,,,,,,,,,,,,
Modern,稲妻す妻の来し方我行く方,"inazuma su 
tsuma no koshi kata 
waga yuku kata","Lightning flashes 
where my wife has come from, 
whither I go.",石田波郷,Ishida Hakyō,1913 - 1969,Autumn,"稲妻 【いなずま】 inazuma, lightning (all autumn).",,"Modern Japanese Haiku, Ueda",Lightning: the direction my wife came from and I am going to.,,,,,,,,,,,,,,,,,,,
Modern,蛼赤しほのぼの熱の上るとき,"kōrogi akashi 
honobono netsu no 
agaru toki","A red cricket. 
My fever, glimmering, 
reaches a peak.",石田波郷,Ishida Hakyō,1913 - 1969,Autumn,"蛼 【こおろぎ】 kōrogi, cricket (all autumn).",,"Modern Japanese Haiku, Ueda",The cricket red; the fever rising—autumn insects and illness intertwined.,,,,,,,,,,,,,,,,,,,
Modern,栗咲く香血を喀く前もその後も,"kuri saku ka 
chi wo haku mae mo 
sono ato mo","
Chestnut blossoms were fragrant 
before I vomited blood— 
and they are still.",石田波郷,Ishida Hakyō,1913 - 1969,Summer,"栗の花 【くりのはな】 kuri no hana, chestnut blossom (early summer).",,"Modern Japanese Haiku, Ueda",The chestnut blooms before and after the poet coughs blood—life surrounding illness.,,,,,,,,,,,,,,,,,,,
Modern,麻薬うてば十三夜月遁走す,"mayaku uteba 
jūsanya-zuki 
tonsōsu","As the drug takes hold, 
the moon of the thirteenth night
scampers away from me.",石田波郷,Ishida Hakyō,1913 - 1969,Autumn,"十三夜 【じゅうさんや】 jūsanya, thirteenth night moon (mid autumn).",,"Modern Japanese Haiku, Ueda",Injected with narcotics; the thirteenth-night moon flees—hallucinatory beauty.,,,,,,,,,,,,,,,,,,,
Modern,春嵐屍は敢えて出でゆくも,"haru arashi 
kabane wa aete 
ide yuku mo","Spring storm— 
a corpse courageously 
leaves the hospital.",石田波郷,Ishida Hakyō,1913 - 1969,Spring,"春嵐 【はるあらし】 haruarashi, spring storm (all spring).",,"Modern Japanese Haiku, Ueda","In the spring storm, even a corpse dares to emerge—desperate vitality.",,,,,,,,,,,,,,,,,,,
Modern,力なく降る雪なればなぐさまず,"chikara naku 
furu yuki nareba 
nagusamazu","So languidly 
snowflakes fall, offering no 
consolation to me. ",石田波郷,Ishida Hakyō,1913 - 1969,Winter,"雪 【ゆき】 yuki, snow (all winter).",,"Modern Japanese Haiku, Ueda",Snow falling without force—no consolation in its weakness.,,,,,,,,,,,,,,,,,,,
Modern,雪はしづかにゆたかのはやし屍室,"yuki wa shizukani 
yutakani hayashi 
kabaneshitsu","It snows quietly, 
abundantly, and fast— 
a mortuary.",石田波郷,Ishida Hakyō,1913 - 1969,Winter,"雪 【ゆき】 yuki, snow (all winter).",,"Modern Japanese Haiku, Ueda",屍室 (shikabane shitsu) = morgue. Snow quiet and rich in the morgue.,,,,,,,,,,,,,,,,,,,
Modern,泉への道後れゆく安けさよ,"izumi e no 
michi okure yuku 
yasukesa yo","On the way towards 
the fountain I lag behind, 
and how calm I feel!",石田波郷,Ishida Hakyō,1913 - 1969,Summer,"泉 【いずみ】 izumi, spring / fountain (all summer).",,"Modern Japanese Haiku, Ueda",Falling behind on the path to the spring—ease in being last.,,,,,,,,,,,,,,,,,,,
Modern,百千の土管口あけ雪降れり,"hyaku sen no 
dokan kuchi ake 
yuki fureri","Hundreds and thousands 
of earthen pipes, with their mouths 
open, the snow falls.",石田波郷,Ishida Hakyō,1913 - 1969,Winter,"雪 【ゆき】 yuki, snow (all winter).",,"Modern Japanese Haiku, Ueda",Snow falling into thousands of open pipe mouths—surreal geometry of winter.,,,,,,,,,,,,,,,,,,,
Modern,起ち上らざるもの胸に萩起す,"tachiagarazaru 
mono mune ni 
hagi okosu","With something in my heart 
that will not stand up, I help 
the bush clover to stand up.",石田波郷,Ishida Hakyō,1913 - 1969,Autumn,"萩 【はぎ】 hagi, bush clover (mid autumn).",,"Modern Japanese Haiku, Ueda",Something in the chest that cannot rise—bush clover raised to meet it.,,,,,,,,,,,,,,,,,,,
Modern,白き手の病者ばかり落葉焚,"shiroki te no
byōsha bakari
ochiba-taki","all whites hands of
ill patiants 
above the pile of burning leaves
",石田波郷,Ishida Hakyō,1913 - 1969,Winter,落葉焚,惜命,,writen after the auther had surgery for tuberculosis,,,,,,,,,,,,,,,,,,,
Modern,春分の日なり雨なり草の上,"shunbun no
hi nari ame nari
kusa no ue","the vernal equinox
some sun, some rain
over the grass
",林翔,Hayashi Shō,1914 - 2009,spring,"Vernal equinox
春分 shunbun
",,英訳saijiki,,,,,,,,,,,,,,,,,,,,
Modern,,,,森澄雄,Mori Sumio,Mori Sumio,1919 - 2010,,,,,,,,,,,,,,,,,,,,,,,
Modern,人体冷えて東北白い花盛り,"jintai hiete 
touhoku shiroi 
Hanazakari","my body feels the chill
Tohoku covered in white
masses of flowers",金子兜太,Kaneko Tōta,1919 - present,Spring,"花盛り 【はなざかり】 hanazakari, flowers in full bloom (mid spring).",,http://www.haiku-hia.com/rireki_tohta_jp.html,"The human body cold; in the Tōhoku region, white flowers in full bloom—post-war alienation.",,,,,,,,,,,,,,,,,,"my body feels the chill
Tohoku covered in white　Dhugal J.Lindsay
masses of flowers",
Modern,蛾のまなこ赤光なれば海を戀う,"ga-no manako 
sekkou nareba 
umi-o kou","the moth's eyes
glow red, yes the ocean
is the place for me",金子兜太,Kaneko Tōta,1919 - present,Summer,"蛾 【が】 ga, moth (all summer).",,http://www.haiku-hia.com/rireki_tohta_jp.html,A moth's red-lit eye yearning for the sea.,,,,,,,,,,,,,,,,,,"the moth's eyes
glow red, yes the ocean
is the place for me",
Modern,彎曲し火傷し爆心地のマラソン,"wankyoku shi 
yakedo shi bakushinchi-no 
marason","over the once twisted 
and charred ground zero
a marathon",金子兜太,Kaneko Tōta,1919 - present,Summer,"炎熱 【えんねつ】 ennetsu, scorching heat (all summer).",,http://www.haiku-hia.com/rireki_tohta_jp.html,"Bent, burned, a marathon runner at the hypocenter—atomic bomb poem.",,,,,,,,,,,,,,,,,,"urned into a curve
turned into a blackened scar
hypocentre marathon",
Modern,梅咲いて庭中に青鮫が来ている,"ume saite 
niwajuh-ni aozame-ga 
kite iru","the plum in bloom
blue sharks have come right in
into the garden",金子兜太,Kaneko Tōta,1919 - present,Spring,"梅 【うめ】 ume, （sometimes むめ mume）, plum (blossoms) [technically, the ""Japanese apricot"", Prunus mume; but this has almost always been translated ""plum"" for literary purposes] (early spring).",,http://www.haiku-hia.com/rireki_tohta_jp.html,Plum blooming; a blue shark in the garden—surrealist intrusion of the oceanic.,,,,,,,,,,,,,,,,,,"the plum in bloom
blue sharks have come right in
into the garden",
Modern,おおかみに螢が一つ付いていた,"ookami-ni 
hotaru-ga hitotsu 
tsuite ita","on the wolf
a firefly
attached itself",金子兜太,Kaneko Tōta,1919 - present,Summer,"蛍 【ほたる】 hotaru, firefly (mid summer).",,http://www.haiku-hia.com/rireki_tohta_jp.html,A wolf with one firefly attached—the predator and the small light.,,,,,,,,,,,,,,,,,,"on the wolf
a firefly
attached itself",
Modern,手が長くだるし赤茶けた製鋼煙,"te ga nagaku 
darushi akachaketa
seikōen","Like an arm overstretched
and tired, reddish brow smoke
rising from a steel mill.",金子兜太,Kaneko Tōta,1919 - present,Autumn,"製鋼煙 【せいこうけむり】 seikō kemuri, steelworks smoke.",,"Modern Japanese Haiku, Ueda",Long slack hands; reddish-brown steelworks smoke—industrial exhaustion.,,,,,,,,,,,,,,,,,,,
Modern,なめくじり寂光を負ひ鶏のそば,"namekujiri 
jakkō wo oi
tori no soba","A slug
bathed in an ethereal glow
near a chicken",金子兜太,Kaneko Tōta,1919 - present,Summer,"なめくじり namekujiri, slug (all summer).",,"Modern Japanese Haiku, Ueda",A slug bearing the light of nirvana beside the chicken.,,,,,,,,,,,,,,,,,,Ueda,
Modern,中学生神語りおり雪積む藁,"chūgakusei 
kami katari ori 
yuki tsumu wara","High school boys
are talking of God, while the snow
keeps piling up on the ricks.",金子兜太,Kaneko Tōta,1919 - present,Winter,"雪 【ゆき】 yuki, snow (all winter).",,"Modern Japanese Haiku, Ueda",A student talks of God; snow accumulates on straw.,,,,,,,,,,,,,,,,,,Ueda,
Modern,死にし骨は海に捨つべし沢庵嚙む,"shinishi hone wa
umi ni sutsu beshi
takuan kamu","Dead bones
must be dumped into the sea!
I chew a piece of takuan.",金子兜太,Kaneko Tōta,1919 - present,Winter,"沢庵 【たくあん】 takuan, pickled daikon (all winter).",,"Modern Japanese Haiku, Ueda",Eating pickled daikon; the dead should be thrown to the sea—blunt mortality.,,,,,,,,,,,,,,,,,,,
Modern,墓地も焼跡蝉肉片のごと樹々に,"bochi mo
yakeato semi nikuhen no 
goto kigi ni","The graveyard is burnt too:
cicadas, like pieces of fleash
on the trees.",金子兜太,Kaneko Tōta,1919 - present,Summer,"蝉 【せみ】 semi, cicada (late summer).",,"Modern Japanese Haiku, Ueda",Cicadas like flesh-pieces on the trees; graveyard and bomb-site.,,,,,,,,,,,,,,,,,,"The graveyard is burnt too:
cicadas, like pieces of fleash
on the trees. Ueda",
Modern,崩れ煉瓦に蝶執着すここスラム,"kuzure renga ni
chō shūjakisu
koko suramu","Above the crumbled brick
a butterfly, its heart attached
here to the slums.",金子兜太,Kaneko Tōta,1919 - present,Spring,"蝶 【ちょう】 chō, （てふ）, butterfly [the spring butterfly image is typically a cabbage white, white members of the family Pieridae; see also ""summer butterfly"", etc.] (all spring).",,"Modern Japanese Haiku, Ueda",A butterfly obsessively clinging to rubble in a slum.,,,,,,,,,,,,,,,,,,"Above the crumbled brick
a butterfly, its heart attached
here to the slums. Ueda",
Modern,山には枯畑谷には思惟なくただ澄む水,"yama ni wa
karehata tani niwa shii naku 
tada sumu mizu","On the hill, a withered farm;
in the valley, no cogitation.
Clear water is all.",金子兜太,Kaneko Tōta,1919 - present,Summer,"澄む水 【すむみず】 sumu mizu, clear water (all summer).",,"Modern Japanese Haiku, Ueda","Mountain: withered fields. Valley: clear, thoughtless water.",,,,,,,,,,,,,,,,,,,
Modern,奴隷の自由という語寒卵皿に澄み,"dorei-no 
jiyū to iu go kantamago
sara ni sumi","A slave's freedom' –so says
the phrase: an egg in midwinter
serene on the plate.",金子兜太,Kaneko Tōta,1919 - present,Winter,"寒卵 【かんたまご】 kan-tamago, winter egg (all winter).",,"Modern Japanese Haiku, Ueda",Slave freedom as empty language; a cold egg clear on a plate.,,,,,,,,,,,,,,,,,,,
Modern,異質のごと新しき松かさ草に正座,"ishitsu no goto 
atarashiki matsukasa
kusa ni seiza","Like something totally
alien, a fresh pine cone
sits upright on the grass.",金子兜太,Kaneko Tōta,1919 - present,Autumn,"松かさ 【まつかさ】 matsukasa, pine cone (all autumn).",,"Modern Japanese Haiku, Ueda","A new pine cone in the grass, sitting formally—as if alien to its surroundings.",,,,,,,,,,,,,,,,,,,
Modern,蜉蝣むらがる橋燈に来て影を得る,"kagerō muragaru
kyōtō ni kite
kage wo uru","Ephemerae swarming
At a bridge lamp— I arrive
And gain a shadow.",金子兜太,Kaneko Tōta,1919 - present,Summer,"蜉蝣 【かげろう】 kagerō, mayfly (all summer).",,"Modern Japanese Haiku, Ueda",Mayflies clustering around the bridge lamp; finally gaining a shadow.,,,,,,,,,,,,,,,,,,,
Modern,あまたの街角街娼争い蜜柑乾く,"amata no machikado 
gaishō arasoi 
mikan kawaku","Factory dismissing the workers—
it vomits cloudy autumn water
into the canal.",金子兜太,Kaneko Tōta,1919 - present,Winter,"蜜柑 【みかん】 mikan, mikan / mandarin orange [fruit of the Citrus reticulata] (all winter).",,"Modern Japanese Haiku, Ueda","At many street corners, prostitutes fight; a mandarin dries out.",,,,,,,,,,,,,,,,,,,
Modern,群に入る目高素早く幸福に,"mure ni iru
medaka subayaku
kōfuku ni","It joins a group—
a killfish, swiftly
and happily.",金子兜太,Kaneko Tōta,1919 - present,Summer,"目高 【めだか】 medaka, killifish (all summer).",,"Modern Japanese Haiku, Ueda",A killifish darting into the school—quick happiness.,,,,,,,,,,,,,,,,,,,
Modern,平和おそれるや夏の石石炭蓆かぶり,"heiwa osoreru ya
natsu no sekitan
mushiro kaburi","Is it afraid
Of peace? Coal in summertime
Covered with straw mats.",金子兜太,Kaneko Tōta,1919 - present,Summer,"夏 【なつ】 natsu, summer.",,"Modern Japanese Haiku, Ueda",Fearing peace; summer stones in a coal basket.,,,,,,,,,,,,,,,,,,,
Modern,首切る工場秋雲の水を運河に吐き,"kubi kiru kōba
shūdon no mizu wo
unga ni haki","Factory dismissing the workers—
it vomits cloudy autumn water
into the canal.",金子兜太,Kaneko Tōta,1919 - present,Autumn,"秋雲 【あきぐも】 akigumo, autumn clouds (all autumn).",,"Modern Japanese Haiku, Ueda",A factory spitting water into a canal under autumn clouds.,,,,,,,,,,,,,,,,,,,
Modern,白い人影はるばる田をゆく消えぬために,"shiroi hitokage 
harubaru ta wo yuku
kienu tame ni","A white human figure
far, far away, walks on the farm
in order not to fade.",金子兜太,Kaneko Tōta,1919 - present,Summer,"白き人影 【しろきひとかげ】 shiroki hitokage, white human figure (summer).",,"Modern Japanese Haiku, Ueda",A white figure moving far away across the fields—not to disappear.,,,,,,,,,,,,,,,,,,,
Modern,ガット下にはりつく反吐が冬の華,"gādo shita ni
haritsuku hedo ga
fuyu no hana","Under the girders of the bridge
vomit is stuck, blooming
as winter's blossoms.",金子兜太,Kaneko Tōta,1919 - present,Winter,"冬 【ふゆ】 fuyu, winter.",,"Modern Japanese Haiku, Ueda",Clinging to the gut beneath—the winter's flower.,,,,,,,,,,,,,,,,,,,
Modern,激論つくし街ゆきオートバイと化す,"gekiron 
tsukushi machi yuki 
ōtobai to kasu","After a heated argument
I go out to the street 
and become a motorcycle.",金子兜太,Kaneko Tōta,1919 - present,Summer,"オートバイ ōtobai, motorcycle.",,"Modern Japanese Haiku, Ueda","After fierce debate, transforming into a motorcycle in the street.",,,,,,,,,,,,,,,,,,,
Modern,どれも口美し晩夏のジャズ一団,"dore mo kuchi 
utsukushi banka no
jazu ichidan","Every one of the mouths
is beautiful—late in summer
a jazz group. ",金子兜太,Kaneko Tōta,1919 - present,Summer,"晩夏 【ばんか】 banka, late summer (late summer).",,"Modern Japanese Haiku, Ueda",Every mouth beautiful in a late-summer jazz band.,,,,,,,,,,,,,,,,,,,
Modern,銀行員等朝より螢光す烏賊のごとく ,"ginkoin-ra 
asa yori keikō su 
ika no-gotoku","bank clerks
from the morning glowing
fluorescent as squid",金子兜太,Kaneko Tōta,1919 - present,Summer,"螢光 【けいこう】 keikō, fluorescent light (summer).",,"Modern Japanese Haiku, Ueda",Bank employees fluorescent since morning like squid—sardonic image of white-collar labor.,,,,,,,,,,,,,,,,,,,
Modern,強し青年干潟に玉葱腐る日も,"tsuyoshi seinen
higata ni tamanegi
kusaru hi mo","Strong are the youngsters
even on a day when onions
rot at the dry beach",金子兜太,Kaneko Tōta,1919 - present,Summer,"玉葱腐る 【たまねぎくさる】 tamanegi kusaru, onion rotting (summer).",,"Modern Japanese Haiku, Ueda",A strong young man; onions rotting on the tidal flat—youth and decay.,,,,,,,,,,,,,,,,,,,
Modern,鉛筆の遺書ならば忘れ易からむ ,,,林田紀音夫 ,Hayashi Kineo,1924—1998,no-season,(no fixed kigo — jiyūritsu/free verse),,『増殖する俳句歳時記』,"鉛筆の遺書 (enpitsu no isho) = a pencil suicide note. A pencil note is easily forgotten — dark, laconic.",,,,,,,,,,,,,,,,,,,
Modern,黄の青の赤の雨傘誰から死ぬ ,,,林田紀音夫 ,Hayashi Kineo,1924—1998,Spring,"雨傘 【あまがさ】 amagasa, umbrella (rainy season/spring).",,『増殖する俳句歳時記』,"Yellow, blue, red umbrellas — who dies first?",,,,,,,,,,,,,,,,,,,
Modern,ピアノは音のくらがり髪に星を沈め ,,,林田紀音夫 ,Hayashi Kineo,1924—1998,no-season,(no fixed kigo — jiyūritsu/free verse),,『増殖する俳句歳時記』,ピアノは音のくらがり (piano wa oto no kuragari) = the piano is a darkness of sound. The piano as dark abyss of sound; stars sink into hair.,,,,,,,,,,,,,,,,,,,
Modern,春の雪誰かに電話したくなり ,"haru no yuki
dare ka ni denwa 
Shitakunari","spring snow
makes me want to
call someone",桂米朝,Katsura Beichō,1925—2015,Spring,"春の雪 【はるのゆき】 haru no yuki, spring snow (early spring).",,『増殖する俳句歳時記』,Spring snow; the sudden urge to call someone.,,,,,,,,,,,,,,,,,,,
Modern,うちの子でない子がいてる昼寝覚め ,"uchi no ko 
denai ko ga iteru
Hironezame","waking from a nap
there is a kid
not from our family ",桂米朝,Katsura Beichō,1925—2015,Summer,"昼寝 【ひるね】 hirune, midday nap / siesta (all summer).",,『増殖する俳句歳時記』,Waking from a nap to find an unfamiliar child—quiet uncanny.,,,,,,,,,,,,,,,,,,,
Modern,矢車の音に角力の初日かな ,"yaguruma no
oto ni kakuryoku no
hatsuhi kana","to the sound of 
an arrow cart, amateur sumo
first day:  ",桂米朝,Katsura Beichō,1925—2015,New Year,"矢車 【やぐるま】 yaguruma, arrow-wheel / pinwheel (New Year).",,『増殖する俳句歳時記』,Pinwheel sound; sumo's opening day—New Year festivity.,,,,,,,,,,,,,,,,,,,
Modern,春分のおどけ雀と目覚めけり,"shunbun no
odoke suzume to
me-zame keri","awakening with
the comical sparrows
of the vernal equinox",星野 麥丘人,Hoshino Bakukyūjin,1925 - 2013,spring,"Vernal equinox
春分 shunbun
",,英訳saijiki,,,,,,,,,,,,,,,,,,,,
Modern,顔泛けるごと春分の京にをり                ,"kao ukeru
goto shunbun no
kyo ni ori","flitting across every 
face, vernal equinox
in Kyoto",岡井 省二,Okai Shōji,1925 - 2001,spring,"Vernal equinox
春分 shunbun
",,英訳saijiki,,,,,,,,,,,,,,,,,,,,
Modern,臍の緒を家のどこかに春惜しむ ,,,矢島渚男 ,Jima Nagisao,1935—,Spring,"春惜しむ 【はるおしむ】 haru oshimu, lamenting the passing of spring (late spring).",,『増殖する俳句歳時記』,"臍の緒 (heso no o) = umbilical cord. The umbilical cord kept somewhere in the house—spring passing, attachment to origin.",,,,,,,,,,,,,,,,,,,
Modern,白葱のひかりの棒をいま刻む,"shironegi no
hikari no bō wo
ima kizamu","the glow of
the long white onion
marks this moment ",黒田 杏子,Momoko Kuroda,1938 -,winter ,"白葱 【しろねぎ】 shironegi, white leek (all winter).",木の椅子,Momoko,光の棒をいま刻む (hikari no bō wo ima kizamu) = now cutting a rod of light. The white leek—a rod of light being cut now.,,,,,,,,,,,,,,,,,,,
Modern,薔薇咲くや生涯に割る皿の数 ,"bara saku ya
shōgai ni waru
sara no kazu","roses bloom
the number of plates
broken over a lifetime",藤田直子,Fujita Naoko,1950—,Summer,"薔薇 【ばら】 bara, rose (summer).",,『増殖する俳句歳時記』,Roses blooming; how many plates will a life break.,,,,,,,,,,,,,,,,,,,
Modern,九官鳥同士は無口うららけし ,"kyūkanchō
dōshi wa muguchi
Urarakeshi","myna  birds have 
nothing to say to each other
in the bright spring",望月周,Mochizuki Shū,1965—,Spring,"麗か 【うららか】 uraraka, bright (and clear) / splendid [of weather] (all spring).",,『増殖する俳句歳時記』,,,,,,,,,,,,,,,,,,,,
Modern,"人間の智慧ゆらゆらと誘蛾燈
","ningen no
chie yurayura to
yūgatō","Man's wisdom
flickers, flickers—
a light trap.",,,,Summer,"誘蛾燈 【ゆうがとう】 yūgatō, （いうがとう）, insect light-trap / moth lantern (late summer).",,,Human wisdom swaying in the moth-trap light.,,,,,,,,,,,,,,,,,,,
Modern,肉白き病体に世もかすみたる ,"niku shiroki 
byōtai ni yo mo 
kasumitaru ",,飯田龍太,Iida Ryūta,,Spring,"霞 【かすみ】 kasumi, (spring) mist [frequently translated ""haze""; see note ""On Haze, Mist, Fog""] (all spring).",,etext.lib.virginia.edu,The white body ill; the world seen through spring mist—dissolution.,,,,,,,,,,,,,,,,,,"flesh white
in my sick body too
the world is misty (UVA) 
",
Modern,春の山重りゆきて富士となる,"haru no yama
kasanari yukite
fuji to naru","spring mountains
piled one on the other
then Mt. Fuji",大橋越央子,Ohashi Etsuoshi,,Spring,Spring mountain,,英訳 Saijiki,,,,,,,,,,,,,,,,,,,,
Modern,馬借りてかはるがはるに霞みけり ,"uma karite 
kawarugawaru ni 
kasumikeri ",,蓼太,Ryōta,,Spring, mist,,etext.lib.virginia.edu,Passing through the mist on a borrowed horse in turn.,,,,,,,,,,,,,,,,,,"taking turns
on a borrowed horse
mist-shrouded  (UVA)",
Modern,口あけて顔のなくなる燕の子 ,"kuchi akete
kao no nakunaru
suzume no ko","swallow chicks
their faces disappear
when they open their beaks  ",大串若竹 ,,,Summer,"燕の子 【つばめのこ】 tsubame no ko, baby swallow (all summer).",,『増殖する俳句歳時記』,"A baby swallow opening its beak—its face gone, all mouth.",,,,,,,,,,,,,,,,,,,
Modern,ハイヒール山に突き刺し夏に入る ,"haihiiru
yama ni tsukisashi
natsu ni hairu","high heels 
jab into the mountain
entering summer",加納綾子 ,かのう あやこ ,,Summer,"夏に入る 【なつにいる】 natsu ni iru, entering summer (early summer).",,,"High heels plunged into the mountain, entering summer.",,,,,,,,,,,,,,,,,,,
Modern,夏浅きまだ水張らず湖畔の田,"natsu asashi
mada mizu harazu
kohan no ta","shallow summer
not yet watered
lakeside rice patty",三輪清舟,Miwa Seishu,,summer,"Shallow summer
夏浅し natsu asashi
",,英訳saijiki,,,,,,,,,,,,,,,,,,,,4
Modern,昨日漉きし紙春分の日を過ごす,"kino sukishi
kami shunbun no
hi wo sugosu","passing the day
of the vernal equinox with 
paper made yesterday 
",,,,spring,"Vernal equinox
春分 shunbun
",,英訳saijiki,,,,,,,,,,,,,,,,,,,,
Modern,夏浅き草花店や種も売る,"natsu asaki
kusa-bana mise ya
tane mo uru","the arboretum
in shallow summerー
seed are also for sale",中村楽天,Nakamura Rakuten,1865 - 1939,Summer,夏浅し natsu asashi,,,,,,,,,,,,,,,,,,,,,,3
Modern,初夏のこの森に蝶のおびただし,"shoka no kono
mori ni cho no
obitadashi","early summer
in these woods butterflies
are abundant",高橋馬相,Takahashi Baso,,Summer,初夏 shoka,,,,,,,,,,,,,,,,,,,,,,2
Modern,我とともに老いたる牛や麦の秋,"ware to tomo ni
oi taru ushi ya
mugi no aki","togeather with me
this ox has grown old-
wheat's autumn",久保田九品太,Kubota Kuhonta,,Summer,麦の秋 mugi no aki,,,,,,,,,,,,,,,,,,,,,,4
Modern,夏の日や薄苔つける木々の枝,"natsu no hi ya
usu-goke tsukeru
kigi no eda","summer daysー
tree boughs covered
with a thin layer of moss",芥川龍之介,Akutagawa Ryunosuke,1892―1927,Summer,夏の日　natsu no hi,,,,,,,,,,,,,,,,,,,,,,2
Modern,夏の日を或る児は泣いてばかりかな,"natsu no hi wo
aru ko wa naite
bakari kana","one a summer day
a child cries
incessantly:",中村汀女,Nakamura Teijo,1900 - 1988,Summer,夏の日　natsu no hi,,,,,,,,,,,,,,,,,,,,,,3
Modern,堅きまで乾きしタオル夏日にほふ,"kataki made
kawakishi taoru
natsu-bi niou","so dried they stiffen
towels
fragrant with the summer sun",篠原梵,Shinohara Bon,1910 - 1975,Summer,夏の日　natsu no hi,,,,,,,,,,,,,,,,,,,,,,4
Modern,夏の夜の湖白し松の間,"natsu no yo no
mizuumi shiroshi
matsu no ai","summer night
the lake is white
between the pines",佐藤紅禄,Sato Koroku,,Summer,夏の夜 natsu no yo,,,,,,,,,,,,,,,,,,,,,,3
Modern,月の輪をゆり去る舟や夜半の夏,"tsuki no wa wo
yuri saru fune ya
yowa no natsu","from the moon’s corona
the boat drifts awayー
summer midnight",杉田久女,Sugita Hisajo,1890 - 1946,Summer,夏の夜 natsu no yo,,,,,,,,,,,,,,,,,,,,,,4
Modern,みじか夜の浮藻うごかす小蝦かな,"mijika yo no
uki mo ugokasu
ko ebi kana","a short night
floating duckweed stirs
a small shrimp.",松瀬清々,Matsuse Seisei,1869 - 1937,Summer,短夜 mijika yo,,,,,,,,,,,,,,,,,,,,,,1
Modern,明けやすき欅にしるす生死かな,"ake yasiki
keyaki ni shirusu
shoji kana","quick to dawn
on a zelkova tree marked
life and death
This poem was written in 1940 after an American air raid on Tokyo.  The poet's house and the surrounding neighborhood were completely demolished, so the poet carved a message in the tree to tell anyone who might come looking for him before seeking shelter.",加藤楸邨,Kato Shuson,1905 - 1993,Summer,短夜 mijika yo,,,,,,,,,,,,,,,,,,,,,,2
Modern,鹿の子の人慕ひ来てためらへり,"Shika no ko no
hito shitai kite
tamerae ri","A fawn
came following a man,
and hesitated.",永田青嵐,Nagata Seiran,1876 - 1943,Summer,鹿の子 Kanoko — Fawn [Summer Dobutsu],,,,,,,,,,,,,,,,,,,,,,2
Modern,芽楓の雨をさむがる鹿の子かな,"Me kaede no
ame wo samugaru
kanoko kana","A budding maple’s
rain makes the fawn
shiver.",吉田冬葉,Yoshida Toyo,1892－1956,Summer,鹿の子 Kanoko — Fawn [Summer Dobutsu],,,,,,,,,,,,,,,,,,,,,,3
Modern,苑日々に草深うなる鹿の子かな,"Sono hibi ni
kusa fuko naru
kanoko kana","The park each day
deeper in grasses,
fawns.",日野草城,Hino Sojo,1901 - 1956,Summer,鹿の子 Kanoko — Fawn [Summer Dobutsu],,,,,,,,,,,,,,,,,,,,,,4
Modern,金の月へ遠き蝙蝠とんで消ゆ,"Kin no tsuki e
toki komori
tonde kiyu","All the way to
a golden moon, the bat
flew and faded.",原石鼎,Hara Sekitei,1886―1951,Summer,蝙蝠 Komori — Bat [Summer Dobutsu],,,,,,,,,,,,,,,,,,,,,,4
Modern,河鹿鳴いて石ころ多き小川かな,"Kajika naite
ishikoro oki
ogawa kana","River frogs sing —
a many-pebbled
little brook.",正岡子規,Masaoka Shiki,1864―1902,Summer,河鹿 Kajika — River Frog [Summer Dobutsu],,,,,,,,,,,,,,,,,,,,,,1
Modern,眦を波にしづめし河鹿かな,"Manajiri wo
nami ni shizumeshi
kajika kana","The tail of its eye
sunk under a wave,
river frog.",阿波野青畝,Awano Seiho,1899―1992,Summer,河鹿 Kajika — River Frog [Summer Dobutsu],,,,,,,,,,,,,,,,,,,,,,2
Modern,河鹿の声の水を流るる昼餉かな,"Kajika no koe no
mizu wo nagaruru
hiruge kana","Where river frog
voices flow over the water,
eat lunch.",臼田亜浪,Usuda Aro,1879 - 1951,Summer,河鹿 Kajika — River Frog [Summer Dobutsu],,,,,,,,,,,,,,,,,,,,,,3
Modern,河鹿鳴く我一塊の岩となり,"Kajika naku
ware ikkon no
iwa to nari","A river frog cries —
and I turn into
a boulder.",福田蓼汀,Fukuda Ryotei,1905 - 1988,Summer,河鹿 Kajika — River Frog [Summer Dobutsu],,,,,,,,,,,,,,,,,,,,,,4
Modern,老鶯や青嶺折々雲の上,"Ro-o ya
seirei oriori
kumo no ue","An old warbler —
green peaks sometimes appear
above the clouds.",徳永冬子,Tokunaga Santeshi,,Summer,老鶯 Oi uguisu — Old Bush Warbler [Summer Dobutsu],,,,,,,,,,,,,,,,,,,,,,2
Modern,老鶯や珠のごとくに一湖あり,"Ro-o ya
tama no gotoku ni
ikke ari","An old warbler —
and a lake there,
like a jewel.",富安風生,Tomiyasu Fusei,1885 – 1979,Summer,老鶯 Oi uguisu — Old Bush Warbler [Summer Dobutsu],,,,,,,,,,,,,,,,,,,,,,3
Modern,老鶯や出湯のあまりが谷に落つ,"Ro-o ya
deyu no amari ga
tani ni otsu","Old warbler —
the excess of the hot spring
falls into valley.",秋元不死男,Akimoto Fujio,1901 - 1977,Summer,老鶯 Oi uguisu — Old Bush Warbler [Summer Dobutsu],,,,,,,,,,,,,,,,,,,,,,4
Modern,芦原の中に家あり行々子,"Ashihara no
naka ni ie ari
gyogyoshi","In the middle
of a reed plain, a house —
reed warblers.",正岡子規,Masaoka Shiki,1864―1902,Summer,葦切 Yoshikiri — Reed Warbler [Summer Dobutsu],,,,,,,,,,,,,,,,,,,,,,2
Modern,信濃川は分流多し行々子,"Shinanogawa wa
bunryu oshi
gyogyoshi","Shinano river
has many tributaries —
reed warblers.",大谷句仏,Otani Kubutsu,1875 - 1943,Summer,葦切 Yoshikiri — Reed Warbler [Summer Dobutsu],,,,,,,,,,,,,,,,,,,,,,3
Modern,葦切のをちの鋭声朝曇り,"Yoshikiri no
ochi no eisei
asa gumori","A reed warbler’s
distant, shrill voice —
morning cloudiness.",水原秋桜子,Mizuhara Shuoshi,1892 - 1981,Summer,葦切 Yoshikiri — Reed Warbler [Summer Dobutsu],,,,,,,,,,,,,,,,,,,,,,4
Modern,翡翠とぶその四五秒の天地かな,"Hisui tobu
sono shigo byo no
tenchi kana","A kingfisher flies —
those four, five seconds
of a world.",加藤秋邨,Kato Shuuson,1905 - 1993,Summer,翡翠 Kawasemi — Kingfisher [Summer Dobutsu],,,,,,,,,,,,,,,,,,,,,,4
Modern,山の色釣りあげし鮎に動くかな,"Yama no iro
tsuri ageshi ayu ni
ugoku kana","The mountain’s colour
on the hooked ayu
moves.",原石鼎,Hara Sekitei,1886―1951,Summer,鮎 Ayu — Sweet-Fish [Summer Dobutsu],,,,,,,,,,,,,,,,,,,,,,2
Modern,鮎釣の腰を真白に水たぎつ,"Ayutsuri no
koshi wo mashiro ni
mizu tagitsu","On the ayu fisherman’s
hips, pure white
water foams.",木津柳芽,Kizu Ryuga,,Summer,鮎 Ayu — Sweet-Fish [Summer Dobutsu],,,,,,,,,,,,,,,,,,,,,,3
Modern,上流は曲りて見えず鮎の川,"Joryu wa
magarite miezu
ayu no kawa","Upstream, with the bend, not in sight —
ayu river.",山口波津女,Yamaguchi Hatsujo,1907 - 1969,Summer,鮎 Ayu — Sweet-Fish [Summer Dobutsu],,,,,,,,,,,,,,,,,,,,,,4
Modern,底を行く金魚に動く真砂かな,"Soko wo yuku
kingyo ni ugoku
masago kana","Going along the bottom,
the goldfish stirs
the white sand.",岡本松浜,Okamoto Shohin,,Summer,金魚 Kingyo — Goldfish [Summer Dobutsu],,,,,,,,,,,,,,,,,,,,,,1
Modern,生涯の今の心や金魚見る,"Shogai no
ima no kokoro ya
kingyo miru","Of a lifetime,
the heart of now;
look at goldfish.",高浜虚子,Takahama Kyoshi,1874―1959,Summer,金魚 Kingyo — Goldfish [Summer Dobutsu],,,,,,,,,,,,,,,,,,,,,,2
Modern,女たちおしゃべり金魚浮き沈み,"Onna tachi
oshaberi kingyo
uki shizumi","The ladies
prattle, goldfish
float and sink.",山口青邨,Yamaguchi Seison,1892―1988,Summer,金魚 Kingyo — Goldfish [Summer Dobutsu],,,,,,,,,,,,,,,,,,,,,,3
Modern,しだり尾の錦ぞ動く金魚かな,"Shidari o no
nishiki zo ugoku
kingyo kana","The drooping
tail’s brocade moves —
goldfish.",河東碧梧桐,Kawahigashi Hekigodo,1873―1937,Summer,金魚 Kingyo — Goldfish [Summer Dobutsu],,,,,,,,,,,,,,,,,,,,,,4
Modern,滝落ちて群青世界とどろけり,"Taki ochite gunjo sekai
todorokeri",The waterfall flows —,水原秋桜子,Mizuhara Shuoshi,1892 - 1981,Summer,滝 Taki,,,"a dark-green world
vibrates
At Nachi waterfall; gunjo is one of the basic colours in Japanese painting. The dark green world is that of the cedar trees that surround the falls.",,,,,,,,,,,,,,,,,,,2
Modern,滝の上に水現われて落ちにけり,"Taki no ue ni
mizu arawarete
ochi ni keri",Over the waterfall,後藤夜半,Goto Yahen,1895 - 1976,Summer,滝 Taki,,,"the water appears
then falls.",,,,,,,,,,,,,,,,,,,3
Modern,半ばより煙の如く滝落つる,"Nakaba yori
kemuri no gotoku
taki otsuru","Half-way down,",星野立子,Hoshino Tatsuko,1903－1984,Summer,滝 Taki,,,"like smoke —
the waterfall falls.",,,,,,,,,,,,,,,,,,,4
Modern,夏山の大木倒す谺かな,"Natsu yama no
taiboku taosu
kodama kana","Summer mountain —
a huge tree being felled,
the echoes.",内藤鳴雪,Nato Meisetsu,1847 - 1926,Summer,夏の山 Natsu no yama — Summer Mountain [Summer Kigo],,,,,,,,,,,,,,,,,,,,,,3
Modern,夏山の樵たのもしく思はずや,"Natsu yama no
kikori tanomoshiku
omowazu ya","A summer mountain’s
lumberjack — lucky,
don’t you think?",飯田蛇笏,Iida Dakotsu,1885―1962,Summer,夏の山 Natsu no yama — Summer Mountain [Summer Kigo],,,,,,,,,,,,,,,,,,,,,,4
Modern,青野ゆき馬は片眼に人を見る,"Ao no yuki
uma wa kata me ni
hito wo miru","Going the green field,
the horse with one eye
looks at you.",山口誓子,Yamaguchi Seishi,1901 - 1994,Summer,夏野  Natsuno  [Summer / Chiri],,,,,,,,,,,,,,,,,,,,,,2
Modern,汽車一刻青野より乗り青野に降る,"Kisha ikkoku
ao no yori nori
ao no ni oriru","Short train ride —
I got on in green fields,
off to green fields.",川島彷徨子,Kawashima Hokoshi,,Summer,夏野  Natsuno  [Summer / Chiri],,,,,,,,,,,,,,,,,,,,,,3
Modern,朝霞の小松はなれし夏野かな,"Asa moya no
komatsu hanareshi
natsu no kana","The morning haze
has left the little pines,
summer fields.",久保より江,Kubo Yorie,,Summer,夏野  Natsuno  [Summer / Chiri],,,,,,,,,,,,,,,,,,,,,,4
Modern,夏川の美しき村又訪はん,"Natsu gawa no
utsukushiki mura
mata towan","A village with
a beautiful summer river —
must come again.",高野素十,Takano Suju,1893-1976,Summer,夏の川  Natsu no kawa  [Summer / Chiri],,,,,,,,,,,,,,,,,,,,,,4
Modern,刻々と真珠は育つ夏の海,"Kokokuhuto
shinju wa sodatsu
natsu no umi","Each moment
the pearls grow —
summer ocean.",松尾いわほ,Matsuo Iwaho,,Summer,夏の海  Natsu no umi  [Summer / Chiri],,,,,,,,,,,,,,,,,,,,,,3
Modern,夏浪を桶にす尚も揺よこぼるる,"Natsu nami wo
oke ni su nao mo
yure koboruru","Summer waves
scooped in a bucket, still
sway and spill.",藤井秩之介,Fujii Tatsunosuke,,Summer,夏の海  Natsu no umi  [Summer / Chiri],,,,,,,,,,,,,,,,,,,,,,4
Modern,夕風の鷺吹き飛ばす青田かな,"Yukage no
sagi fukitobasu
aota kana","The dusk wind
sends herons flying,
green ricefields.",正岡子規,Masaoka Shiki,1864―1902,Summer,青田  Aota  [Summer / Chiri],,,,,,,,,,,,,,,,,,,,,,4
Modern,広き葉のかさなり映る泉かな,"Hiroki ha no
kasanari utsuru
izumi kana","Broad leaves
reflect in layers —
a spring.",吉岡禅寺洞,Yoshioka Zenjido,1889 - 1961,Summer,泉  Izumi  [Summer / Chiri],,,,,,,,,,,,,,,,,,,,,,3
Modern,其底に木葉散ふる清水かな,"Sono soko ni
konoha toshifuru
shimizu kana","At the bottom,
tree leaves spend the years —
pure water.",正岡子規,Masaoka Shiki,1864―1902,Summer,清水  Shimizu  [Summer / Chiri],,,,,,,,,,,,,,,,,,,,,,3
Modern,五月富士水車は高き水玉を,"Satsuki Fuji
suisha wa takaki
mizudama wo","Fifth month Fuji —
the water-wheel throws up
its sprays.",内田暮情,Uchida Bojo,,Summer,五月富士  Satsuki Fuji  [Summer / Chiri],,,,,,,,,,,,,,,,,,,,,,2
Modern,展望の一舟一鷹五月富士,"Tenbo no
isshu ichien
satsuki Fuji","From the look-out,
one boat, one black kite —
Fifth month Fuji.",富安風生,Tomiyasu Fusee,1885 – 1979,Summer,五月富士  Satsuki Fuji  [Summer / Chiri],,,,,,,,,,,,,,,,,,,,,,3
Modern,立つ鷺にあらわれてをり五月富士,"Tatsu sagi ni
arawarete ori
Satsuki Fuji","By a standing heron
appeared —
Fifth month Fuji.",深川正一郎,Fukagawa Shoichiro,,Summer,五月富士  Satsuki Fuji  [Summer / Chiri],,,,,,,,,,,,,,,,,,,,,,4
Modern,大雨に濁りかへせし植田哉,"Oame ni
nigori kaeseshi
ueta kana","With a downpour
their muddiness returned,
planted ricefields.",青木月斗,Aoki Getto,1879 - 1949,Summer,植田  Ueta  [Summer / Chiri],,,,,,,,,,,,,,,,,,,,,,4
Modern,更衣爪はするどき山の鳥,"Koromogae
tsume wa surudoki
yama no tori","Change of garments —
their claws are sharp,
the mountain bird.",大峯あきら,Omine Akira,1929 - 2018,Summer,更衣  Koromogae  [Summer / Jinji],,,,,,,,,,,,,,,,,,,,,,3
Modern,人にややおくれて衣更へにけり,"Hito ni yaya
okurete koromo
kae ni keri","Somewhat later
than others, I changed
my garments.",高橋淡路女,Takahashi Awajijo,1890 - 1955,Summer,更衣  Koromogae  [Summer / Jinji],,,,,,,,,,,,,,,,,,,,,,4
Modern,羅をゆるやかに着て崩れざる,"Usumono wo
yuruyaka ni kite
kuzurezaru","A thin silk
kimono worn casually,
her propriety.",松本たかし,Matsumoto Takashi,1906 - 1956,Summer,羅  Usumono  [Summer / Jinji],,,,,,,,,,,,,,,,,,,,,,2
Modern,羅に汗さへ見せぬ女かな,"Usumono ni
ase sao misenu
onna kana","In thin silk
no sign of sweat
does the woman show.",高浜年尾,Takahama Toshio,1900 - 1979,Summer,羅  Usumono  [Summer / Jinji],,,,,,,,,,,,,,,,,,,,,,3
Modern,爽かな汗へ上着る浴衣かな,"Sawayakana
ase no ue kiru
yukata kana","On fresh sweat,
put on
a yukata.",野村喜舟,Nomura Kishuu,1886-1983,Summer,浴衣  Yukata  [Summer / Jinji],,,,,,,,,,,,,,,,,,,,,,1
Modern,月影のふところにさす浴衣かな,"Tsukikage no
futokoro ni sasu
yukata kana","Moonlight
falls on the chest —
yukata.",田中王城,Tanaka Ojo,,Summer,浴衣  Yukata  [Summer / Jinji],,,,,,,,,,,,,,,,,,,,,,2
Modern,雑巾となるまではわが浴衣,"Zokin to naru made wa waga
furu yukata","Till it's reduced
to a floor rag, my
old yukata.",加藤秋邨,Kato Shuuson,1905 - 1993,Summer,浴衣  Yukata  [Summer / Jinji],,,,,,,,,,,,,,,,,,,,,,3
Modern,浴衣あたらしく夜の川漕ぎくだる,"Yukata atarashiku
yoru no kawa
kogi kudaru","New yukatas —
going down
the night river.",大野林火,Ono Rinka,1904-1982,Summer,浴衣  Yukata  [Summer / Jinji],,,,,,,,,,,,,,,,,,,,,,4
Modern,夏帽や今年銀座に柳無し,"Natsuba ya
kotoshi Ginza ni
yanagi nashi","Summer hats —
this year on the Ginza,
no willows.",島田青峰,Shimada Seiho,1892 - 1944,Summer,夏帽子  Natsuboshi  [Summer / Jinji],,,,,,,,,,,,,,,,,,,,,,2
Modern,夏帽の日を照り返す渚かな,"Natsubo no
hi wo teri kaesu
nagisa kana","Summer hats —
on a strand that
reflects the sun.",水原秋桜子,Mizuhara Shuoshi,1892 - 1981,Summer,夏帽子  Natsuboshi  [Summer / Jinji],,,,,,,,,,,,,,,,,,,,,,3
Modern,麦藁帽たたよふ海の紺のなか,"Mugiwarabo
tadayou umi no
kon no naka","A wheat straw hat
floats, on the ocean's
deep blue.",角川源義,Kadokawa Genyoshi,1917 - 1975,Summer,夏帽子  Natsuboshi  [Summer / Jinji],,,,,,,,,,,,,,,,,,,,,,4
Modern,カンカン帽ゆゑに目に立つ頬骨なる,"Kankambo
yue ni me ni tatsu
hobone naru","A hard straw hat —
and so, prominent,
the cheek bones.",篠原梵,Shinohara Bon,1910 - 1975,Summer,夏帽子  Natsuboshi  [Summer / Jinji],,,,,,,,,,,,,,,,,,,,,,5
Modern,匙なめて童たのしも夏氷,"Saji namete
warabe tanoshi mo
natsu gori","Licking their spoons,
happy children!
summer ice.",山口誓子,Yamaguchi Seishi,1901 - 1994,Summer,氷水  Korimizu  [Summer / Jinji],,,,,,,,,,,,,,,,,,,,,,1
Modern,日焼顔見合ひてうまし氷水,"Hiyakegao
miaite umashi
kori mizu","Sunburnt faces
across the table, delicious!
shaved ice.",水原秋桜子,Mizuhara Shuoshi,1892 - 1981,Summer,氷水  Korimizu  [Summer / Jinji],,,,,,,,,,,,,,,,,,,,,,2
Modern,水捨る音の夜深し氷店,"Mizu suteru
oto no yo fukashi
kori mise","The sound of water
being thrown out, late at night —
ice shop.",増田龍雨,Masuda Ryuu,,Summer,氷水  Korimizu  [Summer / Jinji],,,,,,,,,,,,,,,,,,,,,,3
Modern,氷店より見てゐたる人通り,"Kori mise
yori mite itaru
hito dori","From the ice shop,
I watch the people
passing by.",上野泰,Ueno Yasushi,1918 - 1973,Summer,氷水  Korimizu  [Summer / Jinji],,,,,,,,,,,,,,,,,,,,,,4
Modern,船のぞく望遠鏡おく夏座敷,"Fune nozoku
tomigane oku
natsu zashiki","To look at boats
a telescope placed —
summer parlour.",山口青邨,Yamaguchi Seison,1892―1988,Summer,夏座敷  Natsuzashiki  [Summer / Jinji],,,,,,,,,,,,,,,,,,,,,,4
Modern,松風や池の月見るたかむしろ,"Matsu kaze ya
ike no tsuki miru
takamushiro","A pine-tree wind —
look at the pond's moon,
from a bamboo mat.",酒葉露人,Sakaba Aijin,,Summer,簟  Takamushiro  [Summer / Jinji],,,,,,,,,,,,,,,,,,,,,,3
Modern,転寝の目に横雲や簟,"Utatane no
me ni yokogumo ya
takamushiro","In the dozing
eyes, a bank of clouds —
bamboo mat.",赤木格堂,Akagi Kakudo,,Summer,簟  Takamushiro  [Summer / Jinji],,,,,,,,,,,,,,,,,,,,,,4
Modern,二つ吊し簾の透間花柘榴,"Futatsu tsuri shi
sudare no sukima
hana zakuro","Two blinds hung up,
and from between them,
pomegranate flowers.",高浜虚子,Takahama Kyoshi,1874―1959,Summer,簾  Sudare  [Summer / Jinji],,,,,,,,,,,,,,,,,,,,,,1
Modern,簾おろし天の橋立うすくなる,"Sudare oroshi
Ama no Hashidate
usuku naru","The blinds rolled down,
Ama no Hashidate
became faint.
Ama no Hashidate: one of the 3 most scenic landscapes of Japan, in Tango north of Kyoto. It is a thin strip of land covered with pine trees, that projects into the bay.",山口青邨,Yamaguchi Seison,1892―1988,Summer,簾  Sudare  [Summer / Jinji],,,,,,,,,,,,,,,,,,,,,,2
Modern,世の中を美しと見し簾かな,"Yo no naka wo
utsukushito mishi
sudare kana","This world
looked beautiful,
through the blinds.",上野泰,Ueno Yasushi,1918 - 1973,Summer,簾  Sudare  [Summer / Jinji],,,,,,,,,,,,,,,,,,,,,,3
Modern,青簾むかしむかしのはなしかな,"Ao sudare
mukashi mukashi no
hanashi kana","Green blinds —
talk of long,
long ago.",久保田万太郎,Kubota Mantaro,1889―1963,Summer,簾  Sudare  [Summer / Jinji],,,,,,,,,,,,,,,,,,,,,,4
Modern,鏡にも手のあと白し天瓜粉,"Kagami ni mo
te no ato shiroshi
tenkafun","On the mirror, too,
the hand-print white;
talcum powder.",岡本松浜,Okamoto Shohin,,Summer,天瓜粉  Tenkafun  [Summer / Jinji],,,,,,,,,,,,,,,,,,,,,,1
Modern,小さき子人形にうち粉天瓜粉,"Chiisaki ko
ningyo ni uchimu
tenkafun","Little child,
she put some on her doll,
talcum powder.",青木月斗,Aoki Getto,1879 - 1949,Summer,天瓜粉  Tenkafun  [Summer / Jinji],,,,,,,,,,,,,,,,,,,,,,2
Modern,みめよくてにくらしき子や天瓜粉,"Mime yokute
nikurashiki ko ya
tenkafun","Nice looking,
but a detestable child!
Talcum powder.",飯田蛇笏,Iida Dakotsu,1885―1962,Summer,天瓜粉  Tenkafun  [Summer / Jinji],,,,,,,,,,,,,,,,,,,,,,3
Modern,天瓜粉月下の風にはげにけり,"Tenkafun
gekka no kaze ni
hage ni keri","Talcum powder;
in the moonlight breeze,
it wore off.",高田蝶衣,Takada Choi,1886 - 1930,Summer,天瓜粉  Tenkafun  [Summer / Jinji],,,,,,,,,,,,,,,,,,,,,,4
Modern,月影の蚊帳にひらめく団扇かな,"Tsukikage no
kaya ni hirameku
uchiwa kana","Moonlight
flutters in the mosquito net,
a round fan.",高田蝶衣,Takeda Choi,1886 - 1930,Summer,団扇  Uchiwa  [Summer / Jinji],,,,,,,,,,,,,,,,,,,,,,3
Modern,風鈴に何処へも行かず暑しけり,"Furin ni
doko e mo yukazu
kuwashi keri","By a windbell,
without going out,
I spent the day.",高橋淡路女,Takahashi Awajijo,1890 - 1955,Summer,風鈴  Furin  [Summer / Jinji],,,,,,,,,,,,,,,,,,,,,,2
Modern,月さして風鈴の影生いけり,"Tsuki sashite
furin no kage
umare keri","The moon shone,
a windbell's shadow
was born.",清崎敏郎,Kiyosaki Toshio,1922 - 1999,Summer,風鈴  Furin  [Summer / Jinji],,,,,,,,,,,,,,,,,,,,,,3
Modern,風鈴や水面に残る風のあと,"Furin ya
minamo ni nokoru
kaze no ato","A windbell —
on the water surface,
a trace of the wind.",水谷碧霞,Mizutani Saiko,,Summer,風鈴  Furin  [Summer / Jinji],,,,,,,,,,,,,,,,,,,,,,4
Modern,走馬灯はじめなければ終りなし,"Somato
hajime nakereba
owari nashi","Revolving lamp —
without a beginning
or end.",岸風三楼,Nishi Fusanro,1910 - 1982,Summer,走馬灯  Somato  [Summer / Jinji],,,,,,,,,,,,,,,,,,,,,,2
Modern,先の影後の影追ふ走馬灯,"Saki no kage
ato no kage ou
somato","The shadow in front
chases the shadow behind,
revolving lamp.",近藤一鴻,Kondo Ikko,,Summer,走馬灯  Somato  [Summer / Jinji],,,,,,,,,,,,,,,,,,,,,,3
Modern,影を売るごと走馬灯売る男,"Kage wo uru
goto somato
uru otoko","Like selling shadows,
the man who sells
revolving lamps.",有馬朗人,Arima Rojin,1930 - 2020,Summer,走馬灯  Somato  [Summer / Jinji],,,,,,,,,,,,,,,,,,,,,,4
Modern,虫干や蔵の虫入に松の風,"Mushi boshi ya
kura no deiri ni
matsu no kaze","Insect airing —
going in and out the storehouse,
a pine-tree wind.",松根東洋城,Matsune Toyojo,1878 - 1964,Summer,虫干  Mushiboshi  [Summer / Jinji],,,,,,,,,,,,,,,,,,,,,,3
Modern,幕張て能の衣裳や土用干,"Maku shatte
no no isho ya
doyo boshi","A curtain put up,
Noh garments —
being aired.",安藤橡面坊,Ando Tochumenbo,,Summer,虫干  Mushiboshi  [Summer / Jinji],,,,,,,,,,,,,,,,,,,,,,4
Modern,田を植ゑししづかな音へ出でにけり,"Ta wo ueshi
shizukana oto e
ide ni keri","To the quiet
sounds of planting rice,
I went out.",中村草田男,Nakamura Kusatao,1901‐1983,Summer,田植  Taue  [Summer / Jinji],,,,,,,,,,,,,,,,,,,,,,4
Modern,草刈女霞がのびきてつつみけり,"Kusa kari me
moya ga nobikite
tsutsumi keri","Grass cutter —
the haze reached and
enclosed her.",西山白雲,Nishiyama Hakuun,,Summer,草刈  Kusa kari  [Summer / Jinji],,,,,,,,,,,,,,,,,,,,,,1
Modern,草刈や日出でぬ間を刈り急ぐ,"Kusa kari ya
hi idenu aida wo
kari isagu","Grass-cutting —
hurry, before the sun
comes out!",五島雉子郎,Goto Kujiro,,Summer,草刈  Kusa kari  [Summer / Jinji],,,,,,,,,,,,,,,,,,,,,,2
Modern,草刈るや萩に沈める紺法被,"Kusa karu ya
hagi ni shizumeru
kon happi","Cutting grass —
into bush clover sinks
a blue work-coat.",杉田久女,Sugita Hisajo,1890 - 1946,Summer,草刈  Kusa kari  [Summer / Jinji],,,,,,,,,,,,,,,,,,,,,,3
Modern,草刈女さゆらぐ笠は鎌返り,"Kusa kari me
sa yuragu kasa wa
kama togeri","Grass-cutter —
her swaying hat,
sharpens a sickle.",林翔,Hayashi Sho,1914 - 2009,Summer,草刈  Kusa kari  [Summer / Jinji],,,,,,,,,,,,,,,,,,,,,,4
Modern,鰻簗木曽の夜汽車の照らし過ぐ,"Unagi-yana
Kiso no yagisha no
terashi sugu","Eel weir;
Kiso's night train
lights it and goes.",大野林火,Ono Rinka,1904-1982,Summer,魚簗  Yana  [Summer / Jinji],,,,,,,,,,,,,,,,,,,,,,1
Modern,簗守の影あらふなり簗しぶき,"Yana-mori no
kage arau nari
yana shibuki","The weir guardian's
shadow they wash,
weir sprays.",堀口星眠,Horiguchi Seimin,1923 - 2016,Summer,魚簗  Yana  [Summer / Jinji],,,,,,,,,,,,,,,,,,,,,,2
Modern,大簗のとどろきに住む山家かな,"O yana no
todoroki ni sumu
sanka kana","By a giant weir's
thundering, to dwell,
mountain house.",橋本鶏二,Hashimoto Keiji,1907 - 1997,Summer,魚簗  Yana  [Summer / Jinji],,,,,,,,,,,,,,,,,,,,,,3
Modern,簗にゐてあめつち水の音となる,"Yana ni ite
ametsuchi mizu no
oto to naru","At a fish weir
heaven and earth are just
water sounds.",佐野良太,Sano Ryota,,Summer,魚簗  Yana  [Summer / Jinji],,,,,,,,,,,,,,,,,,,,,,4
Modern,雪洞を吹き消す風や涼み台,"Bonbori wo
fuki-kesu kaze ya
suzumi-dai","The hand-lantern,
blown out by a breeze —
platform for cooling.",赤木格堂,Akagi Kakudo,,Summer,納涼  Suzumi  [Summer / Jinji],,,,,,,,,,,,,,,,,,,,,,4
Modern,遠花火音して何もなかりけり,"To hanabi
otoshite nani mo
nakari keri","Distant fireworks —
only sounds,
nothing else.",河東碧梧桐,Kawahigashi Hekigodo,1873―1937,Summer,花火  Hanabi  [Summer / Jinji],,,,,,,,,,,,,,,,,,,,,,4
Modern,夏まけとかくしがたなくやつれけり,"Natsu make to
kakushigata naku
yatsure keri","Lost to summer,
no hiding it —
so haggard.",松本たかし,Matsumoto Takashi,1906 - 1956,Summer,夏痩  Natsu yase  [Summer / Jinji],,,,,,,,,,,,,,,,,,,,,,3
Modern,夏痩や頬も色どらず束ね髪,"Natsu yase ya
ho mo irodorazu
tabane gami","Summer thinness —
cheeks without colour,
bundled hair.",杉田久女,Sugita Hisajo,1890 - 1946,Summer,夏痩  Natsu yase  [Summer / Jinji],,,,,,,,,,,,,,,,,,,,,,4
Modern,旅の空矢車鳴りて端午なり,"Tabi no sora
yaguruma narite
tango nari","While traveling, the sky
resounds with arrow-wheels —
it's tango.",及川貞,Oikawa Tei,1899 - 1993,Summer,端午  Tango  [Summer / Jinji],,,,,,,,,,,,,,,,,,,,,,2
Modern,雨がちに端午ちかづく父子かな,"Ame gachi ni
tango chikazuku
oyako kana","Rain seems imminent
as tango approaches;
father and son.",石田波郷,Ishida Hakyo,1913 - 1969,Summer,端午  Tango  [Summer / Jinji],,,,,,,,,,,,,,,,,,,,,,3
Modern,端午なほ深山ざくらは雲に咲く,"Tango nao
miyama zakura wa
kumo ni saku","Tango, and still
some deep mountain cherry flowers
bloom in clouds.",中村月三,Nakamura Gessan,,Summer,端午  Tango  [Summer / Jinji],,,,,,,,,,,,,,,,,,,,,,4
Modern,風吹けば来るや隣の鯉幟,"Kaze fukeba
kuru ya tonari no
koi nobori","When the wind blows,
they come! the neighbor's
carp banners.",高浜虚子,Takahama Kyoshi,1874―1959,Summer,鯉幟  Koinobori  [Summer / Jinji],,,,,,,,,,,,,,,,,,,,,,1
Modern,鯉幟風に折れ又風に伸ぶ,"Koi nobori
kaze ni ore mata
kaze ni nobu","Carp banners —
they fold, then stretch
in the wind.",山口誓子,Yamaguchi Seishi,1901 - 1994,Summer,鯉幟  Koinobori  [Summer / Jinji],,,,,,,,,,,,,,,,,,,,,,2
Modern,町変り人も変りし鯉のぼり,"Machi kawari
hito mo kawari shi
koi nobori","The town has changed,
people, too, changed —
carp banners.",百合山羽公,Yuriyama Uko,1904 - 1991,Summer,鯉幟  Koinobori  [Summer / Jinji],,,,,,,,,,,,,,,,,,,,,,3
Modern,鯉幟下ろすときだけ庭狭し,"Koi nobori
orosu toki dake
niwa semashi","Carp banners —
when brought down,
the garden is small.",後藤比奈夫,Goto Hinao,1917 - 2020,Summer,鯉幟  Koinobori  [Summer / Jinji],,,,,,,,,,,,,,,,,,,,,,4
Modern,神田川祭の中をながれけり,"Kanda-gawa
matsuri no naka wo
nagare keri","Kanda river —
through the center of the festival,
it flowed.",久保田万太郎,Kubota Mantaro,1889―1963,Summer,祭  Matsuri  [Summer / Jinji],,,,,,,,,,,,,,,,,,,,,,2
Modern,祭囃子目高の水に流れくる,"Matsuri-bayashi
medaka no mizu ni
nagare kuru","Festival music
comes flowing to
killifish' water.",増田龍雨,Masuda Ryuu,,Summer,祭  Matsuri  [Summer / Jinji],,,,,,,,,,,,,,,,,,,,,,3
Modern,さかづきに映る祭の燈ものみほす,"Sakazuki ni
utsuru matsuri no
hi mo nomi hosu","The festival lamp
reflected in the wine cup,
drunk up.",篠原梵,Shinohara Bon,1910 - 1975,Summer,祭  Matsuri  [Summer / Jinji],,,,,,,,,,,,,,,,,,,,,,4
Modern,祇園会や錦の上に京の月,"Gion e ya
nishiki no ue ni
kyo no tsuki","Gion festival —
above the brocade,
the capital's moon.",正岡子規,Masaoka Shiki,1864―1902,Summer,祇園会  Gione  [Summer / Jinji],,,,,,,,,,,,,,,,,,,,,,3
Modern,祇園会や古き錦に汗の玉,"Gion e ya
furuki nishiki ni
ase no tama","Gion festival —
on old brocade,
beads of sweat.",松瀬青々,Matsuse Seisei,1869 - 1937,Summer,祇園会  Gione  [Summer / Jinji],,,,,,,,,,,,,,,,,,,,,,4
Modern,青茅輪あざやかに野の匂いして,"Ao chino wa
azayakani no no
nioi shite","Green lalong wreath —
vivid with the fragrance
of fields.",平畑静塔,Hirahata Seito,1905 - 1997,Summer,夏越  Nagoshi  [Summer / Jinji],,,,,,,,,,,,,,,,,,,,,,3
Modern,形代や今こそ掌より川波へ,"Kata shiro ya
ima koso te yori
kawanami e","Paper-doll image —
just now left the hand,
in river waves.",松根東洋城,Matsune Toyojo,1878 - 1964,Summer,夏越  Nagoshi  [Summer / Jinji],,,,,,,,,,,,,,,,,,,,,,4
Modern,金魚玉天神祭映りそむ,"Kingyo dama
Tenjin matsuri
utsuri somu","Goldfish bowl;
the Tenjin festival
begins to reflect.",後藤夜半,Goto Yaban,1895 - 1976,Summer,金魚玉  Kingyodama  [Summer / Jinji],,,,,,,,,,,,,,,,,,,,,,1
Modern,金魚玉夜の軽雷に汗ばめり,"Kingyo dama
yo no keirai ni
ase bameri","Goldfish bowl —
with night's light thunder,
some sweat beads.",大野林火,Ono Rinka,1904-1982,Summer,金魚玉  Kingyodama  [Summer / Jinji],,,,,,,,,,,,,,,,,,,,,,2
Modern,金魚玉かがやき昼寝人さめず,"Kingyo dame
kagayaki hirune
bito samezu","The goldfish bowl
shines — the napper
doesn't wake up.",清原枚童,Kiyohara Kaido,,Summer,金魚玉  Kingyodama  [Summer / Jinji],,,,,,,,,,,,,,,,,,,,,,3
Modern,金魚玉眺めてメロン食ふことも,"Kingyo dama
nagamete meron
ku koto mo","A goldfish bowl
to look at, a melon
to eat, too.",加藤かけい,Kato Kakei,,Summer,金魚玉  Kingyodama  [Summer / Jinji],,,,,,,,,,,,,,,,,,,,,,4
Modern,彼一語我一語新茶淹れながら,"Kare ichigo
ware ichigo
shincha
ire nagara","He — a word,
I — a word, while making
new tea.",高浜虚子,Takahama Kyoshi,1874―1959,Summer,新茶  Shincha  [Summer / Jinji],,,,,,,,,,,,,,,,,,,,,,3
Modern,わが碗にをさめしづく新茶くむ,"Waga wan ni
osameshi shizuku
shincha kumu","Into my teacup
the drops settle,
pouring new tea.",皆吉爽雨,Minayashi Sou,1902 - 1983,Summer,新茶  Shincha  [Summer / Jinji],,,,,,,,,,,,,,,,,,,,,,4
Modern,一筋の糸引出すや繭躍る,"Hito suji no
ito hikidasu ya
mayu odoru","A single line
of thread being drawn —
the cocoon dances.",澤木欣一,Sawaki Kinichi,1919 - 2001,Summer,繭  Mayu  [Summer / Jinji],,,,,,,,,,,,,,,,,,,,,,2
Modern,母がもぐ白繭黄繭露の中,"Haha ga mogu
shiro mayu ki mayu
tsuyu no naka","Mother picks
white, yellow cocoons,
in the dew.",石原八束,Ishibara Yatsuka,1919 - 1998,Summer,繭  Mayu  [Summer / Jinji],,,,,,,,,,,,,,,,,,,,,,3
Modern,悉く繭となりたる静けさよ,"Kotogotoku
mayu to naritaru
shizukesa yo","Each and every one
turned into cocoons,
how quiet!",高野素十,Takano Suju,1893-1976,Summer,繭  Mayu  [Summer / Jinji],,,,,,,,,,,,,,,,,,,,,,4
Modern,疲れ鵜の細きうなじを並べけり,"Tsukare u no
hosoki unaji wo
narabekeri","Tired cormorants —
their thin napes
in a row.",長谷川素逝,Hasegawa Sosei,1907―46,Summer,鵜飼  Ukai  [Summer / Jinji],,,,,,,,,,,,,,,,,,,,,,4
Modern,行水の女にほれる烏かな,"Gyozui no
onna ni horeru
karasu kana","The tub-bathing
lady, he's fallen for —
Mr. Crow.",高浜虚子,Takahama Kyoshi,1874―1959,Summer,行水  Gyozui  [Summer / Jinji],,,,,,,,,,,,,,,,,,,,,,1
Modern,行水や月に吹かるるあばら骨,"Gyozui ya
tsuki ni fukaruru
abara bone","Tub-bath —
in moonlight being blown,
the ribs.",臼田亜浪,Usuda Rio,1879 - 1951,Summer,行水  Gyozui  [Summer / Jinji],,,,,,,,,,,,,,,,,,,,,,2
Modern,行水や暮れしゆく松の深みどり,"Gyozui ya
kure yuku matsu no
fuka midori","Tub-bath —
as dusk falls, the pine's
deep green.",金尾梅の門,Kaneo Umenokado,1900 - 1978,Summer,行水  Gyozui  [Summer / Jinji],,,,,,,,,,,,,,,,,,,,,,3
Modern,行水や児がつかみをる瓜の蔓,"Gyozui ya
ko ga tsukami oru
uri no tsuru","Tub-bath —
the child is clutching
a melon vine.",大森桐明,Omori Domei,,Summer,行水  Gyozui  [Summer / Jinji],,,,,,,,,,,,,,,,,,,,,,4
Modern,ひとりづつ座を外しくる端居かな,"Hitori zutsu
za wo hazushi kuru
hashi-i kana","One by one
they leave their seats, come
to sit on the veranda.",苑子,Enshi,,Summer,端居  Hashi-i  [Summer / Jinji],,,,,,,,,,,,,,,,,,,,,,2
Modern,端居よりこぼれてをり芝に坐し,"Hashi-i yori
i koborete ori
shiba ni zashi","From the veranda,
they spilled down,
sat on the turf.",後藤夜半,Goto Yahan,1895 - 1976,Summer,端居  Hashi-i  [Summer / Jinji],,,,,,,,,,,,,,,,,,,,,,3
Modern,端居して明日逢ふ人を思ひをり,"Hashi-i shite
asu au hito wo
omoi ori","Sitting on the veranda,
I think of the person
I'll see tomorrow.",星野立子,Hoshino Tatsuko,1903－1984,Summer,端居  Hashi-i  [Summer / Jinji],,,,,,,,,,,,,,,,,,,,,,4
Modern,早乙女や泥手にはさむ額髪,"Saotome ya
doro te ni hasamu
hitaigami","Rice-planting girl —
between muddy fingers,
a forelock.",村上鬼城,Murakami Kijo,1865-1938,Summer,早乙女  Saotome  [Summer / Jinji],,,,,,,,,,,,,,,,,,,,,,4
Modern,峯入の老いてそのこる美男眉,"Mine iri no
oite mo nokoru
biman mayyu","He enters the peak —
aging, but still
handsome eyebrows.",及川貞,Oikawa Tei,1899 - 1993,Summer,峯入  Mine iri  [Summer / Shukyo],,,,,,,,,,,,,,,,,,,,,,4
Modern,大空の下あるき来て花御堂,"Ozora no
shita aruki kite
hana mido","Walked under
the great sky — to the
flowery pavilion.",吉岡禅寺洞,Yoshioka Zenjido,1889 - 1961,Summer,仏生会  Busshoe  [Spring / Shukyo],,,,,,,,,,,,,,,,,,,,,,4
Modern,初鰹　聞きおよんだる　ばかりなり,"Hatsugatsuo
kiki oyondaru
bakari nari","The first bonito —
so far I've just
heard it.",岡野知十,Okano Chiju,1860 - 1932,Summer,初鰹 Hatsugatsuo — First Bonito,,,,,,,,,,,,,,,,,,,,,,4
Modern,夏虫や昼は美咲く　水ぼとり,"Natsu mushi ya
hiru wa hishi saku
mizubotori","Summer insects —
in daytime, where water
chestnuts bloom.",小杉余子,Kosugi Yoshi,1888 - 1961,Summer,夏の虫 Natsu no mushi — Summer Insects [Summer / Dobutsu],,,,,,,,,,,,,,,,,,,,,,4
Modern,火取虫　外に出ている　宵の人,"Hitori mushi
soto ni dete iru
yoi no hito","Light-drawn insects —
people are all out
this evening.",尾崎紅葉,Ozaki Koyo,1868 - 1903,Summer,"火取虫 Hitori mushi — Light-Drawn Insects, Moths [Summer / Dobutsu]",,,,,,,,,,,,,,,,,,,,,,3
Modern,はためくをやめて　あゆみ入る　火取虫,"Hatameku wo
yamete ayumiru
hitori mushi","They've stopped
fluttering, and walk now —
light-drawn insects.",軽部烏豆子,Karube Utashi,,Summer,"火取虫 Hitori mushi — Light-Drawn Insects, Moths [Summer / Dobutsu]",,,,,,,,,,,,,,,,,,,,,,4
Modern,毛虫いま　駱駝の瘤のごと急ぐ,"Kemushi ima
rakuda no kobu no
goto isogu","The caterpillar now,
with a camel's hump,
hurries.",野見山朱鳥,Nomiyama Shuccho,,Summer,毛虫 Kemushi — Caterpillar [Summer / Dobutsu],,,,,,,,,,,,,,,,,,,,,,3
Modern,毛虫もいま　みどりの餌を終へ　歩みそむ,"Kemushi no ima
midori no ge wo oe
ayumisommu","The caterpillar too,
done with a green meal,
starts to walk.",中村草田男,Nakamura Kusatao,1901‐1983,Summer,毛虫 Kemushi — Caterpillar [Summer / Dobutsu],,,,,,,,,,,,,,,,,,,,,,4
Modern,唖蝉も　鳴きをはりたる　さまをせり,"Oshi zemi mo
naki owari taru
sama wo seri","A dumb cicada, too,
made as though it just
finished a song.",加藤楸邨,Kato Shuson,1905 - 1993,Summer,蝉 Semi — Cicada [Summer / Dobutsu],,,,,,,,,,,,,,,,,,,,,,4
Modern,風わずかに　石の上なる　蝉の殻,"Kaze wazuka ni
ishi no ue naru
semi no kara","The wind slight,
on a rock,
a cicada shell.",高野素十,Takano Suju,1893-1976,Summer,空蝉 Utsusemi — Cicada Shell [Summer / Dobutsu],,,,,,,,,,,,,,,,,,,,,,3
Modern,空蝉の　目に見るものを　おそれけり,"Utsusemi no
me ni miru mono wo
osore keri","Cicada shell —
it frightened those
who saw it.",平井照敏,Hirai Shobin,,Summer,空蝉 Utsusemi — Cicada Shell [Summer / Dobutsu],,,,,,,,,,,,,,,,,,,,,,4
Modern,炎天や　瓦をすべる　兜虫,"Enten ya
kawara wo suberu
kabuto mushi","A blazing sky —
from roof tiles slips
a beetle.",室生犀星,Muro Saisei,1889 - 1962,Summer,兜虫 Kabutomushi — Beetle [Summer / Dobutsu],,,,,,,,,,,,,,,,,,,,,,1
Modern,ひっぱられ　糸　まっすぐや　兜虫,"Hipparaneru
ito massugu ya
kabuto mushi","The string being pulled,
perfectly straight —
a beetle.",高野素十,Takano Suju,1893-1976,Summer,兜虫 Kabutomushi — Beetle [Summer / Dobutsu],,,,,,,,,,,,,,,,,,,,,,2
Modern,縛されて　意力光る　兜虫,"Bakusaute
nenriki hikaru
kabuto mushi","Harnessed,
his will power gleams —
the beetle.",秋元不死男,Akimoto Fujio,1901 - 1977,Summer,兜虫 Kabutomushi — Beetle [Summer / Dobutsu],,,,,,,,,,,,,,,,,,,,,,3
Modern,夜の山の　あをさ　動かす　兜虫,"Yo no yama no
aosa ugokasu
kabuto mushi","The night mountain's green
stirs —
beetles.",福田甲子雄,Fukuda Kaneo,,Summer,兜虫 Kabutomushi — Beetle [Summer / Dobutsu],,,,,,,,,,,,,,,,,,,,,,4
Modern,一つ追ひ　をれば　二つに　夜の蠅,"Hitotsu oi
toreba futatsu ni
yoru no hae","Chasing one,
now there are two —
nighttime flies.",久保田万太郎,Kubota Mantaro,1889―1963,Summer,蠅 Hae — Flies [Summer / Dobutsu],,,,,,,,,,,,,,,,,,,,,,4
Modern,叩かれて　昼の蚊を吐く　木魚かな,"Takakarete
hiru no ka wo haku
mokugyo kana","When struck, out came
a daytime mosquito —
sutra drum.",夏目漱石,Natsume Soseki,1867 - 1916,Summer,蚊 Ka — Mosquito [Summer / Dobutsu],,,,,,,,,,,,,,,,,,,,,,4
Modern,塵取にすこしかかりて　蟻の道,"Chiritori ni
sukoshi kakarite
ari no michi","On the dust-pan
a part of it lies —
the road of ants.",大橋桜坡子,Ohashi Ohashi,,Summer,蟻 Ari — Ants [Summer / Dobutsu],,,,,,,,,,,,,,,,,,,,,,2
Modern,二階まで　蟻　のぼりきて　午後ふかし,"Nikai made
ari nobori kite
gogo fukashi","To the second floor,
ants have climbed —
late afternoon.",加藤秋邨,Kato Shuuson,1905 - 1993,Summer,蟻 Ari — Ants [Summer / Dobutsu],,,,,,,,,,,,,,,,,,,,,,3
Modern,蟻の列　しづかに蝶を　うかべたる,"Ari no retsu
shizuka ni cho wo
ukabetaru","The row of ants —
quietly, a butterfly
afloat.",篠原梵,Shinohara Bon,1910 - 1975,Summer,蟻 Ari — Ants [Summer / Dobutsu],,,,,,,,,,,,,,,,,,,,,,4
Modern,なめくぢの　左曲りと　右曲り,"Namekuji no
hidari magari to
migi magari","The slug's
left turn and
right turn.",高野素十,Takano Suju,1893-1976,Summer,蛞蝓 Namekuji — Slug [Summer / Dobutsu],,,,,,,,,,,,,,,,,,,,,,3
Modern,なめくぢり　身を絞りつつ　起き返り,"Namekujiri
mi wo shibori tsutsu
okikaeri","The slug,
wringing its body,
gets up.",野見山朱鳥,Nomiyama Shuccho,,Summer,蛞蝓 Namekuji — Slug [Summer / Dobutsu],,,,,,,,,,,,,,,,,,,,,,4
Modern,かたつむり　老いて眠りを　大切に,"Katatsumuri
oite nemuri wo
taisetsu ni","The snail,
growing old, takes a
lot of sleep.",長谷川双魚,Hasegawa Sogyo,,Summer,蝸牛 Katatsumuri — Snail [Summer / Dobutsu],,,,,,,,,,,,,,,,,,,,,,4
Modern,余花に逢ふ　再び逢ひし　人のごと,"Yoka ni au
futatabi aishi
hito no goto","To meet remnants of
flowers: like meeting
someone again.",高浜虚子,Takahama Kyoshi,1874―1959,Summer,余花 Yoka — Remnants of Flowers [Summer / Shokubutsu],,,,,,,,,,,,,,,,,,,,,,2
Modern,一電車　早きばかりに　余花暮れず,"Hito densha
hayoki bakari ni
yoka kurezu","One tram sooner,
it wouldn't have dusked on
the remnants of flowers.",中村汀女,Nakamura Teijo,1900 - 1988,Summer,余花 Yoka — Remnants of Flowers [Summer / Shokubutsu],,,,,,,,,,,,,,,,,,,,,,3
Modern,傘の内　随きくる鹿や　余花の雨,"Kasa no uchi
tsuki kuru shika ya
yoka no ame","Under the umbrella
a deer comes trailing —
rain on flower remnants.",橋本鶏二,Hashimoto Keiji,1907 - 1997,Summer,余花 Yoka — Remnants of Flowers [Summer / Shokubutsu],,,,,,,,,,,,,,,,,,,,,,4
Modern,夕風や　白薔薇の花　皆動く,"Yu kaze ya
shiro bara no hana
mina ugoku","An evening breeze —
the white roses
all sway.",正岡子規,Masaoka Shiki,1864―1902,Summer,薔薇 Bara — Rose [Summer / Shokubutsu],,,,,,,,,,,,,,,,,,,,,,2
Modern,見るうちに　薔薇たわたわと　散り積る,"Miru uchi ni
bara tawatawa to
chiri tsumoru","While gazing,
the rose crumbled
into a pile.",高浜虚子,Takahama Kyoshi,1874―1959,Summer,薔薇 Bara — Rose [Summer / Shokubutsu],,,,,,,,,,,,,,,,,,,,,,3
Modern,ばら展の　ばら競ひつつ　萎えてゆく,"Bara ten no
bara kisoi tsutsu
naete yuku","The roses
of a rose exhibit vie,
as they wither.",山口波津女,Yamaguchi Hatsujo,1907 - 1969,Summer,薔薇 Bara — Rose [Summer / Shokubutsu],,,,,,,,,,,,,,,,,,,,,,4
Modern,石楠花に　碁の音響く　山深し,"Shakunage ni
go no oto hibiku
yama fukashi","Among rhododendrons,
the echoes of ""go"" —
the mountain is deep.",高浜虚子,Takahama Kyoshi,1874―1959,Summer,石楠花 Shakunage — Rhododendron [Summer / Shokubutsu],,,,,,,,,,,,,,,,,,,,,,1
Modern,石楠花に　躍りゆく瀬や　室生川,"Shakunage ni
odori yuku se ya
Murogawa","By rhododendrons
dancing rapids flow —
Muro river.",水原秋桜子,Mizuhara Shuoshi,1892 - 1981,Summer,石楠花 Shakunage — Rhododendron [Summer / Shokubutsu],,,,,,,,,,,,,,,,,,,,,,2
Modern,石楠花を　隠さう雲の　急にして,"Shakunage wo
kakuso kumo no
kyu ni shite","Rhododendrons
will be hidden! The clouds,
so swift.",阿波野青畝,Awano Seiho,1899―1992,Summer,石楠花 Shakunage — Rhododendron [Summer / Shokubutsu],,,,,,,,,,,,,,,,,,,,,,3
Modern,石楠花の　夕明りして　われ立てり,"Shakunage no
yu akari shite
ware tateri","In rhododendrons'
evening glow
I stood.",高浜年尾,Takahama Toshio,1900 - 1979,Summer,石楠花 Shakunage — Rhododendron [Summer / Shokubutsu],,,,,,,,,,,,,,,,,,,,,,4
Modern,橘の　花や　したがふ　葉三枚,"Tachibana no
hana ya shitagai
ha san mai","A citrus
flower — and three leaves
that seem to follow it.",星野立子,Hoshino Tatsuko,1903－1984,Summer,花橘 Hana tachibana — Citrus Flower [Summer / Shokubutsu],,,,,,,,,,,,,,,,,,,,,,4
Modern,紫陽花や　白よりいでし　浅みどり,"Ajisai ya
shiro yori ideshi
asa midori","Hydrangeas —
from white came
pale green.",渡辺水巴,Watanabe Suika,1882 - 1946,Summer,紫陽花 Ajisai — Hydrangea [Summer / Shokubutsu],,,,,,,,,,,,,,,,,,,,,,4
Modern,谷坊を呼ぶ峰坊や　夏木立,"Tani bo wo
yobu mine bo ya
natsu kodachi","A valley monk
being called by a peaks monk;
summer grove.",菅野師竹,Sugano Shichikee,,Summer,夏木立 Natsu kodachi — Summer Grove [Summer / Shokubutsu],,,,,,,,,,,,,,,,,,,,,,4
Modern,灯ともせば　雨音　わたる　茂りかな,"Hi tomoseba
amaoto wataru
shigeri kana","A light put on,
the sound of rain across
luxuriant growth.",角川源義,Kadokawa Genyoshi,1917 - 1975,Summer,茂 Shigeri — Luxuriant Growth [Summer / Shokubutsu],,,,,,,,,,,,,,,,,,,,,,4
Modern,木の闇を　音なくて出づ　揚羽蝶,"Ko no yami wo
oto nakute izu
agebacho","Out of the trees'
darkness, silently,
a swallow-tail butterfly.",山口誓子,Yamaguchi Seishi,1901 - 1994,Summer,木下闇 Ko no shita yami — Under-Trees Darkness [Summer / Shokubutsu],,,,,,,,,,,,,,,,,,,,,,4
Modern,若楓　縁の障子を　外しけり,"Waka kaede
en no shoji wo
hazushi keri","Young maple leaves —
the veranda's paper doors,
removed.",佐藤紅緑,Sato Koroku,1874 - 1949,Summer,若楓 Waka kaede — Young Maple Leaves [Summer / Shokubutsu],,,,,,,,,,,,,,,,,,,,,,2
Modern,若楓　枝を平らに　うち重ね,"Waka kaede
eda wo taira ni
uchi kasane","Young maple leaves —
their level boughs,
one over the other.",富安風生,Tomiyasu Fusei,1885 – 1979,Summer,若楓 Waka kaede — Young Maple Leaves [Summer / Shokubutsu],,,,,,,,,,,,,,,,,,,,,,4
Modern,山蛙　常緑木落葉　時らず,"Yama kawazu
tokiwagi ochiba
toki shirazu","Mountain frog —
evergreens' leaves fall
at any moment.",臼田亜浪,Usuda Aro,1879 - 1951,Summer,常緑木落葉 Tokiwagi ochiba — Evergreens' Fallen Leaves [Summer / Shokubutsu],,,,,,,,,,,,,,,,,,,,,,2
Modern,旧道は　杉の落葉の　箱根かな,"Kyudo wa
sugi no ochiba no
Hakone kana","The old road,
with fallen cedar leaves,
Hakone.",木下一静,Kinoshita Issei,,Summer,常緑木落葉 Tokiwagi ochiba — Evergreens' Fallen Leaves [Summer / Shokubutsu],,,,,,,,,,,,,,,,,,,,,,3
Modern,夏落葉　深く沈みて　露天風呂,"Natsu ochiba
fukaku shizumite
rotenburo","Summer fallen leaves
sinking deeply,
outdoor hot spring.",桂信子,Katsura Nobuko,1914 - 2004,Summer,常緑木落葉 Tokiwagi ochiba — Evergreens' Fallen Leaves [Summer / Shokubutsu],,,,,,,,,,,,,,,,,,,,,,4
Modern,野いばらの　あをむと見しや　花つぼみ,"No ibara no
aomu to mishi ya
hana tsubomi","As the field rose
bush turned green,
buds appeared.",飯田蛇笏,Iida Dakotsu,1885―1962,Summer,茨の花 Ibara no hana — Field Rose [Summer / Shokubutsu],,,,,,,,,,,,,,,,,,,,,,4
Modern,若竹や　鞭のごとくに　五六本,"Wakatake ya
muchi no gotoku ni
go-roppon","Young bamboo —
like whips, five or
six of them.",川端茅舎,Kawabata Bosha,1897 - 1941,Summer,若竹 Waketake — Young Bamboo [Summer / Shokubutsu],,,,,,,,,,,,,,,,,,,,,,3
Modern,禅堂の　ぐるりの闇の　今年竹,"Zendo no
gururi no yami no
kotoshi dake","The darkness
around a Zen hall —
this year's bamboo.",中川宋淵,Nakagawa Soen,,Summer,若竹 Waketake — Young Bamboo [Summer / Shokubutsu],,,,,,,,,,,,,,,,,,,,,,4
Modern,白芥子や　どこに火を焚く　藁灰どり,"Shira geshi ya
doko ni hi wo taku
wara bokori","White poppies —
where is the bonfire?
Straw ash.",山内時雨,Yamauchi Shigure,,Summer,罌粟の花 Keshi no hana — Poppy Flowers [Summer / Shokubutsu],,,,,,,,,,,,,,,,,,,,,,4
Modern,野の池や　葉ばかり伸びし　杜若,"No no ike ya
ha bakari nobishi
kakitsubata","A field pond —
only the leaves have grown,
flower de luce.",泉鏡花,Izumi Kyoka,1873 - 1939,Summer,杜若 Kakitsubata — Flower De Luce [Summer / Shokubutsu],,,,,,,,,,,,,,,,,,,,,,2
Modern,戸を開けて　又寝る雨の　杜若,"To wo akete
mata neru ame no
kakitsubata","Open the door,
go back to bed — Rain on
flowers de luce.",石島雉子郎,Shijima Kijiro,,Summer,杜若 Kakitsubata — Flower De Luce [Summer / Shokubutsu],,,,,,,,,,,,,,,,,,,,,,3
Modern,杜若　までの　寂しさ消えにけり,"Kakitsubata
made no sabishisa
kie ni keri","The loneliness
on the way to flowers de luce
vanished.",永田耕衣,Nagata Koi,1900 - 1997,Summer,杜若 Kakitsubata — Flower De Luce [Summer / Shokubutsu],,,,,,,,,,,,,,,,,,,,,,4
Modern,富士は雲に　沈みあやめは　濃紫,"Fuji wa kumo ni
shizumi ayame wa
ko murasaki","Mt. Fuji sunk in
clouds, the blue flags —
dark purple.",渡辺水巴,Watanabe Suike,1882 - 1946,Summer,あやめ Ayame — Blue Flag [Summer / Shokubutsu],,,,,,,,,,,,,,,,,,,,,,2
Modern,野あやめの　離れては濃く　群れて淡し,"No ayame no
hanarete wa koka
murete awashi","Field blue flags —
when apart, dark,
in groups, faint.",水原秋桜子,Mizuhara Shuoshi,1892 - 1981,Summer,あやめ Ayame — Blue Flag [Summer / Shokubutsu],,,,,,,,,,,,,,,,,,,,,,3
Modern,一人立ち　一人かがめる　あやめかな,"Hitori tachi
hitori kagameru
ayame kana","One person stands,
another bends over
the blue flag.",野村泊月,Nomure Hakugetsu,,Summer,あやめ Ayame — Blue Flag [Summer / Shokubutsu],,,,,,,,,,,,,,,,,,,,,,4
Modern,夜蛙の　声となりゆく　菖蒲かな,"Yo gaeru no
koe to nari yuku
shobu kana","A night
frog voices begin,
among acorus.",水原秋桜子,Mizuhara Shuoshi,1892 - 1981,Summer,菖蒲 Shobu — Acorus [Summer / Shokubutsu],,,,,,,,,,,,,,,,,,,,,,4
Modern,鴨の子を盥に飼ふや　銭葵,"Kamo no ko wo
tarai ni kau ya
zeni aoi","Ducklings
being raised in a tub —
coin hollyhocks.",正岡子規,Masaoka Shiki,1864―1902,Summer,葵 Aoi — Hollyhock [Summer / Shokubutsu],,,,,,,,,,,,,,,,,,,,,,1
Modern,立葵　咲き終りたる　高さかな,"Tachi aoi
saki owaritaru
takasa kana","Standing hollyhocks
all come to bloom,
how tall!",高野素十,Takano Suju,1893-1976,Summer,葵 Aoi — Hollyhock [Summer / Shokubutsu],,,,,,,,,,,,,,,,,,,,,,2
Modern,三方に　蝶のわかれし　立葵,"Sanbo ni
cho no wakare shi
tachi aoi","In three directions
the butterflies parted,
standing hollyhocks.",中村汀女,Nakamura Teijo,1900 - 1988,Summer,葵 Aoi — Hollyhock [Summer / Shokubutsu],,,,,,,,,,,,,,,,,,,,,,4
Modern,向日葵は　月光に堪へぬ　花をなる,"Himawari wa
gekko ni taemu
hana wo naru","The sunflower —
now a flower that
can't bear the moonlight.",朝生堀成人,Asogi Kajiro,,Summer,向日葵 Himawari — Sunflower [Summer / Shokubutsu],,,,,,,,,,,,,,,,,,,,,,1
Modern,向日葵の　影引きずりて　日が疲る,"Himawari no
kage hikizurite
hi ga tsukaru","Dragging the
sunflower's shadow along,
the sun, exhausted.",佐野まもる,Sano Mamoru,,Summer,向日葵 Himawari — Sunflower [Summer / Shokubutsu],,,,,,,,,,,,,,,,,,,,,,2
Modern,向日葵に　剣の如き　レールかな,"Himawari ni
tsurugi no gotoki
reru kana","By sunflowers,
the rail is
like a sword.",松本たかし,Matsumoto Takashi,1906 - 1956,Summer,向日葵 Himawari — Sunflower [Summer / Shokubutsu],,,,,,,,,,,,,,,,,,,,,,3
Modern,向日葵の　大声で立つ　枯れても尚,"Himawari no
ogoe de tatsu
karete nao","The sunflower
stands with a loud voice,
likewise when withered.",秋元不死男,Akimoto Fujio,1901 - 1977,Summer,向日葵 Himawari — Sunflower [Summer / Shokubutsu],,,,,,,,,,,,,,,,,,,,,,4
Modern,睡蓮は　みな花閉つ　宵の星,"Suiren wa
mina hana tojitsu
yoi no hoshi","The water lilies
have all closed up,
evening stars.",青木月斗,Aoki Getto,1879 - 1949,Summer,睡蓮 Suiren — Water Lily [Summer / Shokubutsu],,,,,,,,,,,,,,,,,,,,,,1
Modern,睡蓮の　隙間の水は　雨の文,"Suiren no
sukima no mizu wa
ame no aye","Water lilies —
on the water between them,
rain patterns.",富安風生,Tomiyasu Fusei,1885 – 1979,Summer,睡蓮 Suiren — Water Lily [Summer / Shokubutsu],,,,,,,,,,,,,,,,,,,,,,2
Modern,睡蓮の　こそり　しりぞく　風のあり,"Suiren no
kosori shirizoku
kaze no ari","The water lilies
slide backwards
at the wind.",鈴鹿野風呂,Suzuka Nofuro,1887 - 1971,Summer,睡蓮 Suiren — Water Lily [Summer / Shokubutsu],,,,,,,,,,,,,,,,,,,,,,3
Modern,睡蓮や　鯉の分けゆく　花二つ,"Suiren ya
koi no wake yuku
hana futatsu","Water lilies —
a carp makes way
between two flowers.",松本たかし,Matsumoto Takashi,1906 - 1956,Summer,睡蓮 Suiren — Water Lily [Summer / Shokubutsu],,,,,,,,,,,,,,,,,,,,,,4
